PC1,PC2,PC3,PC4,PC5,PC6,PC7,PC8,PC9,PC10,PC11,PC12,PC13,PC14,PC15,PC16,PC17,PC18,PC19,PC20,PC21,PC22,PC23,PC24,PC25,PC26,PC27,PC28,PC29,PC30,PC31,PC32,PC33,PC34,PC35,PC36,PC37,PC38,PC39,PC40,PC41,PC42,PC43,PC44,PC45,PC46,PC47,PC48,PC49,PC50,yield.mean
1.7148968438747414,8.62848130176751,6.638616608511736,-0.310083963881636,0.41702905159322956,2.9550925289786107,-0.860662423110542,0.7771800729419687,-0.7274223684775042,-0.16992153854520234,-0.03866237376266397,-0.5048713266775556,-0.3303110294738035,0.4348653462467178,1.0627411000329539,-1.592960894201213,-0.3814930709684563,0.009227132418896177,-1.0876001890834108,0.4846116365781391,-0.2885402036666947,0.11469007279271405,-0.03239978991625698,-0.8747581794307627,0.003469730876690477,0.07447705318576522,0.3540598258293589,-0.5956132410653039,-0.9478914266397918,-0.13870332230716062,-0.07962171204899963,-0.1397882632249236,0.43448855847169143,0.1996226206891996,-0.36253860777065905,-0.41232505819723575,0.05116314448147571,-0.013041996849062763,0.1505713587888943,0.0803994841530617,-0.03147190745506447,0.0026896699977829956,0.16755965260994987,-0.08678866912541702,-0.034838815966960784,-2.1137133006970745e-14,-4.3213060095342653e-16,-2.122755455173337e-14,-1.423564922561577e-14,-2.100688642089774e-14,20.5555555555555
1.0215934788958057,10.665171881207078,6.3197831168380425,0.41471946408887583,2.740755843111044,1.65017756155909,0.16582118798799192,3.7417002271522777,-0.44195538771306514,0.49224635911377373,1.0070571691776573,-1.402884794332019,0.1399738843886645,-0.5145226969601976,0.7566607902417032,-1.522155211885443,0.19462423234306434,-0.07370959050830803,0.7243958129250758,0.21880361006146762,0.030386408648373716,-0.1088974341451851,-0.2175605268072939,0.2842531281852547,-0.6453601408779913,-0.17787463278186044,0.907904227126781,0.10128873180084788,0.7442242251753339,0.4579460516774243,0.12372018103218893,0.00823105570912655,0.07643517661200666,-0.23087632157507743,-0.08231112247618194,-0.22679033638892987,0.10630830077820129,-0.1299028252729638,-0.060879134470889336,-0.25334545355776344,0.08627721360789088,0.0386209117677511,0.1351188652718398,-0.05932753035197251,0.015297297644068758,-2.121556507375053e-15,-5.3255559256673405e-15,-3.531617252115052e-15,7.330919852298374e-15,-3.183351396284626e-15,28.4555555555556
4.865708158835724,3.3535981935251593,0.8888947821912965,4.166996087055229,-0.23500208004232445,-2.2386190947745948,-4.729556056517161,-1.2532979728786977,6.130986031797493,1.8264364282102923,2.17769706291251,4.841133928385927,2.3679779747927086,1.240837410660655,-1.8674273473206116,-0.09215185816923856,-1.3708634934938326,-0.3658109040027133,-1.2847606631981459,-0.9773530082182443,-0.8714621189760725,1.5969218351822152,0.06985445636105271,1.3181709848660939,-0.08988212033400302,-0.1518373458957866,0.48879898305587627,-0.16983352368971888,-0.044963241637789884,-0.8591350285936687,0.3251259254792363,0.12220040005021172,-0.1366841225892567,-0.1389427949442682,-0.20411198046599105,-0.1321690803490916,0.2657139813139621,0.22324262065168582,-0.0009193778283718544,0.2734267739631076,0.038155454099501065,-0.12439472368795657,0.03346550181365939,-0.12130201248062988,-0.023431024145660513,4.800385005549877e-15,1.429569252243558e-14,1.0061030828791258e-14,-2.3197861369722072e-14,1.5357799343840606e-14,17.6611111111111
-1.616447708564089,6.150957259499525,-0.3444774004217577,-1.0716906906938581,-2.1526790046024415,0.12054167356984008,-4.672286723019274,-0.6107399398966946,-0.10693933967618002,1.729132334263727,-0.38170420937418764,-0.11719601242498343,0.2907702178783384,1.3040267331955226,-0.791279194152455,1.2159981790046461,-1.0374593168416868,-0.1588560000766282,-0.03170325000525107,0.27918351361917404,1.90688483130196,0.3329005441255137,-1.5816224163599109,0.7529834256015308,-0.006868614211900823,-1.0946945162055384,-0.7054888844514473,0.44109341127808077,-0.30582657116404066,0.5192941676331844,-0.15188022772890666,0.035956327659338747,-0.6374221658832832,-0.9358201299482345,-0.10505655546912546,-0.2111303015472991,0.013484732815076127,0.024438978378813894,-0.1754091724964546,-0.02357149557183623,0.26617277063919437,-0.04481294206415406,0.1071711749067337,-0.06017553230024441,0.015703545664228116,1.18891940713317e-14,-3.795188707180184e-14,-1.681011860576108e-14,1.9178400090901424e-14,-9.794434515819056e-15,10.0
-0.04568350183866095,10.436148976653527,4.0046470248895245,0.8874404321553319,1.135499866801512,1.814611820765228,-0.5845059956856702,2.8299015213391416,-0.8249419789975826,-0.9241376764698057,2.437348182495637,-1.5956023614787855,-0.26010946992189915,0.31689495260269146,0.5504569482995391,-0.7892651434754964,-1.4569518203328216,-0.31979712906585295,0.65417769175219,-0.09621255653951565,-0.27500954496436814,-0.13291539668831756,0.2768563762002702,0.18503048488354323,-0.5077569273147012,-0.44017955045463586,0.8708529586623026,0.14549439336605127,1.2922397622154045,0.30903669056140687,0.15257168981218214,0.061012741594090265,-0.020777055817372967,0.1550394153089969,-0.025306248478872462,-0.1472793278731912,-0.1714450500640184,0.32494267750714795,-0.026261946381960267,-0.03325340836605457,0.2701381502166507,0.028693030795566742,0.09299325196724831,-0.12767655198482078,0.013602253207369108,9.856410647801231e-15,-2.6633703899683927e-14,2.6367115612180796e-15,4.135601877682396e-15,-1.5010970743616003e-15,18.3777777777778
0.6997741986957209,11.154165411123776,7.232270620714489,-1.0970049484017308,1.6869769949267703,1.37100399129967,1.5669975258924198,1.8660059583670048,-0.5591775944581917,0.017928310106351746,1.4497977448021233,-0.9637032675125854,-1.5434685029671147,-0.3640928698574394,0.14835700024354334,0.49077555432770686,-0.3785963454104845,-1.4631038803703513,1.0108152030423758,0.9115264870774856,1.2393675335665588,1.4410911625024379,-0.8348575977081236,0.8464360528659802,-0.26004850959336284,0.49278257113280977,-0.08388129890571829,0.27784132448319726,-0.7967815541917209,-0.19527816869592074,-0.3331905788531699,-0.1590908036976548,0.23508352256430587,0.3819415880568869,0.00993532431896363,0.0388987654976373,-0.2806719657856574,-0.05214632864107822,0.027857058255326774,0.1634648862830167,-0.3278911179888229,-0.053607602770698225,0.06555986734907439,0.15757446089824426,0.058925657529954954,2.4573295840670076e-15,-3.141132241712541e-14,-1.4529345466071588e-14,2.0383350283596266e-14,2.96717644376836e-14,18.3333333333333
0.958406239634341,10.035386053799325,6.635978448152782,-0.521164350668509,1.0604660437812619,2.108266241409437,-0.09460157867012244,1.5329680363018356,-0.9235939899819193,0.3734187441352606,0.04548852193867054,-0.4560312125111353,-0.45771866887831364,-0.5146256982570748,1.2961100399802112,-1.71003215134694,-0.6893865608672357,1.003073979029981,0.3020076301608581,-0.11946472746224714,0.04863332969765516,0.57420386393326,0.13615166807086787,-0.5383223835274085,0.1362164690609314,0.08272163567079618,0.2789592604464112,-0.17335618717844933,-0.9960655416450338,-0.06044064133603243,0.014294007412009414,-0.254883465729394,0.5641460192599674,0.1849183629929513,-0.20130172230496063,-0.2798559596199903,0.05584752319365524,-0.12515916340747524,0.04014052933426842,0.011444492470061064,0.028265723287011917,0.01701221182801283,0.11552091217825514,-0.06194382388432207,-0.03178060673540698,-1.884455850964609e-14,1.8827582211886916e-14,-9.339241590046799e-15,-1.9887549642478062e-14,-1.899788250755225e-14,21.4555555555555
2.843251127687948,5.202702727934344,5.371232720935932,-1.5780340966400412,-0.8681061787463857,1.0630203249295223,-2.0050236911250607,-0.27184827230356307,0.08378858717873859,-0.039254980037072534,0.3921248626786705,-0.025009974797110642,-0.40930045039591717,-0.038179969411946596,-1.0412480831292454,2.8564494439379047,0.06687911442043892,1.4870760405320238,1.0655839826271993,-0.5577732282826342,0.9597269254814564,0.4390950596838148,-1.5368626840825204,0.3494981816386687,0.003760547586139419,0.4513858862331356,-0.15001283653510555,0.40882050775502043,-1.0394957301791965,-0.2877312590230701,0.17927683936817917,0.09599904104663003,-0.01470410504223527,-0.1784173604775115,-0.06549473423040672,0.1585135828056959,-0.07758063457961545,0.16460982215512632,-0.0599137690372271,0.13767970996425782,-0.07388326624221843,-0.03025969422465531,-0.16605159665131752,9.263516054446358e-05,0.05823742409746821,2.1933025056877337e-14,-8.930215491176197e-15,1.611436587435435e-14,5.708539338627509e-15,2.9331965061442577e-14,10.0
1.571738575939677,8.702095380031956,4.140662698238056,-0.16115317009116017,-0.8703473084207659,1.0491431268832079,-0.5410571319683002,-1.2088944267924444,-1.1303736552988972,1.3388467060249074,0.4695249741809424,-0.41822591305315665,-1.4482471547819908,0.882453538811151,-0.44104739883152855,0.35010881929665333,-1.0651423679179253,0.39131788084181474,-1.2145269675150252,-0.4065011553791381,-0.10967963234379415,0.14594791200993232,-0.24112136605679144,-1.6181446750708766,0.44101915107599104,-1.1722302726880927,1.384910862750464,-0.9421490577187911,-0.2511145513736555,0.3091718459366922,-0.0018387618583780815,0.10192662091408572,-0.38025191839133393,-0.5245128278984249,0.3711011980267414,-0.03691186511551134,-0.3839018564129085,0.020453440013630867,-0.31016837229912525,0.11251838951227595,0.10313048370396224,-0.15057769813042376,0.12652993389832823,-0.015315000047013673,-0.06274652409955767,-2.2048973482625876e-15,4.500835535121694e-14,-9.87823772581859e-15,-2.675173118657237e-14,1.8255031222386094e-15,10.2833333333333
2.310630268893097,3.1524957501922715,1.346308888676733,-0.24463532360309148,-1.0890155598538436,0.05328392288265188,-4.0408533256319,-1.412966698284232,0.6233430986851588,0.4946422931603482,0.05920041162596908,0.5922675501745754,-0.2841077648063277,0.517570011412451,-1.2966877999546607,0.909383774297408,0.7732485233772141,0.1879309693000247,0.09975470656414587,-0.5044103881663085,-1.0141263548444783,-0.37976889540639247,-0.3267060621075638,0.6319104874363788,0.15262049251775944,-0.6434465972345894,-0.22253504356414366,-0.2216329532411939,-0.04077129218444047,-0.47039742964950076,0.28672805024872927,0.40498461944491926,0.3133366071402187,-0.2033779392896865,-0.3126517887861043,-0.017244282376447664,0.3301468149019387,0.20315170976521466,-0.3733192611422794,0.22874419968773368,-0.09025675768661966,0.1303496372341448,0.09357611353333342,-0.11102643501327046,-0.024399680100943465,-1.8703970197376987e-14,1.0925947685071411e-14,-1.3708611506317004e-14,-2.2573723130006342e-15,-1.0148641524374396e-14,11.9944444444444
-1.6105696596822927,8.255030025190083,2.6711797744881354,-0.1435561510775681,3.8761724439347662,-1.935237215001752,0.36678306141187866,-2.263781058424972,1.9455292039148213,2.485530135099606,2.314302477412613,2.527992985053032,-1.433245168449218,-0.2817418463713509,-1.5049436735723885,-1.226902690545851,-1.8899308242777988,0.15077266953264723,1.531093734646726,0.6657566776152384,-0.6502696667675704,0.3863431936924207,-0.5535697062573955,-0.4283122877492906,0.2017230025157478,0.4711587233603816,-0.566527356436021,0.269722627390337,0.30622243600255633,-0.46003264887484463,0.15667790116880806,-0.019528677169247083,-0.36980109160003133,-0.005085555092134159,0.046423626406026035,-0.08268786169635815,-0.14222235707961803,0.2214083557279297,0.3587172451936933,-0.03248321418638873,0.08071446546838683,0.0868771304357417,-0.040900984641589026,-0.07020756577631336,0.005791302372358953,-8.249920000804837e-15,-4.547222300021058e-16,-1.4363807787759109e-15,1.117847639035244e-14,-2.0598381043271722e-14,10.0
0.6192273687633858,10.57618668921623,6.761179854579974,-0.7521993540305746,1.8000690175612897,2.223354721584414,0.30304331345218577,1.5647438808481735,-0.5029185752179521,-0.5894240201973617,1.2343339602189296,-0.9217246799937495,-0.6976285256205325,-0.37648795726734713,0.8370441322866728,-0.6702873393114346,0.4102067274906188,-0.008034207404350114,0.5973700245580009,0.12822969485373692,0.7308387261284326,0.9665643515820272,0.03867865410282774,0.24550148104657343,-0.23011487635408454,0.984400001959019,0.13434050559659846,0.41278803928849644,-0.19876460343221483,-0.3307093282992349,0.05033780916304885,-0.10067503847289798,-0.2680279153422871,-0.2113372863416339,-0.025218204229847135,0.02049770775760065,0.3850658831883454,-0.07465151655468352,-0.051848583366988416,0.06135773734102939,-0.08558879477759138,0.029266008444914022,-0.09830396566307949,0.12557973437147388,-0.008854852708140877,-1.6478320719889464e-14,7.168010133827316e-15,-7.0939672195735324e-15,6.924283202048898e-15,-9.522357188819954e-15,10.8611111111111
-1.1269675976795546,8.493603082520055,1.6959642212297923,0.0025694741358643016,0.10368908010148764,0.7888872921730081,0.6737703600202749,-0.9973228039468633,-0.7877706004275022,1.2633955007636755,0.5415575439315619,0.309902225641864,-1.310459327887395,0.7414862877598114,0.2732827965382975,-1.2488309145130614,-1.5202799906675346,-0.932696833566121,-0.03684126316650663,-0.003784588322491569,-0.9426641648686525,-0.3961997428369791,0.23438910241542377,0.13044692292091944,0.24287191940002123,0.14561680715975,-0.3252124300753737,-0.2351894415013323,-0.2526525975617683,-0.04528723887713468,0.5216594983288448,0.275313380055877,-0.28948745051171765,-0.08366296843205669,-0.0508568072277312,-0.11325223765025642,0.038119226559873445,0.3222714010064886,-0.035434853686327906,0.0011243259904814699,0.044924650700014876,0.061279176147271325,0.020611750531948653,-0.03930930909333396,0.005530655958262272,-8.358472727902159e-15,1.9004653180411965e-14,1.6182953230529551e-15,1.2008382269684974e-15,-1.0198195458571965e-14,10.9388888888889
-0.05987215617651359,11.30774224082866,5.722753975968089,0.19798051316476298,1.8789500703039712,1.8510452231404397,0.45249782780678494,2.1085061073020026,-0.282458915924256,1.6708080144130861,0.39167927692164745,-1.3233738800978387,-0.13131565606495998,0.5424416052125949,0.08884029431930784,-0.3389420955609073,-0.5423459425659409,-1.3601181607671036,0.9223044045055635,-0.005077878922088616,-0.24580526740960823,-0.5362393495929846,-0.5277749427638101,0.9772388879365637,-0.5017815361199833,0.4819626374676772,0.9623966310637965,1.2927678624356942,1.3198373901143698,0.02763758738878276,-0.3804948969611278,0.2525397289014538,0.09466117731357515,0.22078527828567673,-0.06871106914036951,-0.19215549295052184,-0.3679650665134379,-0.22735361573546575,-0.11537215868803939,0.19500168431743786,-0.19295845663796202,0.0009839938111037253,0.04887036653076985,0.07450074788278696,0.04502868010686277,2.7907381702466027e-15,-1.6173820093175027e-14,-6.16938238729757e-16,1.1923309332227212e-14,2.8187591489203242e-14,10.7444444444445
1.3166306578716709,4.642497655824676,3.4648737209031997,-1.9504016319553357,-2.572321049982483,0.6449613209265584,-2.9415359051480494,-1.4030799004840766,-0.10904039798059728,0.4047087979425394,-0.8398400741818902,-0.027316840351714416,0.22631521896441587,0.5247215792825614,0.10670489165049524,2.0569889347749126,-1.0993799525917076,0.7735460152403033,-0.7824550090437933,-1.115692479183444,-0.3263355737060637,0.8451918956799483,-1.0579901228430753,-0.21982653176057135,0.35630717150100877,0.017952555502985287,-1.0580504897664886,0.2904125413046519,0.039602197520795315,-0.25717797088530236,-0.0665487037959758,-0.10701201245673775,-0.115479106557665,-0.3694216764334234,0.0760314667973088,-0.19490875555334478,0.23320700510428097,0.16661010370692958,0.030229013041491625,0.05715630109072124,0.14209484351977072,0.026395360690840867,0.2081903844079188,-0.09369460776290342,0.01587637589252807,-1.0955719261320153e-14,-1.5444652871908244e-14,-1.1566829523664803e-14,1.0953811883663439e-14,-2.382580571482285e-14,4.72222222222222
-1.2498289184359765,8.373926728473478,1.8127116939124077,1.2338730962061042,2.958131946492864,-0.22744188452796732,1.2652588447377626,-1.338749147942714,-0.7910662832067991,1.4165545269852218,1.4753188450688302,-0.1653853779238904,-1.5197433311198139,0.44375073334378884,-0.9741326830966753,0.630350454727251,-0.890168332335248,-1.4278625434146974,0.8828489857768659,0.8707755955845287,-0.7970862655606683,-0.5234790337516173,-1.2990994971638483,0.6436490986694983,-0.4067323445212994,0.18909089390651465,-0.4127024239615407,0.17422872196509642,0.4104841979619166,-0.21752654956554202,-0.11441788273063634,0.11209593073649878,-0.2018904051845562,-0.05270173486817952,0.17208374490870182,0.13329110464373323,0.018025659419572664,0.1594767839055754,0.15260408971349387,-0.20942086935422546,-0.02028993035508201,0.07003200369809323,0.09682990241207316,-0.08357045575659759,0.009259132168613014,-4.632817503479681e-16,-1.3191501133034075e-14,-2.075505706579863e-15,1.3333180902808085e-14,-4.599114454189826e-15,10.0
0.23840667782602204,11.576383237853213,7.124545680972929,-0.6840788051855189,5.747783361255665,0.20938013816975395,-0.07154103007252503,3.881274930668773,-1.0973128803944066,0.8275804512024125,-0.03613092658082656,-1.0399325279969198,0.3730153075524547,-1.8087743624009553,0.6019121805506905,-1.206209530167495,-0.1700708623989237,-0.08248937412809154,-0.41665606582939546,0.2757014057907528,0.4996227573210404,0.206785911214265,-0.21501693414941592,0.1396872955711444,-0.08930084871949057,0.07326355363205471,-0.01758716407394776,0.27341909984829743,0.3513605985221188,0.17700227878143243,0.07997021548969852,-0.14656818456963075,0.29156393139838815,-0.04169777605510525,-0.14118009176627608,-0.17172661963979696,0.07535989532463641,-0.2883276207713189,-0.15866096303241922,-0.06313866452557391,-0.04853204732073802,-0.09161697739542453,0.1016366500109461,0.030736965538116147,-0.016799695838213315,-1.044209422521182e-15,9.208533937515323e-15,-2.6910291863568834e-15,-1.4043508071659936e-14,3.755261554344046e-15,16.8888888888889
-1.033590767611951,8.670851702350769,0.17132186202915997,2.4974034415706234,1.4214518290094,0.6306283471738279,0.7001812201725711,-0.7770264942207374,-0.021862277595365322,3.4827862157192286,0.07745435851421444,-0.4821019803532988,-1.5004878505141386,1.3418673385169957,-1.0058016561535676,-0.15776496907766913,-0.387858756556527,-2.298501734334944,1.3932987740383083,0.6024673686300821,-1.0588064221058844,-1.2054651146969675,-0.4349371965241096,1.581816940646682,-1.0029159564377215,-0.9035316379258569,0.8471060288701961,-0.021358962194266976,0.12816862934849604,-0.2998259448553531,-0.3046456123562081,0.3063392926155424,-0.17933158118929876,0.5203318728388951,0.5139471523818968,0.5482775245903856,0.8696560885554829,0.11285209792679077,0.14208378221187332,-0.22115705097331187,0.08506846959227185,0.001463378487641325,0.04589717155115518,0.0445663591795112,0.01965896295965279,1.1400911290607744e-14,7.040279504659045e-15,3.059620855819544e-14,2.27400206934104e-15,2.2350612196506676e-14,34.0
0.7951297180878693,10.335445226262136,6.122968026019172,-0.6824459760694556,3.102368223050713,1.4129828838125473,-0.3977228826343771,1.1755023241424734,-0.819287307817963,0.8075728043058356,-0.300747309574456,-0.18373728149624494,-0.6618883263059043,-1.3307916711953498,0.7154291277481396,-0.4295925243721572,-0.6776395326425455,0.5297050577093202,-0.7278898911807632,0.13397715182097145,0.09017322283618666,0.37522204560044936,0.681464309401029,-0.7636349093724585,0.0569780813557576,0.31475363582985083,0.2535864589789121,0.15065109967783452,0.46874884170487696,-0.1804099220842229,0.32426278910864287,-0.09074282088864535,-0.09195628394363246,0.018610639330674025,-0.15887712600520698,0.04243637663959372,0.2302512191083878,-0.29513509490680184,0.18871243812628108,0.33204812881065116,0.04326800499583893,-0.02829859034974009,-0.010323526725509674,-0.05994254141678066,0.0039027266216573216,2.2154699775522093e-15,1.6266184310564266e-14,8.357793199064438e-15,-7.14146819994256e-15,1.3518643416110783e-14,12.9277777777778
1.5468990366695305,3.844808151004008,0.08982519328810969,-0.502855223701494,-1.82449801842843,0.07777544304891434,-5.176824859614977,-1.244920495343052,-0.007964209389033156,1.167653532591448,-0.3903599559275646,-0.010278426739386557,0.35603995889540163,1.5805739832591061,-0.9200161348770202,0.9100567115847812,0.47228600991000314,-0.09109018339719789,0.2517848134985205,-0.8341387627434066,-0.7238140808010683,-1.2555522445711536,-0.4538482623411177,-0.1762110192336725,-0.48412982169438357,-0.9545463098679946,0.08957446609986705,0.404337820459596,0.4259077632663928,-0.14133779311393127,-0.10698183491776346,0.5452463212719504,0.2741420930747833,-0.26017519885015605,-0.22985861889739798,0.24332072394106935,0.5796643642409913,0.0671910720295588,-0.23277753852376956,0.26945480098854757,0.052311132956447404,0.0953890572012876,0.13005272064383214,-0.11475285299429458,0.004665858585769488,-5.339307530144176e-15,1.2111608025057232e-14,2.8765625711328175e-15,-4.395478686481707e-17,2.3566030570236916e-15,10.0
-1.5422167472358546,7.083386320533306,0.7208276818849072,-0.529155175266511,0.06528866405677063,0.3967459655736233,-1.4442301181822537,-2.9295328705726744,-0.20515803210018496,1.613690454034804,0.6118694248555868,0.13925401086800887,-1.9748606851840942,0.3481918393086165,0.6435283189480951,-0.7071828358909863,0.12204746647788943,-1.6953187886971977,0.7701022743736301,1.059370638339082,-0.6459325444927311,0.08829785480809209,0.9539102098976122,-0.5243697695926715,0.213943725521721,-0.05861311997528172,-0.5489903621851885,-0.9278087695153512,-0.3622097340430848,-0.08591248913331861,0.9389967965088454,0.547151460989161,-0.11222892090800526,-0.062135126206607,0.045474827852981105,0.26663484431900536,0.15294123257456674,0.6215809526611361,-0.37636223230996424,-0.07862295175734794,0.15356261508859564,0.07992571140736061,-0.0769259467104132,-0.10717656208509509,0.006501266112586348,1.560348764799182e-14,-2.879925162390228e-14,1.0074153545005613e-14,6.37318081809579e-15,1.3471524506236892e-15,13.7777777777778
2.2162701574026387,4.56967813126166,3.9954402140494976,-0.6814915827235143,-1.783945961152041,1.513591683261787,-2.484894875256339,-1.9916741502796067,-0.13838056606928595,1.5614305475115644,-1.5071785257512529,0.6406652232208021,-0.6239052232362498,1.117438144122932,-1.9044715083132058,2.7134423013167366,-0.32366741270138866,0.3226884917585627,-0.5081670979599936,-1.128837348398186,0.14069187504755248,-0.321577149880908,-1.0164483647510214,0.3799310952509732,-0.06793524198093737,0.3455188952592473,0.0622085643940875,1.0674809029236256,0.1729513024703411,-0.4295102331933857,-0.05023593820763815,0.27918639842798154,0.20633416636802643,-0.012483620105449502,0.17858199139683212,0.07202555336011054,-0.10127445100922348,-0.21449758383817646,0.07232842720953886,0.41604012927148815,-0.0863208412774032,0.03237984368253271,-0.06817680009120373,-0.015266950943922926,-0.01291891574877736,-4.580496416061644e-15,6.660908823687157e-15,4.425186893768041e-15,-9.782571467869136e-15,1.0419423820255474e-14,8.95555555555555
2.948106876467183,4.542484525108203,2.9349108101686423,0.23259044586430414,-1.7366915529994105,1.260660108622447,-3.2028430355959205,-1.4782645003531119,-0.2296374357871633,1.1415474844396567,-1.36847936679435,0.9619365504220626,-0.7669645484158907,1.0456254492134003,-1.854670653690102,2.4334956052102643,-0.42982970086498423,0.2561386130224824,-1.0900461111345365,-1.1189816582567222,0.0895163798235872,-0.3190279366298389,-0.666814006130873,-0.05817113546048029,-0.09210904389898185,-0.17395247706079842,0.2467184330628185,0.8450762513181849,0.30796829694519884,-0.192837558725202,0.07280222790881585,0.35883205446233124,0.08304165045880192,-0.315888134268329,0.3763123044486025,-0.10412653833989269,-0.1598978181167909,-0.11276135991861465,-0.1455804881250709,0.29549504667392607,-0.12181403543500355,0.006845629295940847,-0.005516582317487837,-0.05442857147601077,-0.039437974214721755,-5.975450401380111e-15,1.3800726616611251e-14,6.11389460024013e-16,-1.9700281799721662e-14,2.5438224745886086e-15,10.0
1.2496548580889837,8.506418123375719,3.9118063155199603,-1.21960671989532,-1.216715261807196,0.8502160725264174,-2.2277186587954474,3.0546554126494225,-0.2128070300792288,-0.43244984574560763,-0.24179546488702106,-0.03144012124437865,-0.589324142881952,-0.8055282466991945,-0.9015081888137847,1.0275836377034995,-0.44352477220768766,1.2049231153482174,-1.4616648147982287,-1.2252584196529441,0.5753633471716331,0.2992859242561414,-1.0891427552591653,0.2450615172413906,0.18211335786485564,-0.4180369363728718,-0.2922950289917842,0.8856852300189846,0.3658786227202579,0.4321152065237502,0.43737389077684297,-0.05259428257746699,0.2047475612983731,0.14061912679261984,0.022790666585172755,-0.14517033323395465,-0.22434289369330518,0.19387294993401696,-0.20989620823367464,0.321724955886407,0.25529049974552076,-0.03943471593612349,-0.025961037700211985,0.029146207991414586,-0.02325420529697997,4.440059245963528e-15,-3.8616359025131906e-14,-1.0110981064306153e-14,-5.355610719343472e-15,-1.1861369188803376e-14,12.4
-0.30207019698572823,6.86467230950494,2.226201527543254,-0.39402406941163776,-0.09431117119722422,1.3754708966836946,0.7323759596822739,-2.272525017559916,-0.8748053595369759,1.2517160357708335,0.08034942899372877,0.23631171297664363,-1.7546358752862243,0.9649550621945832,0.09588147011733607,-0.360529174068733,-0.6088954482007806,-1.4096595136944359,0.18753126871880685,0.7364782950731898,-0.8499440264687061,-0.14060037317838942,0.6155554390705634,-0.006276758984844311,0.3501683674845939,-0.23686188516569598,-0.19748585822369713,-0.6423686817119761,0.01999128085890009,-0.031828712424491076,0.8805459466096136,0.4196263698593558,-0.18772733197832905,0.13600066325646074,-0.2909339721284377,-0.28910550077130737,0.13292921976110791,0.4295787888361948,-0.168267127090964,-0.04626166339832949,0.019248292099185185,0.07926334123026538,-0.12284084360033626,-0.12021315199362706,0.010584330778637017,7.635508294864363e-15,-4.878843512583775e-15,1.547043355322368e-14,-3.281682632141343e-15,8.194161589871745e-16,23.0555555555556
-0.2379739709396536,9.434886113337555,5.381943908910099,0.16381535093729982,3.2448226743485833,1.4608611296395952,-0.37159462863057313,1.690312013500765,-1.365475065689165,-0.25838257426310696,1.4111366759213753,-1.4980777463574582,0.3577609885835263,-0.47836243955663144,0.5395652432166094,-0.4764974074160204,-2.0337729629576735,0.23043408083565217,0.47469570810543205,-0.9530247706589939,-0.14146446050466016,0.6132422153572612,0.6293982209026731,-0.19296273727242677,-0.0025050867839391216,0.41032923980044056,-0.014559125889562458,-0.5404502286264111,-1.7879620243040513,-0.03965758866498415,-0.1462484998021417,-0.30739431570322995,0.308859998479574,-0.03365288108354993,-0.1852095214393611,-0.12461961747342536,0.12967238092747335,0.04653872299406575,0.13576510133757055,-0.26630430806652255,-0.06288529499113718,0.008381341429947618,0.0774366970213276,-0.06338319838102291,-0.012068369429227345,-6.7721848162526175e-15,4.144167019517405e-15,-9.560314958901424e-15,-1.1219479031486836e-14,-1.3131594128353398e-14,21.1222222222222
-0.7118260836424347,9.875178738904903,3.6827578044200613,-0.41767042531651327,7.4636368877791,-1.5876982657545615,-0.8790997270296758,0.7064764987225316,-2.8145905561666686,2.7648647724544713,-1.41645313866356,0.5252551983069483,-0.3957923388916548,-2.270196982863821,-0.10654836170464276,-1.2147235030873422,-1.9472405586123216,0.7108048825648975,-1.2424525612531885,-0.4199889970717612,-0.0846848518060804,0.21392026484438104,0.47868903862051276,-0.3608510045207762,-0.5094981601783879,0.1873884968498642,-0.2927417887295164,0.436041022252142,0.7839329184673743,-0.5249023080779069,-0.037783775317157875,-0.12577381392141032,-0.1654434726407623,0.3256915320636525,0.3419701239759986,0.01915744786614614,-0.09502393420668492,0.11057267772823418,0.3123954697705286,-0.17409096012187383,0.03742028047104013,0.10363159163104223,0.019272818094374377,-0.062061051420362,-0.03663030610378894,-1.317804279976677e-14,-1.2498510715897624e-14,-9.082105721757922e-15,4.2818555889924e-15,-2.994100741575796e-14,15.9
-3.8218110888187646,8.503323603666367,-1.4728184141603526,-0.3442631619499119,0.6095736547822437,1.2537050046272031,-0.8537403542138002,-2.0080493066965035,-0.7275782891557866,2.7624396247816354,-0.708045163808873,-0.4609352125011364,0.48591230870395646,1.6948158863842508,0.9711122252564021,-1.1255312402203337,-1.3021316567623227,-0.6499209622127516,-0.18539388330809392,0.5786022964891412,-0.18646596118176406,-1.0492974094512835,1.0016155427580997,0.22851582773783574,0.26322798411466813,0.26521735301340965,-0.551410997349677,-0.412648005774207,-0.26885299029590154,0.2924078835862972,1.0552502212281352,0.4394383452365729,-0.0697085001609466,-0.18046914710335465,0.20394312107329945,0.11306375607120159,0.16195329313494408,0.44070977542774903,-0.4928049588049844,-0.30614753506951403,0.32864803624980793,0.1523762290058236,-0.12461678353383485,-0.13342056956087733,-0.012184490865480164,1.5458930373555923e-14,-3.750348557065684e-14,1.2169828796996022e-14,3.207197962508111e-15,-1.7367866528819167e-14,14.3277777777778
2.8755292629478437,3.3891860700424288,4.817722583340412,-2.2225797263687843,-2.467128166490917,2.131360940265885,-3.752808054979611,-2.0350758785772167,0.5280206839457907,-0.2356931672592388,-0.9965764557862669,0.11669892464557736,-0.16628427019032643,0.06184868061147964,-0.018204371841271494,1.647434913589706,0.29097393580244657,1.324026709240304,-1.0772833217167912,-0.5547139377650215,-0.13505689022330725,1.1986266051189545,-0.5950946048379092,-1.0829903608856073,0.479887718029251,-0.006794880983009633,-1.085215310021108,-0.5303280701370817,-1.3982142576501078,-0.47692430451957024,-0.48354254685009634,-0.19523680487345657,-0.21380601341967628,-0.2523836839376697,-0.045888414853089365,-0.3572994178245231,0.24134150731914814,0.20325253363229098,0.0839403273484725,-0.12329155755233781,-0.01872693328374944,0.15963461413732313,0.1735845185422952,-0.1460671524750598,-0.10172189293335294,-4.4586964922871435e-14,-8.352019974417671e-15,-4.605259127894147e-14,-4.61544238217979e-15,-7.714325230695826e-14,4.88333333333333
1.207421184869772,9.55882710429405,7.263582276475063,-1.6839113005959074,1.1862213327497457,3.4901962960754322,1.7603165624839807,0.16314339495353397,0.19702287377300381,1.6058356770356295,-0.10317276552228954,-0.7234595735047796,-1.244611551547161,-0.32339510285586887,0.2642163620732278,0.6992089098137519,-0.3036063177119264,0.2753967440094978,-0.3387587413003117,1.0239967690140466,0.2278271181137109,1.063101139358603,-0.05387644741868637,-0.1267229730104923,-0.7269484098298269,1.5251184176022414,0.7920114822104931,0.03458446243578875,-0.32063807627076923,-0.26139670736587267,0.22031868962560047,-0.31306179779563426,-0.0035484221077609498,0.055477765495969104,0.4653845519690761,0.42965573226939424,-0.1132153387197284,-0.32947284188108744,0.41420342506361113,0.0725892367051713,0.026231806449808794,0.2471131941376911,-0.11125292174986268,0.06896816502745606,0.003952071565190219,-2.9982734422995487e-14,-1.0071808729327592e-14,-1.9575572542438065e-14,3.326579101362896e-14,-1.554134542767984e-14,16.1277777777778
3.2187178991826353,3.6880911839491466,1.88551880458642,-0.5717134118524413,-1.0554671141308598,-0.5230533976022294,-3.5310763684853668,-0.45807401129323555,2.285251520177147,1.0149716956156902,0.5957355810993105,1.5324359985872407,0.5288024402283564,0.5113321558902816,-1.1194069588583042,0.39609658016259075,-0.310108687043636,-0.03654637245027147,-0.6281055130621463,-1.1609584948901723,-0.6932831616636568,-1.1683101410647123,-0.32163600482144006,-0.38048937286637796,-0.06837209264371585,-0.9050179901612175,-0.037235108272772835,-0.07783629202766901,-0.29729733560828475,0.04034757653138604,-0.039444646343653335,0.5098517144210006,0.3013221360766256,-0.10856516621212288,-0.5072473331865048,-0.11808335585901363,0.3934463580420844,0.044184434269010114,-0.15445252918619728,0.31319425512812415,-0.10942946691470494,0.16667780397699014,0.13766354381406742,-0.06990083391448032,-0.054282468042096625,-3.4394314987935185e-14,2.1492681057823658e-14,-2.9841242231843884e-14,-5.995755150290293e-15,-3.019965980643843e-14,11.1111111111111
2.756418080522824,5.496367571635442,4.597927043509769,-1.4433850611517942,-1.1909154599735758,1.9669960935287427,-2.4514522034945254,0.43655590529792937,0.5114618908100126,0.597208316872707,-0.4819152918332051,-0.38057299175314185,-0.1804262238020955,0.7464156111805255,-1.7872642277665038,2.8802189071203985,0.17841613900964953,-0.023579143597189028,-0.832400712074953,-0.7356720153696255,0.36139961477018157,-0.12717256712286312,-0.7596790618985085,0.22168633678121955,-0.4226094191120024,0.11365574522311828,0.40687800065139573,0.2719539092078102,-0.5394419580960153,0.026464398999184593,0.17334308328403103,0.22833006595645355,0.05836688234261655,0.04518500451050454,-0.21210498432332475,-0.036471201535068096,-0.11532301919116485,-0.0774321577153603,0.060892555991722976,0.3468710128906155,-0.033546655147967924,0.059750042672407126,-0.12520722564493028,-0.02261170985048285,0.022716741964121864,-1.1757784687702771e-15,2.2757733406910254e-14,1.1205116170542773e-14,-3.822039782620718e-15,1.6123924726608845e-14,10.0055555555556
-0.7486026941173939,10.498763873666652,4.8956426604411645,0.4506007004392754,1.1675005459151868,2.2651225116766502,1.3664177402465445,2.150073487784307,-0.9254377749805551,0.3325312096614735,0.8019324787496087,-1.1806152456205536,-0.7922512619046463,0.13732709249940142,0.36553994046793414,-1.3171335620283084,-1.2618349102736064,-0.9044621357978502,-0.42568046185758757,0.0022339062874966336,-0.22746279614219553,-0.12081019912046162,-0.7948406969300325,0.8574407404553481,-0.05814875556400776,0.7165264922484298,-0.055522628321327816,0.6818023038155563,0.45402876217483745,0.09061093689843364,-0.03337574788586021,-0.11930486933280895,0.15390769747989505,-0.18583257002537265,0.0640123467277554,-0.0880585837906962,-0.09420615141440063,-0.03516883389956597,0.0367775495945706,-0.39399939187970046,-0.11696741882838481,0.0787818640704696,0.04407332095340913,0.00773256658130039,0.01260515085112433,-3.4917540789903192e-15,-4.153552806393481e-14,-1.5221833360620327e-14,1.9992393579026565e-14,-8.714326033137185e-15,22.8888888888889
-2.6350273105121027,8.467157220397489,0.05715211846414033,1.140133560805731,5.758162447734006,-1.6761298310086739,0.9817854940085571,-3.2811147016958007,2.2105785883057303,1.521446914202631,3.108005593610282,2.0283513266985382,-0.2703720347768006,1.1833259506154805,-2.121465090783494,0.33424531625956283,0.4968308346122774,-0.3410796581748194,1.001913838688728,0.01695657686969727,0.8445720455940827,-1.2311092989041343,-0.7685777623967412,-0.1690198447776672,-1.1016934954722672,0.33587347051409666,-0.5679262371728356,-0.01429431314405514,-0.581203569463676,0.16473223150483565,0.1805573823852907,0.4896282704622072,-0.23727450965649527,0.1608550280394421,-0.1449645706624702,-0.04185264281244423,-0.3289139917846298,0.606421297865095,-0.11392118948865163,0.008902932637919518,0.15141692258189374,0.1264114969119723,0.007256383377197959,-0.03027901798134861,0.03228647354721974,5.621217608853846e-15,-6.545096551210351e-14,-2.050179436103695e-14,3.2289808030826e-14,-1.8792298679788135e-14,13.1111111111111
2.132318967930962,6.51582812343663,5.371972789249229,-1.3344303234951287,-1.5511437043831,2.8768806867405265,0.03588671124318703,1.0515786391027555,0.7400152222522725,1.3600996750595267,-1.005256387701015,-0.2805346641458327,-0.8352815448473346,-0.17897500838991867,-1.6974161507102985,2.5613878960565266,-0.29301447468897224,1.2201365719505843,-0.6271216984819482,-1.3022043240219332,0.6073557811248396,0.24485735117512777,-0.9957578873390118,0.8771494209669135,-0.29683730572965816,0.6574575530690845,0.34704207778389795,0.859760267728026,-0.14553778794857922,0.21970595217690425,0.2305165088914762,-0.03606657077223598,-0.06700899710707234,-0.44085686356456977,0.4066638116457152,0.4274582019030168,-0.08407063522662105,-0.14077200845540702,0.023586485739493117,0.09447299946924731,0.023799383102628923,0.10560076548322746,-0.22852053552909873,0.0863462843948789,0.055336014199043944,5.1235049757227855e-15,1.0936562485842667e-14,1.6209173584500592e-14,1.8935812819996437e-14,2.1116639116970785e-14,9.66111111111111
-2.107765939103574,8.464726038716632,0.7997685318092758,-0.5664907384591785,2.646468576341082,-0.6707749501739986,0.6636347659566657,-1.9078451112002317,-1.1679988770424512,2.7679530940521464,0.03324022484564332,0.19201800577492806,-2.09640065970469,-0.18169104156271518,-0.6618083091188964,-0.19444670687693946,-0.023261255057093953,-1.658797813542531,0.8420516535697494,0.5904548334237572,-0.7034457251881991,0.024957683358334672,0.27530391068747717,0.28905168984427276,-0.32578140785018406,-0.0011423730691124453,-0.639478929019774,-0.4129917036543988,-0.07216334799934279,-0.006101673537146074,0.4359563460872805,0.4767877559824341,-0.2751421338077776,0.12174393585964258,0.027492544213557943,-0.11762385739730878,-0.16373486782421928,0.4733043517447112,-0.21533625009503685,-0.037799042907678077,0.09944703519876384,0.14479032531859523,-0.05621420901013062,0.06766215199472536,-0.004904881333357367,-1.5326001880488586e-14,-2.692128946323337e-14,-1.603702198448727e-14,2.090570944312394e-14,-2.758409920231138e-14,12.9388888888889
0.5050404535694177,10.570926669490687,6.29000600094401,-1.051009116357694,0.3639739018378091,2.364561433933381,1.3283660461341005,1.1015907644800362,0.08431380214842087,0.32042728183090863,0.7568312605278522,-0.6199824114582171,-1.1838360321243937,-0.16742149061386857,0.669079894736754,-0.05119261108269891,0.39026598891395,-0.029351819124366737,0.7322947017552249,0.6416958385725916,0.013716448859790481,0.8662906106516532,-0.16570770008168398,-0.15647972716805278,0.08716999239366688,0.31155645768267815,0.22192061463934898,-0.019162537425905242,-0.1812301742411953,0.02551229600718738,0.34519353335821645,-0.13123389283945597,-0.2769317747058403,-0.5170557155166778,0.051362811507766865,0.2635677873948391,0.4738319626704843,-0.21418524222441157,0.06513966295770247,0.19752048928568403,-0.1265643052670458,-0.11641597844390984,-0.10834371810704643,0.1264944339142836,-0.033953534973653846,-1.065706569491557e-14,6.300886215238072e-14,8.363047428854597e-15,-2.0983066843787737e-14,1.0886948869965972e-14,8.01666666666665
4.439326148664331,-0.3365523900078881,-1.9119533205087509,0.014077999248676648,-0.7409806986165138,0.29169946127490176,0.7120275577528975,1.077563328371879,0.2614425406775791,1.2679515616161365,-0.06528502075534037,-0.4726562510780436,-0.41139032416305726,0.15740162845121874,0.022684669556049683,-0.3666679523982974,0.46274600463972465,-0.29403228366594725,-0.15963237241566164,-0.5913199220515556,-0.35293553011879,-0.6851234129210373,0.04068288440124787,0.4763312239166566,-0.2980979895678431,-0.30846739451200383,0.5579349007382557,-0.1060462989748169,-0.20930560414847013,-0.15650007051183445,-0.350636631549708,0.08085303932673951,0.09662450348551581,0.13807756739057087,-0.008475075330395496,0.1021160727853283,0.054710501546439416,0.05418928189013852,0.03502480534012446,0.08717305883187061,-0.03773824598890166,0.014252455176042334,-0.035329717059424434,-0.0464046406182692,-0.012592601742220353,5.200428722485653e-15,-1.4416506557063965e-14,-4.1560977424411965e-16,-4.494126579229133e-15,8.649395910564545e-15,18.0
0.4203667426445508,4.149169259907882,-2.509065454661833,-2.247130757310134,-0.8440195511555281,-1.7884207582885807,-4.357011721458069,-1.190525264809096,-0.7093568058087759,-1.2648985614134545,0.963658062944677,2.000556347294877,-1.2699619074459467,0.23132352229943015,0.24020598743121502,0.8618940001763521,1.0001139577632214,0.050357250864440255,0.5316633995817183,0.8147866530622961,0.761219905181658,-0.6633856210860452,0.4507985575531124,0.37210367149765555,-0.4149782932243791,0.5531762346295098,0.1431311905353307,0.4935706145556309,0.49508121721876897,0.22677775060354236,0.32304347113106513,0.009310691309479185,0.03267413588657153,-0.5399228612891978,-0.024087651223271524,0.326599027449806,0.06280663504176164,0.2470793404905333,0.06080501946932441,-0.2605574389643086,-0.5849219483865548,0.21756441680960018,-0.10507908876893134,0.15865340700988076,0.010877158068017135,-3.27668623793414e-14,1.7260141717048316e-14,-3.0816480197591044e-14,3.427166706136843e-14,-1.4375915670136394e-14,22.5222222222222
0.22380304124654113,3.951145477769533,-2.990498873923945,-1.3780867809394044,-0.762805501869037,-0.8553442750255744,0.6887873767410192,-1.9510211558717583,0.4280656413896415,-0.4940882643642574,-0.8790017150613189,-0.9269084540767992,0.15506234906067223,-1.0862597800910296,-1.2258519225856714,-0.3261779210941019,0.7294742005267306,-0.0210250151958144,-0.00613867757095188,0.11469471321810701,0.9490566066135414,-0.4005358891882094,-0.5261017680125333,-0.19026221176681665,-0.08931153732935661,0.7124237346421467,0.7279057081092641,-0.05670334301215796,-0.17942072611042623,0.14629114506367552,0.1741050543126552,-0.10545590403484997,-0.18825563384688973,-0.03251672560217203,0.022876284621378893,0.020209434197582553,-0.07305395822699495,-0.01553432474409933,0.1172170970562994,0.05498632839835056,0.0801508061562448,0.01444160833966989,0.07859210566773041,-0.04041213032689829,-0.02377247036817442,-8.566379458843582e-15,8.94318939714036e-15,-1.2744715291057389e-14,-8.828399435992363e-17,-1.2364783473396801e-14,24.8388888888889
4.272132617006436,-4.000154427024929,1.4896188438591123,2.5879551667361382,-0.1624566532852924,-0.24152488620205004,-0.1720232911362833,0.3750367674914051,-2.142861205543853,-0.7856808138946989,0.40352936119205207,0.4998831678908664,-0.1181807795309289,0.5562011255689062,0.017111510837791128,-0.4876728076714006,-2.142387172816433,0.7972000543682574,-0.5461283492127216,0.9633543064649952,0.6750246936192864,-0.13660814154598,-1.6264465491158064,-0.619219969584589,0.32442789197980487,0.30239340322727254,-0.27072661604373,0.042125175458266266,0.2524816866285242,0.6605992855005031,0.18068127498797354,-0.0023412387210060793,-0.07094854274752016,0.16046436414513537,-0.07334838399186028,0.23524418845188055,0.06601026245299374,-0.05159410821934038,-0.010596915470582448,-0.08623394640903201,-0.010947798870517979,-0.1110478473087858,-0.05106830993165601,-0.00565828393775213,-0.007635580856249258,2.514888755673957e-14,7.816646912103981e-15,1.8307659299912883e-14,-1.6068429827213208e-14,1.6397678517073297e-14,18.6666666666667
2.2718198171296047,-2.194361690282821,-2.09667246253682,3.8109366494913566,2.703838520750499,0.22755219875153093,-1.7739237715029632,-0.9776076408544103,3.529475917571683,1.7533305688807626,0.5950466192364218,-1.8561864660042833,-1.9645038124054768,-3.4883567154873996,1.7420341413100338,1.5480825846568989,0.3914076260858199,-1.2097211471733655,0.37280086347514296,-0.7470950929955248,0.6565547768075758,-1.2215698076317283,-0.15354783665308966,-0.36549242212861033,-0.535122837379731,-0.17779444781008727,0.18849562202324685,-0.02790605083722054,-0.012246953603980426,0.3726471724594609,-0.20089834687362249,0.06620958082352729,-0.02596861335824602,0.1757691937756762,0.03184552324781677,0.07685491571186288,0.2545782948334702,-0.11706886216699176,-0.0761049988051383,-0.029608731302956295,0.09516539588329083,0.014969130711029743,0.04588461211870675,-0.002177099685370775,0.002044529122884591,3.5139023849921663e-15,-5.389579038975182e-15,5.067850951650674e-15,-1.5233076208638165e-16,1.783861860501795e-15,27.0
0.848786381001994,5.1050837293199445,0.7108784851187921,-2.8075325146279337,-1.3228714349111084,-0.6636973425278551,-2.6223079133663094,0.9920970039030002,0.27981054176152176,-0.6165014108047323,0.1891361809148195,0.8080808676482926,-0.40342404950191674,0.22929441839677667,0.5219537826817717,1.8837058638256596,0.28102254411498667,-0.46610584800907073,0.6297275322609257,0.5881673878635384,-0.1669681518952497,-0.1554863575624006,-0.25746653704868183,0.10854741922168971,-0.03125464243274864,0.022289990142242862,0.10984026336542384,-0.4263829686395495,-0.4300972578672915,0.452852351577325,0.38834330503510256,-0.043701371175441525,0.3447663695650069,0.463605447274646,-0.2844138794704241,-0.1661852899421979,-0.16690023220672073,0.3874378260720171,0.08957659450983428,-0.3577350387816072,0.09614218691760909,-0.4792215101121989,-0.09435107701714465,0.08662205269394087,0.0355804321685677,6.22040410047948e-14,-2.4885501348329293e-14,4.588484629728847e-14,-3.95928124130081e-14,5.14338148233538e-14,11.9444444444444
1.1452811241159149,-1.8242578091895694,-0.9106134904507341,0.5570648288430727,-0.7502477853456448,0.5133514423943847,-1.1044060638202806,-0.9481696376645509,0.9509484713913423,0.6392020497317266,0.796621199110544,0.11280874680357211,-0.8382140992398737,-0.5273801920713416,0.09671397873005656,-0.7025499290111143,-0.049988104633287934,0.06036466906567567,0.34057964723641027,-0.4265172400957142,-0.3489672724299973,0.0540998001652005,-0.32857866762349286,-0.22089315025303718,0.28410341338002126,0.16098895688992537,-0.04653264561446441,-0.06007160241506944,0.1354341948650556,0.1713277739692744,0.20552507597385067,0.16859562721743437,-0.10240393337437553,0.09111945001724743,0.041557860872336025,-0.04318728842110558,-0.033793485013854846,-0.15319988179516508,-0.050112781372620575,0.12470647427009113,0.04419503673874532,0.05348310535273119,-0.020949623155387544,0.07182916269794164,-0.0008233204393266442,-7.365557875620488e-15,-9.209381070300146e-15,-9.102182904200951e-15,1.0738565834868512e-14,-7.122880565316111e-15,22.2666666666667
7.558107875472283,-0.6096893097655329,0.36450725287205843,2.4881265408890774,-0.7508726030240077,-0.45474218252709886,-1.5364436295524306,3.167851142244147,-0.9049146639350892,0.1456849722842623,0.09699671264496978,-0.10627196541170986,1.2346605972888094,1.6134240974181575,-0.26000579573040505,-0.5541391172855141,1.2225947052492,-0.07803252291278064,1.008236234356001,0.3397876434772528,0.3721639236765899,-0.1624980944078462,0.8619083179127036,-0.5861744638335352,-0.14644535658420543,0.5046204804429941,0.5411220246553589,-0.16858445695194704,-0.34005552218259877,0.11907156205632426,-0.12398844777218651,0.5978508191965377,-0.07126237422813717,0.26362300378485654,0.1649447385573036,0.4764429724478771,0.4274354092780225,-0.07554784092088128,0.0812987665789473,-0.061659236180097006,-0.10169821073392132,0.050245586006925164,0.05180914670502023,-0.07837040282696783,-0.005027541055293841,1.0750621517273395e-14,4.009980344636046e-14,2.323287938713035e-14,-1.3413344386401998e-14,1.5853322026356693e-14,27.3333333333333
3.490618302176567,0.9080016543207843,-1.5766935678111507,-3.119072745922306,-1.3573883707763243,-1.016942802976289,-0.08328120803852397,-0.38844766125995317,-0.3963069050893993,-0.6589846927931091,-1.168894595632492,0.05643642252498586,0.027342817961856846,-1.2340675733913093,-0.7590929023932916,-0.20869297738924436,0.031476150869901284,1.004283948564155,-0.08826384465940364,-0.027381329133090167,0.0907142126090866,-0.12684298505270053,-0.3840886071502047,-0.05170880953984008,-0.14319463098260488,0.33235129093166843,0.34298857267708477,0.16238679919249316,-0.18222443907381394,-0.02715415983196324,-0.30800123600970114,-0.14387070934834062,-0.16905927770698573,-0.00882302407114889,0.0525878994272268,0.025579353004679343,-0.09033685500627116,0.1419506559799754,0.02512139695462964,0.06165723316893954,-0.03502805522370247,0.09169271759112359,0.0040225089658985575,-0.10016173281728531,-0.010087748963948956,-5.272109876544853e-15,7.309952892651332e-16,-5.995597199688477e-15,2.2525696072486913e-15,-1.138284510869874e-14,15.8944444444445
2.7967212443211307,-0.5171083792216918,-1.7198100307926851,-1.9872324512010688,-0.9568432323572451,0.931783446915494,1.903163688182422,0.3753002562554184,0.18698603128998237,1.1915645274570381,0.3328564366038214,-0.4899842024464097,-0.8195765769129809,0.31247554494459845,-0.6319232020561797,-0.08997849561906655,0.42154341024458475,0.20703077649483073,0.3155527770224407,-0.15258590263050367,-0.40645309375193317,-0.8723401551858301,-0.7284945369757568,0.09837153259155444,0.00638580926095675,-0.6668653703497501,0.22697302120434848,-0.04967501349259726,0.2753949922095127,-0.056293025138727214,-0.27688775405403876,0.15664744572142922,0.288708393739419,0.19985740435675492,0.16914443751328243,0.10789436611408311,0.05271387456232477,0.09635565335017664,-0.03150224533071906,-0.012837903940370448,0.05545808474989157,-0.04815835410229436,0.036794649377736695,-0.027599304317468078,-0.018400539991963213,2.137532981817565e-15,3.6776903068259066e-14,1.940189009864094e-14,-2.3711775983977446e-14,6.231078655777062e-15,16.6666666666667
3.134669450058581,-2.9145445606976246,0.8050795865868852,2.407714144657274,-0.8715038962461581,-0.8749571620466409,-1.8691207562820094,-0.6399616389888411,-0.4129720203239784,-0.396879513738542,0.5207638101385721,0.051875855594021116,-0.7631252552828055,-0.23367777354926422,0.8669888320342372,-0.5022702011957696,-0.4555615913438451,-0.16640623926973558,-0.08039712946052331,0.42125223920261745,0.16111192320078194,0.3417444954129242,-1.0565555385600727,0.16279025197435246,0.12298010240153354,-0.0017623942838334349,-0.04609734999807339,-0.2959200733389062,0.09565545038173255,0.009731932025144375,0.30009704042679286,-0.45813087517940054,-0.19111602729207483,0.23681889022909036,0.02567760390837032,0.04602444177315151,0.004050557351493972,-0.10891175762317169,-0.02433997671681984,-0.029463333429240002,0.04388433414366947,-0.032349998761503816,-0.058205587645529716,0.007975480388649153,-0.005932597803720511,5.209811216974369e-15,-2.396778113074531e-15,3.719442624541712e-15,5.840609289425993e-16,3.2914358915330782e-15,27.1666666666667
2.6881973034170894,-3.8993084221584406,-0.24517078098220985,-1.3702833258031584,1.2747699138912392,0.9875056047853542,-1.0817393737024343,-1.2988129603746401,-0.3674975883728298,1.98544280130724,-1.2675028507422146,-0.03566340230598703,1.4114857438826336,1.571662450475312,-0.22095287732480987,-1.12671725275822,0.013155665104333504,-0.45721317380131427,-0.28961943042084365,0.10948746334568984,0.6985390630589714,-1.3427048317272725,-0.4133133344702755,0.2840828207053505,-0.3372451774119932,-1.0057346873511082,0.7120778954027491,0.027756602504968052,-0.03622001395258745,-0.10144477732822103,-0.24768861773677361,0.2868871782533693,0.17612440283857492,0.2405153425006748,-0.03280621878517214,0.061950222776341844,0.21719136329584507,-0.16866905027673626,0.03159145067744779,-0.12368274067809402,-0.016468150598038744,-0.13874191371190986,0.1217747723529939,-0.06003307309926436,-0.028389993919273864,1.3426908397866051e-14,3.170968746529616e-14,1.792899461545086e-14,-3.007667841905346e-14,1.9783094047106842e-14,15.0166666666667
4.351913689295293,-0.9301273449976378,0.7094809243417582,-5.855908966737159,1.354189825007405,1.6358352383019852,2.553165210098924,1.8745023865623922,3.8067814990755062,0.6983437683714943,1.7077800753454326,-0.16578191676921922,3.0380666775990774,0.3658160209188413,1.0175650194414212,-0.38890167306799595,0.36328037376065964,1.0774165290258644,-0.5099723993949465,0.7142139903447772,0.03249401691854792,0.6276927050998649,-0.5107462665829752,-0.5649964195185244,-0.14926208589879675,-0.13789729799863062,0.23526310935324454,-0.619929120716261,0.1340994744638651,-0.31969211036312756,0.09243418276010887,0.1355359286978521,0.2833644053121251,0.30632574062914997,-0.2860197965719817,-0.15835282943735976,-0.003937097725739043,0.26683274874284724,-0.06232017633016884,0.16564270008366,0.16462641730594385,0.05579893449660856,-0.18407992091698094,-0.09381350592364736,0.06791712654306396,1.750500063188801e-14,-2.255631883644815e-14,2.627138422765879e-14,7.56191596538973e-15,1.872482990536429e-14,18.3722222222222
0.7801471255727463,1.5363530915295578,-1.0564389796302673,-1.437758360338008,-1.745228946138694,-0.27295589869614456,0.569323029421709,1.0016185472733214,-0.12126513677250549,1.0660597414796344,-0.07293667904946215,-0.6012565547592738,-0.8550793073216408,0.34006070874394667,-0.7701309888148966,-0.5175180424835122,1.40877550670121,-0.826862567317661,0.15243839542315252,-0.9871932809590065,-0.5044791895780395,-0.8739746221020659,-0.3777476822980958,0.3781322931252554,0.6313344415605118,-0.30488010016674455,-0.2133350138086477,-0.0071710836504091475,-0.13974902156755792,0.35235560234132357,0.4680515406971951,0.17660008186933865,0.22267832959153563,0.1316816818828968,0.19404156001952125,0.2525125587099563,-0.03331788753247799,-0.24828607716875528,0.22844083688498576,0.011392793037464726,0.04324367968050585,-0.0872196791576411,-0.10636147131836068,-0.08528360438459276,0.03010278749525916,3.888530039074262e-14,-1.1747631316481462e-15,3.569056365958665e-14,-1.4700661098025e-14,4.291204549377285e-14,11.8833333333334
5.407943831302866,-1.0448485136243513,-0.09048630875599196,-0.47093771901182635,-1.292547978267357,0.5923021196021088,-0.20490827198199085,1.5586090051769013,-0.180565903246219,0.26726510071138143,-0.22398366880800774,-0.11605657372013832,0.7080133312848746,0.911077696066035,0.5075029796712472,-1.647155322765196,0.9232230778398612,0.3763006850085973,-0.28928676703933787,0.12434612183992715,-0.14517577623323752,-0.5648156084246813,0.15997906494135875,0.5558182412418308,0.3121269459451808,-0.02271338457799183,0.6322831614862898,-0.01587839994541141,0.34789542937825996,-0.14634213452388853,0.06094259232962797,0.31202639983200153,-0.12077588939194409,-0.05790962057236546,0.005051539241799005,0.07749792967529193,-0.07332899538680165,0.0633134111116232,-0.12200505377294563,0.04038448754266413,-0.06294406528580818,0.0151588153578711,-0.048968957923809286,-0.06228555449036265,-0.020709980869572032,1.0185259434286155e-14,-1.624697331373933e-14,-2.984594444155648e-15,-1.7252162592098343e-15,1.0186517730781936e-14,21.3333333333333
0.6772099679683948,-2.141830576200916,-0.8218042631496445,0.602045098712415,0.49579749519283617,1.2187969255129816,-0.9262724086319273,-0.44876043567773927,0.03604737578663143,0.01146606826215053,1.212136882505236,-0.49522105219371926,-0.30285106326667877,0.11909280857828648,-1.364544375241259,-0.23736494636041439,0.2278818557020413,0.6759548628302674,0.8939417341098217,-0.37645144806485653,-0.8783143725634134,0.30063793769176256,-0.023461524119591744,-0.14812837985634497,0.23132805214459157,0.016432686651140588,0.13655660390942534,-0.26449429223944887,-0.029865734544144144,0.10924895838358453,0.16651195778766367,-0.08553727836098492,-0.0046395127710319355,0.10465396271470027,0.08423175088145511,0.00019160897830486655,-0.012864822123073577,-0.12075147053490813,-0.06269543978894945,0.11559551173768362,0.0714765621785687,0.04023887921938,-0.032751583594200245,0.08256586280349755,-0.003168476692220869,-4.6639524369066105e-15,-3.105324349442183e-14,-1.6326136024573945e-14,1.4901314661413792e-14,-8.285337171885925e-15,28.7
0.29017751623794685,-1.4387928031690866,-1.0200234769853158,-2.992181362609563,0.14915302509164968,1.754194020816788,3.313274732160283,-1.4671960527316765,0.7265889891656713,1.985084563143687,-0.6794252463165914,-0.6926504602018618,-0.8063939613473048,0.016980292139039968,-1.349461792279802,0.539013133052999,1.6539904111820845,-0.17865490698258557,0.35931091117951836,-0.7311419031808586,-0.26438594234696255,0.5102112937900012,0.08360639940458929,0.5525854706744219,0.5918763075589436,-0.16085828578046862,-0.9061747497163838,-0.38300902222543826,0.4150812682764537,0.1369323424537526,0.26385557354952865,0.20799110128274545,-0.008982659560216568,-0.1129687201948924,-0.41149013858558375,-0.5580509813404998,0.21819437775193243,-0.013339891841907713,-0.00796910952966846,0.011048607802113116,0.24608560068169538,-0.18206522087714458,0.01825364304115782,0.049040539019127256,-0.06081686015807696,-1.868986918510958e-15,-1.0058982251378966e-14,-5.006447846217033e-15,-2.5905104044582573e-14,-2.1827254743673888e-14,16.9111111111111
0.22926609420420316,3.3367438098516695,-1.9430177660833825,-2.6794510956261095,-2.1201136790884925,0.022450264284918788,-0.8664040928203277,-0.6627283659596224,0.2276644759682212,1.033663741834253,-0.16187254913995255,0.11418499547090534,-1.325307853802232,0.16019467301875517,-1.1878140191167925,0.8135173353083254,0.7158709885602983,-0.052647358634515355,-0.5146028265546937,-0.12377017030164979,-0.3089599891034269,-0.33337107417127454,0.6721209365550431,0.42957807910490853,0.5592417742458886,0.5469592809831584,-0.09768096486024691,-0.01841893030618868,-0.19744587062270882,0.47797602714400084,-0.33510663994051054,-0.2843689726494906,0.025717347442509295,-0.05168100106773345,0.00365901560454546,-0.13594938106931018,-0.12168387012056356,-0.1780238814804176,-0.09196160015430203,-0.10488836894441185,0.1332081414538007,-0.03983626823242536,0.08159287271689833,0.07941961502118772,-0.004860965524879098,-2.8996678398864277e-15,-8.183999475450278e-15,-9.449215491736248e-15,2.850536889298294e-15,-1.1537510157184089e-14,12.0166666666667
2.0830743670194587,-3.4282182096608613,1.005762104632863,-1.1234732018531517,3.528509965351299,-0.34879762892807825,-1.758549215811949,-0.5598773141259369,-0.5970714804388376,-0.7164305567191359,0.8716474259210096,-0.09594618779103842,0.4461330356933873,-0.6048533439574316,-0.996898116730404,-0.6049038660595014,0.12734796046983388,-0.03389915789272164,-0.5676749995877489,0.15908867184342076,0.16449134368088966,0.04016860615183035,0.12886517867918706,0.07129316308811799,0.4955478424182924,-0.2981602371796958,-0.16477102478391423,-0.21033526948274914,0.1328728651082745,-0.1044884673561858,0.1280184240103631,-0.1556857999107898,-0.0774561234553798,-0.0085402569306738,-0.018008049215437257,0.23099475829274935,0.0010184605999227852,-0.07232599634658615,-0.08972755175187563,-0.08344869148595684,-0.058364851128115805,-0.03154762296110743,0.11148984213470586,-0.026852258331650888,-0.019850257106571168,1.804046259592036e-15,1.582517384503806e-14,-7.53324301081687e-15,-1.5437445855154659e-15,3.602793843474923e-15,20.6666666666667
2.4959708251055166,-3.067027300877376,0.9639766010897496,0.028528727709181013,0.26880563126953183,-0.26318483301172607,-1.503098594771553,-0.32926602071744754,-1.3843844875041473,-1.1372351246851313,1.0139533096996323,-0.34391969736643374,0.13168599628400982,0.7844163402144985,-0.36178308751834376,-0.017357183952991847,-0.2923855200627132,-0.7564632658545211,-0.33154590371849857,-0.30233519113634677,0.09198630149743649,0.5400360646890131,-0.3921771139175791,-0.5193720303800043,-0.17827375238294257,0.00895689841940127,-0.1441835926048295,-0.19689777472364825,-0.11750473798009185,0.013920232161071883,0.10808645194221661,-0.25069356933566067,-0.1518928564425378,0.19891261346736958,-0.07225722200651438,0.17599716447553143,0.2047324671696377,-0.209694541553191,-0.18262759499037737,0.029778396330187897,0.024177813270324575,0.060875769469302295,-0.027865083749236304,0.04730634695723749,-0.04643255283338158,-1.5164482037795247e-14,1.6829366043228082e-14,-8.903927622482637e-15,-1.5257210042312283e-15,-1.8383372055443642e-14,20.3333333333333
2.2164365007235767,-2.918924616276815,-1.6949109069510313,-4.135145188963356,0.17812680954071963,1.4430223173653844,1.4202974982835008,-1.8332441713228693,-0.1974810024184862,0.7954106297670137,-0.7746690085063352,0.5851507187809358,-0.11022365879060433,0.6634572839446067,0.9674322705730404,-0.41919452153690573,0.12123122218187633,-0.418871390515967,-0.2126404037350613,0.9684086239973092,-0.08414672253427079,0.406079115774938,-0.249598055958393,0.5218585426858738,-0.6743373115154303,0.05059838139200325,-0.644396938262415,0.0019971229863302393,0.42765340080594433,-0.54047359749615,0.15175549675089137,0.3001273319940389,0.2859796038014973,-0.004758193942927335,0.005851650962075512,-0.14422143309682747,-0.025070267573648056,-0.014141874874988188,-0.037811965992783705,0.2321171243427396,0.09625336951344887,-0.05621517756962664,0.1312346386640497,0.11319481507439041,-0.03322736816063836,-2.7341638167656534e-14,4.7849039710592716e-15,-1.6928815166205785e-14,-4.587626234696588e-15,-1.8099179798837714e-14,7.14444444444445
2.7081599993010537,-3.8200640929517395,0.5620728507164375,0.38371647267826053,-0.08934327418683904,1.279066370747416,0.2902028221265909,-1.4037406837460469,-0.5243867003575369,-0.37175346162141826,0.8920589036522089,0.16632613449840422,-0.8420616955556582,-0.2400252443757331,-0.3130086894301606,0.2919118349539369,-1.1205057142683617,1.3598497998339536,0.9701737905702524,0.14585258397484138,0.07818040175975574,-0.04593961077458062,-0.8295037174055842,-0.40574824730068665,0.6264162041169149,-0.4816281801030655,-0.02239469610139446,-0.3761448904726982,0.28528883980504294,-0.1757435159922858,0.14616344947545787,0.1635938157462031,0.06207467581791964,0.026767252841096323,0.12301355813024721,0.003601555802741729,0.10717598401806551,-0.15156454705442382,-0.05575838527615604,0.05470357967247135,-0.0866366690998078,-0.09235364523435927,-0.002924213705513022,0.036791439222302505,-0.002348648688874924,7.809641885120302e-15,1.8238490630276785e-14,9.111883781440463e-15,-1.1885199114574794e-14,1.6155224220521594e-14,36.2333333333333
2.747476675862933,0.930961942443289,-1.733457804661363,-3.2492853128889063,-1.0475039421173076,-0.22705876541779066,1.4906493932251899,0.8225115679927123,0.7781507342095042,0.17122334114137291,1.223331821360607,-0.43401200450707533,0.3905157744505896,0.060855078521120286,0.5966507677640411,0.357789695638156,-0.4299731969620674,0.4911854271707111,-0.1379125544169699,-0.2301994318747753,-0.40411366567159357,0.3149568151731139,0.022351281190358275,0.4406281981440502,0.16111615918875158,0.03880565634217263,-0.08356935941345436,-0.06295613376001401,0.30823504343916275,-0.009656752224935028,-0.27259159423315843,-0.17447466570785009,-0.2255084188215901,-0.033735032572332097,0.11167143438586495,0.14738583553830398,0.09730543286637042,0.080996641937684,-0.020698083923462448,0.05727339188226715,0.09377281992615694,0.09916024894370061,-0.06745475646850399,-0.023048037843887974,-0.009506180068670161,-5.4905148521006104e-15,-3.63573672841765e-15,-2.2466619560648945e-15,8.14685022095016e-15,-1.176396622112866e-14,13.6666666666667
2.6636439973194923,-2.7930451733656496,-1.5565320757300076,0.5555008205117774,1.5402637958299092,0.5143760744370884,-1.1746056873803028,-0.894331448510964,0.8262670739154206,-0.24053279887890153,1.176759473702187,-0.9698691433778893,-1.3325177907691637,-2.115730973855516,1.2950703962758867,0.585136691960708,-0.9935835614897152,-0.7903764372571525,-0.030854201765125645,0.1060724686980853,0.9532924845483826,-1.4347759817588348,0.06800227890784531,-0.1188226967342985,0.06808750370610699,0.041065815179318454,-0.32888526063550055,0.16318540183014643,0.017057495876865378,0.13771287836460247,-0.2165346174849896,0.1320618830340698,0.10702366768085798,-0.05929324770280276,-0.02656942976002413,-0.06435727411355126,0.007010371721389069,-0.01578080731035041,-0.13295444489266312,-0.01772229081231808,-0.1124074817203173,0.1369981892764288,-0.038532759017174116,-0.10164028973895897,0.0219945047508597,3.409204923477507e-16,1.2958121676186711e-14,1.078394907442873e-14,9.016289648527355e-16,3.24540994095523e-15,20.3333333333333
1.125826345201701,-2.776230278666962,1.2667430101174437,-1.483125411437562,-0.9747446865009939,0.8817737671661706,-1.101500647254406,-1.2474763219413594,-0.3031207366508404,0.42566835679448806,-0.10466239653908538,-0.18130941752301077,-0.3546896352710815,0.2009142646121168,0.06227107513144844,-1.8960104471121983,0.9360578616701717,0.30522437507360084,-0.3762194922556718,-0.553434804117333,-0.46284434170505806,0.6096636481362022,-0.2366761320140415,-0.03214673640839874,-0.2969724837288883,0.4866800339678936,-0.1055278909646125,-0.23681949937331429,0.042533705776100904,-0.030582298460608913,0.04616145400113424,-0.21160745573910159,-0.06060869450067901,0.2487939000650885,0.28779317544218824,0.07864655566255006,-0.20172905024808957,-0.033047778089724415,0.08762249673299388,0.011201355119890781,0.06550393854656336,-0.03078465542009757,-0.004164728199600857,0.03625807923182882,0.015673280852724434,4.680527102242667e-15,-1.4646222341771483e-14,3.56378556513685e-15,6.701582298705118e-15,4.447032856509467e-15,18.6666666666667
2.9528811896960394,-3.0666863532631563,-0.10900861113476437,2.7048083906242115,0.6446070745552166,0.2864052974088394,-0.7409895499267961,-0.054472585261668476,-0.5097603356042182,-0.15034366318585984,0.5429518842210067,0.07568785953846473,0.1458792612216359,0.2362568545374604,-0.49390227269296094,-0.15577886412362768,-0.6726531461256693,0.4517886908833345,-0.16074273069051226,0.1297724245905201,-0.6331330736240195,0.4516320732606069,-0.6712260389299284,0.05438580385018766,0.27058028063096984,0.058528356365341386,0.1946859405591137,-0.15020371046699083,-0.0022877595477171185,0.1885515713850379,0.3077290276821291,-0.2625454794256761,-0.01666655836851191,0.10054023140505568,-0.10104477747082492,0.031661718475024365,0.08494657088925006,-0.1466130834240238,-0.09772046948827944,0.0670689996096681,0.03004390178998412,-0.016675906065206293,-0.0684015880270312,0.054494174147448046,-0.028250705525446056,-5.5663657316840206e-15,1.500861945132524e-14,-1.3612494943006005e-15,-7.888163207568325e-15,-4.1013873873585875e-15,19.75
1.869675334736795,-4.937107297343634,2.4518057097026205,-1.6053751438367572,1.5964049000644407,1.8686128381895601,-0.44563594649192595,-2.085365932661519,-0.10253568778217957,0.7542713075586838,-0.6468220512808713,-0.7193234225529384,0.9919788992106866,0.4412258222417778,-0.2036282221699209,-1.0621900153056132,0.9223837461208912,0.06600581258018869,-0.19536984118590428,-0.5278401445111475,0.1396550166709581,1.0049416686640922,0.21898811251801054,0.25315030771821295,-0.07691475906691325,0.1285001608239111,0.36474569834424037,0.657668648597807,0.1092296683239657,0.4949848833829331,-0.27290564679226603,-0.573586130370788,-0.577382769212974,0.04872716066556534,-0.44578631491435455,-0.3062325416372162,0.27295365936735,0.33922881008167044,-0.13489537706856808,-0.0802133245212809,-0.10087502941504842,-0.09236526281830149,-0.20467825814651372,0.030556019402680275,0.01153649820253426,1.3630520850813264e-14,1.6008972733380294e-15,1.7770436162146976e-14,-9.144755790489788e-15,3.4033020881406354e-15,21.6666666666667
2.449708506826226,-3.986244191223041,1.452983778286593,-0.1998040961577828,-1.3891185298188045,0.34016092995803227,-1.3374175504040562,-1.8806939169984946,-0.8879109053394973,0.1743237006978308,0.08200041266494214,-0.07102946872923159,-0.7954905443735066,0.18877836411690932,0.5730897168927553,-1.398158275703471,-0.10974155466503252,0.16014377173873923,0.10133619891963902,0.1459605182880159,0.13360026937978636,-0.14550914739331028,-0.8236045983501651,0.11063645381163982,-0.10892285720579427,0.39599659809489723,0.17333138791186362,0.20249871644040066,-0.023815861355458188,-0.005859189806662942,-0.04154054186049086,-0.3628272487145484,-0.1781638301165666,0.45030049570045616,0.05752673178956905,0.03624871893446056,0.06792988012891957,0.019187172129458148,-0.00906960362933307,-0.12715977384444796,0.04465978727131642,-0.008053778583811155,-0.018720829548370253,-0.018412368182384946,0.008594197881508123,7.41355858310664e-15,1.806929937676043e-15,1.3829071786914857e-14,-1.0443997815504296e-15,1.1363219589863689e-15,20.6666666666667
3.969009372862292,-3.442924878587454,-0.4115052459575472,4.537392235804234,0.2810327332686196,1.0033810660605473,-0.555035121938562,-0.6158068913072642,2.128422271975645,0.826563691096529,0.7669209257472263,-1.1553461717107316,-1.6201120114124876,-2.5565531419006127,1.8906627342365092,1.5668852716763253,-1.141190706128934,-1.0846837351562586,0.18485675082958525,-0.752223779156613,0.9146527716204284,-0.7074141128910076,-0.3583103717263552,-1.1873365131119324,-0.18639513305683986,0.02636130826661063,-0.3827792388953325,-0.17088522325260347,0.11637130156260718,0.29329014177438434,-0.11236580885671262,0.0009435598750556167,0.08132874758523335,0.08474862440762605,0.05199970216217793,0.08230724400754755,0.20587109632428563,-0.05546413647620711,-0.012984083497376038,-0.003487248512413825,-0.009158943237649776,-0.05273582075547918,-0.012772908815842645,0.023987586503272568,-0.018021956956302786,2.19861752405085e-15,1.1451014651371248e-14,8.748392141708106e-15,-1.5022015770809065e-14,1.9755727690746505e-16,32.8333333333333
1.77356889125193,-3.263199110056558,0.8285870823438292,0.05549721958509212,0.2540379972525698,0.8565913367115355,-0.8388064718322428,-0.965295975578917,-0.20210754426562116,0.27716880024014834,0.7921788613278974,-0.9748453775983872,-0.15302462365797542,0.4882945370783791,-0.7921875107931582,0.045860139218105646,0.436234872668591,-0.6424234296818601,0.6616276441336343,-1.1877957124543472,-0.2349385806364321,0.30338738916485597,0.11395177223777467,-0.13557192954010294,-0.6962997931663162,-0.4003521415681251,0.42893280595277405,-0.39928526638671435,-0.18288700704063884,0.309679001014305,-0.35440239146795455,-0.18077855740422635,-0.21631817854552757,0.17597886769750515,0.14389194320681467,-0.01082246748561879,-0.07557288270219792,-0.02945429836821862,0.06583021817086873,-0.115336035878659,0.008498464199530686,0.0456773536077837,0.028591373902039155,0.004338975303697691,-0.0016401183395908952,-7.175514862079125e-15,1.8737568432697032e-14,1.2425562651375175e-15,1.4167310185165377e-15,-6.810511333947063e-15,24.0
4.89654561533609,-0.38335369384749907,-0.5896663313531844,2.5076279540187567,-1.0782478609835018,-1.0347842434437033,-0.35086730025153895,1.7782872722860197,-1.3889838624258668,0.25240440448983337,0.05863134241546226,0.18164834256154724,0.26674653443743945,1.2210826846128253,-0.6694567823365251,0.03627320090273305,-0.4129904520212586,-0.2333461913487623,0.3037183330519533,0.09530916808051654,0.3699741654679787,-0.6942104864028239,0.016997208616225126,-0.34556261531367827,0.6444919666249787,0.49926412469864123,-0.493552516036597,0.1181750492920271,0.04968144765758754,-0.016596444775507934,0.3060046337677556,-0.18878390763594113,-0.030393961585362016,-0.10615944225036669,-0.02105837331426871,-0.1679745344986586,-0.16461332558340522,-0.14811994129092904,0.1810083459442979,-0.027081835609144685,-0.09092612898661767,0.028178792909069605,-0.06964979778508419,-0.12383779885003106,-0.0010491443824319612,9.91260667496396e-15,-9.641568747530367e-15,2.9881811420072883e-15,-3.274463811662881e-15,8.650270336218779e-16,18.6666666666667
4.144476030372818,-0.9963813909352356,-1.19212620149932,-0.1750290791179093,-0.738203211822679,-0.5693536009859157,1.6258132491115058,0.9879740068411939,-0.4706228848826547,1.1059200016983737,0.31880768621077704,0.1963687965112635,-0.5132265308461388,1.10969777329925,-1.0991053541207396,0.4051410089527258,0.49868895051496637,-0.9284436257404929,0.5143445427619517,0.23138624268948976,0.3002235493602204,-0.1711536734236258,-0.47155150340625973,-0.5730458560793115,-0.16242859989145506,-0.27894350076907964,-0.5191840360711588,-0.10076611455934467,0.06683923321522174,-0.45339879903990193,0.38652386925079546,-0.7025364971714272,0.0485537553307406,-0.19607746875087703,-0.020501410702492423,-0.10330725376182243,-0.12533123966281315,0.05356993365931133,-0.21097641992657526,0.0024995451414167942,-0.006517528381202528,-0.07809618264080344,0.033165761737813035,0.0749159107092471,-0.0196943245301242,-1.4553662749774036e-14,2.849144627129886e-16,-1.8869582270914864e-14,3.007765685210474e-15,-1.5490526917466685e-14,17.6666666666667
2.389954875993626,-4.164289835820656,1.8490946792197527,-1.0522240878678941,-0.6615251084206734,0.8525832331591214,-1.1986217875101481,-2.0482839102998067,-0.6848344794302975,-0.22505709018947548,0.28408022639270764,0.2030234246771559,-0.35178788266111377,0.4530367889841428,0.1163077978469003,-1.4142065099395684,0.615314420655054,0.7707744371155333,0.41657038766042775,-0.01064592227918738,0.1876378894540118,0.28785774082378124,-0.6499247209031352,-0.22518350499393552,-0.04937205391946428,-0.01822402543997344,0.09250255063006532,-0.05968929756760588,0.10707850978100171,-0.3730923738857065,0.04517030317611245,-0.3592230130669099,-0.11675925276183109,0.1092071146921559,-0.010656697322304317,-0.03455802012835045,-0.045052038325489034,-0.06672515623584484,-0.030210089943799524,0.07496706759553058,-0.03152521781344807,-0.006221130225011945,-0.06361913418111999,0.011696187571614464,0.005864291719597911,-1.5647382559198209e-16,-1.1599357497106617e-14,-3.3645213981630433e-15,7.870093762839398e-15,1.4286147263281788e-15,23.3333333333333
4.345492296606476,-3.196522952401053,-0.8959617152671391,-1.5623908305259933,-0.4118362415244579,0.6443031531514178,1.1628961375325275,-0.8648754351368633,-1.0796094570973278,-0.3450704967432328,0.49927599814958934,0.6490824076516252,-0.955097962619156,0.20007950004969913,0.34066305102031524,-0.08514445871697765,-1.2716992224725892,0.504177910117551,0.3331826806636873,0.41639316397372694,0.5601428450962749,-0.40613537709178693,-0.028797452113404894,0.36888975559425213,-0.14068185105973446,-0.18461159885023942,0.1979315559565718,-0.14606117822097292,-0.157934084483156,-0.35174834615687917,0.12870170526149488,0.2929147905810817,0.02616735978712627,0.09938699651211862,0.32255328563890484,-0.20542895146736004,0.11601092629460455,-0.1986599685730407,-0.2905599922553553,-0.006864988168420082,-0.03209704955176404,0.057508207580812,0.022424034794693612,-0.06700722673487677,0.02765804512689491,9.048815063902973e-15,-8.124089623638768e-15,1.3845850815100075e-14,1.8411746836180287e-15,1.3420655597374398e-14,22.0
2.5835143026423415,-3.2466624102599146,-0.6253281218867855,1.3863396962156584,1.6487011326410748,0.8146997329392919,-0.6373345413678589,-0.4142781879764456,0.09618112377175521,0.6862686570290754,0.03276839481079649,-0.39608913992556516,0.13750201998356745,-0.41107912744960795,-0.319839682280541,-0.31787994011094756,0.18665862233556238,0.20234484925252258,-0.2958592199142363,0.34508483226142544,-0.5746661252976164,0.5161109508343457,-0.17366531113243763,-0.06325210381628488,0.18723552563964208,0.4121301362877136,-0.0778794019925105,-0.0028164066450849716,0.11202975632168408,0.4943094950136866,0.01770611968459006,0.20799602876865733,0.06279865955227013,0.04352745026333926,-0.027675397162963435,0.046120575557278644,0.08905953040245938,0.004722289655085906,-0.014286851245556353,0.02174751537509138,0.06244013761912114,0.019171842903349223,0.04416668708761362,0.01602744282354062,-0.009151173753485444,8.463125269066771e-16,-2.3460688790678865e-14,-7.95352960451894e-15,3.9706496763099856e-15,-6.888607849903541e-15,19.0277777777778
2.3401320344869307,-3.564012373236949,-0.4427031077868276,1.0465581375535546,0.9572387850635126,1.1172726121125838,-0.23944388849010484,-0.8750448825142295,0.6805861924521256,0.3950024627934517,0.9363344593952465,-0.10115608554355472,-0.03900499688678776,-0.08095723233222481,-0.6334451731771061,-0.42203334019883104,-0.33001307024552834,0.1353170200214589,0.13336603632533553,-0.2488903786782485,-0.17397319490544708,0.4643591607013967,0.10087416186848057,0.010799441795687103,0.012791193930565667,0.25229377194706454,0.07951527875754556,0.1461684356238254,0.02605580624232228,0.15621681192317968,0.07664748363208462,-0.23638756265394512,0.13205065467268579,0.02517648326492912,-0.03823822066401173,0.05850867850152241,-0.10254142321545345,0.03709378118429682,-0.06635978515793199,0.09025288355705749,0.06637432999552295,-0.063306640432335,0.06438866242470703,-0.018562607433292008,0.01574675013899056,7.44543460467405e-15,-2.260987252405313e-16,3.728728564123732e-15,-3.1366440252701873e-15,1.0329501729591902e-14,19.3333333333333
4.512836612308842,-4.270766311304381,-0.04208196860843796,3.7077563559267976,-0.07251006765664594,0.9510764228625296,-0.3370356628650882,-1.826668353048419,3.7275335322668797,1.7269428264782642,0.39068146721055563,-0.3617561751293999,-1.2703970653011811,-2.807710439053908,2.9295857738206204,0.48624968348343367,-1.149186210336395,-1.2540159537518207,-0.5563384988109774,-0.9810282718756081,1.0855583877254122,-0.3830674024344847,-0.2902820960305242,-0.6377148822288312,-0.3426359551816492,0.26396447150957664,-0.12531290798233105,0.14461360489153427,0.06736528887019173,0.1957020822863441,-0.2879883637012193,-0.061888111456505183,-0.017180154497808003,0.02767147539362666,-0.01815112799408734,0.0337535914963242,0.13546794665319223,0.02034888415801873,-0.0209060414568689,0.03436180427561612,0.014766061687987973,-0.0736467677971576,-0.016878699865529322,0.02279062864492085,-0.021585892125737288,1.4691995122902233e-15,1.5589198580832036e-15,4.793958359168709e-15,-1.4163037583605754e-14,-1.4250468410735014e-16,19.7777777777778
2.19903995798559,-2.063509810883957,-1.3588200929877885,-0.5859340577152272,0.23771996288382685,-0.27423883539266675,-0.12028456030644548,-0.9322011743094386,-0.23375092287008645,-0.4495528463084818,1.0026704920410425,0.849819248567356,-0.5999016269561873,0.1544247408665298,-0.255956219488496,-0.2947195836983322,-1.2668562466678672,0.4121968444555006,-0.0566146987423909,0.30182391977480916,-0.0016459756901142202,0.11798946460915419,-0.2242735847591898,0.7207869703699544,0.235227061802662,0.0030027647660675,-0.06010456169004666,-0.1626365625928341,0.020044199731902378,-0.18301171531197075,0.17977902513185084,0.07466479175991582,-0.14301894782090402,0.12258796872105263,0.11576083305584045,-0.20610692640562153,-0.001745698634493044,-0.19787733297446733,-0.020797542356038517,-0.014109090465840319,-0.020249692900451748,0.17116755968802952,0.012823307608852069,-0.018281045723507586,-0.0160056664908735,-1.8083129963997283e-14,-1.360151531833099e-14,-1.832116654561938e-14,1.600698520029206e-14,-2.14920259793572e-14,16.6666666666667
4.117441484742828,-0.443019573852753,-1.6530576848940612,0.3868235259847994,-1.1496481530141784,-0.4662084652414525,0.5718944224208469,1.2661011165542762,-0.27037072550379154,1.0587777562390577,0.5744861360708491,-0.14462026241422832,-0.36722967732167,0.8043662913754468,-0.7282904436323658,-0.1639597644571609,0.6383335293349534,-0.23111512068168538,1.3172292395011083,-0.08792455130757645,-0.12563385731155607,-0.6837204181958852,0.12868877432140077,-0.38262989414371135,-0.0575622012728979,-0.023241101461091776,-0.08473259915463162,0.16758352833455079,-0.17017582236920853,-0.46695647087259057,0.22237725479039228,-0.670948001611966,0.09559178663834851,0.08677023195069913,-0.07202674587174993,0.043914092161365076,0.11171443078469773,0.0672520999581969,-0.14917054330285046,0.06448226692816651,0.0010346943689435435,-0.021904668051873393,-0.021893317504135926,0.013396216287287325,-0.010500389935367277,-1.0207772160442532e-14,2.6506901447262876e-14,1.3239677430213137e-15,-7.0103347968664145e-15,-7.909243404958357e-15,21.0
1.253873692892004,-2.1659681932040153,-2.1291149074553757,-0.418613020459333,0.4587688740003305,0.7709558130314661,-0.5538423367266351,-0.6439956971491728,-0.40926833195771317,-0.5037373380946457,1.5133799216747057,-0.40093387643661565,-0.7635599717555585,-0.2814519983798983,-0.47219099389950386,0.029777780903858322,-0.8205414125341344,0.12183031369098626,0.8316530694533063,0.10699461895256655,0.1263818227375316,-0.16248029548584608,0.6349114447661696,0.32622397623742905,0.14855785014264558,0.2928899792517852,-0.14516674305338118,0.3043532164717189,0.010827802538418883,0.07535671163789305,0.1618568411589909,-0.12372232547610214,0.09086443110664075,0.09362890946778857,0.08759663983038231,0.015622057319011302,0.18200934530415686,-0.061602136083272294,-0.16784795000452304,0.053702018994021404,-0.03455744025696653,0.14907233375910572,0.05176322957947112,-0.0006565225471719338,0.028153950242836727,-8.091065885606127e-15,-1.8146058113731342e-14,-9.814579114334337e-15,2.131197915722323e-14,-7.202120225110224e-15,23.6666666666667
6.640794592173533,-0.9092640272408508,-0.09013431515553982,2.715510105710546,-0.18307930432243874,-0.06808065755007402,-0.6824314279083088,2.8546702653426337,-0.759348524817463,0.2212191202291153,0.05857236346851589,-0.38633421688262,0.9000080603154175,1.244497804701058,-0.3908332617301588,0.037327880222744816,0.6337617662640314,-0.8887060670789259,0.29105288925390027,-0.3519741422799969,1.0111696706897593,-0.0654397976653295,1.2320598207739073,-0.6872381856516433,-0.36386642905247807,0.5819621309361372,-0.2203472066573228,-0.06801101127930151,0.014501829061776864,-0.5109188205392308,0.21021177403915045,-0.3068774979042929,-0.09542678095161065,-0.024781549673367185,0.013000256939340956,0.033953922173351594,0.046928177037766645,0.01717644334310008,0.018974402523834945,0.012614166560128707,-0.08912179380328837,0.027552743120666016,0.026956393368408143,-0.044881375572877,-0.009066876617618184,-6.346619968004029e-15,-5.310312913727721e-15,-1.030253186698876e-14,5.353232248663785e-15,-8.336443177811614e-15,20.0
2.0104895158589664,-1.4714906320117886,-0.6480141921030338,-2.5756614598367933,-0.2111187934987669,1.176088315873159,1.7044128160009637,-0.3967296733318787,-0.7232234729826192,-1.1409291458260977,0.4098878527481753,0.9164738937324444,-1.131816064945267,-0.3211394643714927,0.6008561829708255,-0.3943245809583441,-0.37296319215296864,0.4860432159739899,0.6806446394833787,0.694175123157156,-0.4202325386791555,0.10923610509388788,0.016856494074818384,0.45960814258654553,-0.4467395267451829,-0.24949817351822431,-0.8120716155551756,-0.1529638472357455,-0.1806043446302856,0.27194149758443714,0.004366865430141637,-0.17230967669009575,-0.12686749495630945,-0.36622244177234803,0.23485720038300498,0.14035680253413516,0.17077138197335462,0.05580332757694126,0.2430014072470305,0.0030380866260244577,0.043094693934228594,-0.11252355463973147,0.16664927382543693,0.06581074719832287,-0.05397570372225777,-1.774416360693539e-14,2.3979015889617397e-14,-1.731840818001543e-14,-1.3691138636710388e-14,-2.21280549564346e-14,29.1111111111111
5.418703615426746,0.5887327564887241,-1.9448863292009444,1.779455489021201,-1.3970072087276917,-1.1602046944457187,-0.03660874230548309,2.233098252633466,-0.5633643102039659,0.6982797504089044,0.42115322883053496,-0.10279953420353043,-0.34959075628201636,0.1762384069295151,0.4212455047969156,-0.05294773150916861,-0.20445429732269058,-0.11915111742471597,0.46327898287087727,-0.32595931464498723,0.27822916120540375,-0.05947562902035783,0.36996678009473305,-0.2591717288607229,-0.223064825012972,0.3271099241383648,0.05961365124785598,0.1031675916710474,-0.11204221283947993,0.16263522881052012,-0.1147741891346725,-0.09958878766568803,-0.13907925974660695,-0.07299197784743332,-0.08831935662708063,0.14892991835280572,-0.11987678746517832,0.12500643963252503,-0.02743394150988354,0.012758588150189744,-0.06481372013959505,0.10912588137083636,0.016760542180608486,-0.03289296471725032,-0.004749451084408066,-8.048345649805985e-15,-7.193080643328953e-15,-1.711363605411898e-14,1.330120458087863e-14,-1.1975736955547436e-14,19.6666666666667
3.455606130748335,3.114524751883006,0.24635965841352025,-2.500210655892154,-1.9386618177337847,0.15355460843705085,-1.7687657678853421,1.0226314240677186,0.48651392340592287,-1.100113394862947,0.08301124411579411,0.7180341339804905,-0.6274983240009668,-0.31364473672061033,1.5380389162492223,0.959876052528691,0.4191105560733993,-0.007765235285968966,-0.08595360564480209,0.6349529933150595,-0.1581899222187458,-1.016338649915804,0.6720429360477438,0.008778712877662798,-0.29586127898890463,-0.33514061072423573,0.5919409295895252,-0.3976200002860992,-0.23898670640593547,0.6740072853148529,0.0920605465085457,-0.010964135549868645,0.2411559723731342,0.012172608082199719,0.08261763867652797,-0.11462353814301282,-0.03863837226060916,-0.1327324302962152,0.10019080432875647,-0.007028283017082099,-0.09867317820990244,-0.02998409670674636,0.08451042056038131,0.06934262514337677,-0.020352318219526995,-1.0327947898888208e-14,5.829623435773822e-15,-1.42836907738853e-14,-6.8177902954375794e-15,-3.643660705566155e-15,14.0
3.9436567724686165,0.10629315420570064,-0.7873616829591622,1.0228377932353536,-1.0886236617599425,-0.7375410038226452,-0.19807499930911862,1.532297243593503,-0.23875547599578573,0.3757035566761977,0.3269568152739139,-0.13888461836417496,0.3458860362291214,0.8509409728451593,-0.04740576101474066,-0.4032190122325982,0.06166447785040129,-0.2636229179484757,0.2156974906970043,-0.6610122835864498,0.1845440362058042,-0.8040355763601428,0.04670297028934522,0.210131556033189,0.38386443399620696,0.07015249615636474,-0.03698562042633891,0.05331682934639539,-0.10620533382498115,-0.32852296086001087,0.4325126243012104,-0.4194135755445665,-0.01483946444083288,-0.12722713785093318,-0.04771483104571159,-0.017743717223352388,-0.3410557666149682,-0.0638572091679739,0.07323472584459896,0.01234456893117087,-0.05553843979288543,0.035942988108158914,-0.03544032996400724,-0.06330948066756874,-0.0026635957030539305,2.9755277866774883e-15,-3.7236323662403795e-14,-2.1898442522775253e-14,1.532303923843855e-14,-1.02047389842104e-15,18.3333333333333
4.925924671876768,-0.061901250468326174,-1.2204417762060542,-1.2307633524221806,-0.6206431545969305,-0.4041501746355834,1.264998794825751,0.4843413106349352,1.7169555707007427,0.19559093102225372,0.9194590233883561,0.7744745776770633,-0.4358040197283123,0.0870306692020231,0.03510356126937125,-0.17480051408950315,-0.466321164149928,0.256004147256865,-1.0530730400638082,0.08933483191482258,-0.06053914624256742,0.08909868855523603,-0.059032936318500984,1.1061399720449445,0.06706887134109077,-0.3556740718169843,0.6176860770245084,-0.30127792738752174,-0.20832102907087005,-0.4199588163217969,-0.2951899115720333,-0.2836054677278551,-0.24314788744685406,0.06254156132522512,0.144964859200171,0.14229890879601936,0.03564274849240838,-0.017719228460743516,0.05635302123096328,0.0708012782760289,0.06473253611698518,0.001746193221091915,-0.05211466088134331,-0.037395234420830474,-0.0007848633612544425,2.502037817964972e-16,3.197777579254846e-14,1.3119519845014572e-14,-5.667238689772846e-15,1.167542014325687e-14,18.6666666666667
1.3776552033876175,-2.7353617650278568,0.1212960044819247,-0.6168974167966009,-0.3454123101962241,0.7636772568296281,-0.6947440689332802,-1.1587799219974118,-0.029963083768858655,0.6679380048538991,0.29168947394260253,-0.7815287078255512,-0.11652083375426707,0.29262759732968757,0.005314171007340456,-0.463442700567581,0.8372122200165584,-0.06369388883216692,0.5587513972287639,-0.2090189901447018,-0.6366223776704912,0.11249266256983971,-0.5031448773347923,-0.32373888152523517,-0.21971847813510273,0.20520624168391347,0.06239681254562766,0.19002737123714858,-0.03625439661356712,0.32052521657489325,0.0033088100138670713,-0.31579627545561184,-0.08818076229980822,0.196392413300403,0.01704008793921552,0.04420117161534247,0.017121576316899405,0.036709154258558675,-0.08242357191470684,0.003561584267043089,0.08680013578489368,-0.030321309472823993,0.011723495779898467,0.029439532235131897,0.019495085017413732,5.830027227901523e-15,-9.24157934508205e-15,5.022485375443608e-15,4.933525108167192e-15,1.1612701829359738e-15,22.6666666666667
3.9156520613855736,-3.719094644647297,-1.5901749962239002,3.0114895280160847,3.0482421401422006,0.6693123635038561,-0.26184771054061773,-0.4806396040658498,0.7796904097292168,0.5901868545910219,0.2582036946746064,-0.5797400162881514,0.17742552475646217,-1.4181616095484622,0.3022406470123898,0.777845859967718,-0.5061309428550801,-0.045810738863229596,-0.7180244758802609,0.3983347829201315,-0.25857274804579866,0.9550147568944547,0.21825033306749161,1.194688493865606,0.1672548783919907,0.1644540656348095,0.32297484332876625,-0.34581481505966805,-0.05595466413146561,0.19741529974937796,0.14771452527463785,0.15918824399775425,0.041677961581305184,-0.029885866754809625,-0.013390837632518488,-0.04797840954520673,-0.008373143904105278,0.03832485216727657,-0.05322971105378842,0.021586478729613355,-0.04331611809129569,-0.03487304780144624,0.09575366156094368,0.00534077821510192,-0.010981498977528602,-6.915484673784356e-15,3.532631589518726e-14,2.1804899762037963e-15,-1.3326052352204637e-14,7.434488548117479e-15,21.6666666666667
3.2273937362272687,-4.101914312648167,0.9573732472980571,1.2577666439874333,4.234281164661258,1.2136744752560336,-0.42192190304930927,0.4326494293024627,-0.13049434194739803,-0.3869970734225757,0.5885369381399697,-0.8912779218901569,1.0623441271221632,-0.11288863003590216,-1.5170905226488605,0.6129165367717493,0.07440881895626954,-0.562309527661181,-1.0942878059802073,-0.3474853669019435,-0.04294802828852664,0.33268549929160085,0.3141658695771049,-0.17012327377955214,-0.20304666650557945,-0.27039652945784753,0.09138797000545414,-0.514351750326797,-0.19649154361737955,0.14095896385264925,-0.013801786642084207,-0.2086496719330636,0.03857826022404838,0.05600556955913271,-0.05972968978744922,0.12457131006013956,0.08185751088909375,-0.0030297376187352,-0.006851980336665535,-0.060248341016392704,-0.0455630430200498,-0.058987670339314596,0.025229996103234,-0.020663615492639644,-0.005003516788242576,6.128112028197957e-15,1.816979760567161e-14,6.606524197748649e-15,-1.0245562093366558e-14,1.1006307333278275e-14,25.0
3.0458816594093117,-3.6664192104896456,-1.4354181407239968,-2.9283913993539215,1.5008404824521608,1.7770020916968148,1.7743424201158564,-1.4183383907926186,0.10874969141117351,-0.4838382931808097,1.03257985690963,0.4096279846925372,-0.04679746068887476,0.4985089272466656,-0.6671170237124446,0.3150213766153219,-0.9635619905623254,0.18378023587742462,-0.46626607247861374,0.16796356760687112,0.45654884412375646,0.5316384016328985,0.5626455007565467,0.29394988276461137,-0.3622593221261879,-0.228234263168027,-0.18648543860254874,0.0008872828173966901,0.21718191739095588,-0.5478934375171856,-0.21973591460015796,0.058618002238932404,0.218210839943389,0.04830428595272495,0.27936036811364356,0.03702417949012942,0.0595097151826756,0.0634082610884937,-0.3405850886294114,0.26327902472970593,0.0708008156325689,-0.04095191490701208,-0.08514437040108441,-0.019939403909412522,-0.02302992090550567,2.8515789178186543e-15,1.7835114874675623e-14,2.0970483639098893e-14,-2.4457833760079113e-14,9.148828414947267e-15,32.6555555555555
1.517897052305865,-3.432357781998283,-0.3263120901935627,-1.5755589927991518,1.7508213251202185,1.6813798276255336,-0.5920308638331175,-0.9735568419663997,-0.832963017084879,-1.406862543090949,0.35684106808616706,0.35443421919130047,-0.44367340683543094,0.48127102208755523,-0.684214623519855,-0.3499031065353613,-0.24499882565414957,-1.587283428247071,-0.9733614140103635,0.4787544843636295,-0.2654805792215898,-0.3094673865818903,0.6648613026003957,0.5335251318821004,-0.7651943852485863,-0.1589629149036622,-0.4273107662921098,-0.13551527038556324,-0.07104878458045617,0.28539179259489844,-0.09890344385604712,-0.0868495321110501,-0.03624309929680339,-0.34143587374350864,0.17686826159511265,-0.19589682945588155,-0.14972964912541967,-0.07802679994566916,0.0669873532621467,0.06174768492325251,-0.07828945841570678,0.032663002018267474,0.03965037773886324,-0.012610004092029099,-0.01720122042507035,-1.4027816204362973e-14,3.6331702366476604e-16,-1.1523152755315378e-14,-9.73174155793778e-16,-1.0521506236202738e-14,29.2555555555556
3.295374955282986,-3.3347394256829563,-0.19935554141205167,1.616291138107952,-0.05909658281859967,-0.2174811380677271,0.9572567150193948,-0.3260792259847784,-0.8791189388519118,0.42271065747196884,0.6969135907639105,0.8840061522434932,-0.24882775714172428,0.5762796698919412,-0.4742692318863617,-0.2705496913180276,-2.0564753830484723,0.09577344098536156,0.09059796161120309,-0.763638948042776,0.7536261397285531,0.7218562855645642,-0.3714296464917149,-0.39051990247268736,-0.2738771432488859,0.029251240407493856,-0.1455317079564859,0.2834743474673996,0.046759857111314695,0.5402219313497598,-0.015869442179760135,0.07817872946213787,-0.007068616817298586,0.06585130207569798,-0.10155252318470079,0.03373505146175436,0.03501753439002878,-0.07587316791013442,0.021425686683282836,0.095441985482118,0.039056001232790676,-0.06331594502755904,0.002772301995974971,0.047397385253508006,0.004860795288740173,7.358622268806663e-15,7.632898571642104e-15,6.414506048311915e-15,-7.501937511209257e-15,6.1115152699159276e-15,22.6666666666667
2.393732952027975,-3.5251449773968226,-0.8908448180609098,-1.5528579263996851,0.8796547495629704,1.3149242274638149,0.6691519584605753,-1.1504522167069144,-1.5777133639461818,-1.2277692886647542,0.8449017424235044,0.5734237063374834,-0.6473904622242603,-0.25191483878457166,0.052237225349506075,-0.800759380049714,-1.9274022776495816,1.3100201341317401,1.04176670003276,0.23489433758809192,-0.012091539874474045,-0.5683531788874691,0.36017945951506375,0.791980550869039,0.4046337443794357,0.11751893145762726,-0.5414861503836359,0.21266233820320293,0.10035446554547788,-0.6118358858500499,0.028236685920371242,-0.020804918495785064,0.16914315938122054,-0.21246852321076679,-0.0944019212422676,0.011512440673505297,0.15954992860805886,-0.0006824518994777346,0.05064833963667662,-0.0008485971722656246,0.02249963495417924,-0.04645284523974745,0.13245432679898028,-0.002967674922198986,-0.054425113181577715,-1.7971539476163285e-14,2.2541496487105557e-14,-1.625113877149738e-14,-1.4912879471126494e-14,-2.0382894785268676e-14,20.6888888888889
1.824220258810861,-3.184317506972587,-1.2934452872508662,-2.1330638979788406,1.357314949297734,1.7005332671479656,0.4775736682418816,-1.13631350020697,-0.4978362923638297,0.13750060909090125,-0.32276875599234983,-0.009843040773096761,1.2057906142204446,0.7208388476207128,1.200272447205932,-0.25635614156814257,-1.1674120104906276,0.2624007564616323,1.0160303894667078,-0.25922375138314885,-0.8805567778198806,-0.9675320903183771,0.42903867601097934,0.5182321988834049,-0.6574137490678961,-0.0301611923314215,0.04556301892315369,0.4327792997933181,-0.22546065561911055,0.22723217811892835,-0.002560380213569999,0.08231144697680821,0.13787821302094905,-0.3216983536365861,0.07517178909680144,-0.19935075555765303,-0.11049749014614617,-0.10943428157879143,-0.10352670717184795,-0.019029223404107877,0.022538487026895333,-0.0029339605726236735,-0.0445224096897184,-0.08394444331431515,-0.08194782250836605,-6.51244678651299e-15,-2.4251613199086956e-15,-6.593285577428234e-15,-3.00445822426622e-14,-2.018074926471268e-14,33.1388888888889
2.902563832669745,3.490022314046213,0.2772123751989987,-2.7090349468528228,-2.1867181782978045,-0.7729422637444326,-1.0670241175705433,1.1071494972377431,0.2795530786842061,-0.80137542397239,0.9902082608885611,0.7700522072303658,-0.9061729332580313,-0.07390695611152873,-0.21549073589950005,0.5788027039253091,0.7453232687668779,0.4680461248848749,-0.39468270245864817,0.1653954241424402,0.45274373624246944,-0.28303914119260937,0.22612175100682652,-0.006249452405768905,0.5318611243027274,-0.2302173621705258,0.4329235112780554,-0.27462712463008704,0.3189970992910678,0.31932716035688496,0.21330531429399915,-0.03725353665260118,0.1289740271421476,0.11664432368491279,-0.07285419312001716,-0.02631926339309213,0.046381665965940615,-0.10815791997764414,-0.04201728859565069,0.01757442221326162,-0.0230133745138489,-0.10920306220638844,0.08633969892771524,0.12184894038469771,0.011827839708210825,3.963140294984019e-15,1.5352693260388258e-15,-6.660767255121996e-15,2.460077020924592e-15,1.163782717825317e-14,11.6666666666667
0.6333206328841695,-3.6774427676005272,0.5614367903703743,-2.0530005788637817,3.1486514574297466,0.17788909509698317,-0.6379980345704883,-1.073543616710313,0.6916381728449704,-0.44827178181018457,1.1525128165004845,-2.074055931900358,3.991857566573189,1.8311812590875927,0.4464446305570543,1.992357493003107,-0.7637135013056922,-1.5037778020057333,-0.8211249656218145,-0.399370590579878,-0.6073687795078642,-0.010089297188782844,-0.7441406413620203,-0.07244468343661813,0.22500689769181337,0.19492646155264692,-0.44102866275611075,0.054399214202618056,0.23310133283176038,0.3578598287942586,0.22018864900529445,-0.24478096614805697,0.037760967555798705,-0.03357697838395941,-0.20267889506428166,0.1413725650553543,0.0637892355550646,-0.08091596972220673,-0.03484940970592229,-0.08031580708355063,-0.11010336541835765,-0.06744871663454204,0.06126892746731473,-0.01206371907852551,0.015016891923578368,9.335437536653948e-15,1.1046869470964125e-14,5.033321645842293e-15,-3.027299281335476e-15,1.5151543865090365e-14,21.0
-1.274957682479323,3.5267009576890986,-3.572147671330264,-4.131771701461335,-0.08953957740705204,-1.5832272763977067,-1.4418362495806527,-1.6048963921427486,1.246684062370096,2.371210747536642,-2.1159960224654086,-1.3706274622722452,3.207670111022851,-0.4834632158346309,-0.03976953420965568,0.45146670318200016,-0.6654406139499582,0.4546708513102664,1.0526879054414329,0.8200154947019853,0.14650618575356492,0.2111861368810777,-0.15698497488635554,-0.24862670785598415,0.42061825988562157,0.6873377014887679,0.32774136175705376,0.41516513665311594,0.176761218604888,0.27206855481951747,-0.018232598033153233,-0.42868142987150215,0.24241295139039853,0.06505289457160704,-0.19956098823106677,0.1268349614807996,0.026324381123785413,-0.016743252988453524,-0.05373007331790839,-0.003994554327890914,0.08508103652142061,0.051240115076320654,-0.022138149358097173,0.014501085965247937,-0.04881700707353946,-2.1361542032838027e-14,3.9795216592977814e-14,-4.470776752301871e-15,-1.481888267358594e-14,-2.611544275578814e-14,7.70555555555556
4.198261765530951,1.2654013788244656,-0.9934004898279796,-0.2675392313953958,-1.685729822683176,-0.6155416698765859,0.14280078393236534,1.444374295350889,-0.7371333000878545,0.31478338148688373,0.08776241679395722,-0.014607037182573918,-0.4641433892388413,0.32368825150979386,0.0025251223531432207,0.06137464732326327,-0.21568676076851648,0.22847211069392173,-0.029631681061985136,-0.3768175567234623,0.2552664303057044,-0.8115947059715758,0.10197758567873447,0.1360281975680792,0.44891782137851455,-0.08389824441556977,0.3025154339369287,0.19824003569676663,-0.2861006317713053,0.10575901708326947,-0.07538757458647406,-0.06743098087676458,-0.20303545097091133,0.21275374790051946,-0.04296761616922594,0.12544045962622236,-0.19401363827284526,-0.10771230028354035,0.022029144639083866,0.05222927801060924,0.08308724863700911,0.05335901542689577,0.08176903181400695,-0.04789834514434135,0.0034990487131068494,7.93791840262569e-15,-3.4035090543003386e-14,-1.8091938664628748e-14,1.7784280104432607e-14,-6.806829581806333e-16,21.3333333333333
3.0501547468145773,-1.3037764321422975,-1.0516958957684577,-0.9547909197569945,-0.8297874381331293,-0.15189419367051563,1.3488145581555193,0.23602265351881874,-0.31647190894968213,0.7939178871295607,0.36767443443104686,-0.2910868866832506,-0.41212999253724225,0.5914696769639971,-0.30648074531211633,-0.07225587197186085,0.08853397864902911,-0.6628392824578505,0.3216358074156292,-0.41301120222897586,0.3758753070342745,-0.43919047222623914,-0.2557940307588966,-0.020085304349202443,0.19497792084942384,0.01112259817346421,-0.6556590579145208,0.02270750604152307,0.01004068700705856,-0.4941143579132986,0.2895855372869823,-0.40594278116896276,0.13033202119888365,-0.21139523720375414,-0.03312772002320851,-0.026440150260268056,-0.07897962613214585,0.06041940255990346,-0.062176358304241786,0.06702098546717378,-0.0681089155395461,-0.12340652699622363,0.04410535178161262,0.07275559892767856,-0.005231749168730696,-1.7161817116464978e-15,-2.1220101889690302e-14,-1.8721225982683356e-14,3.752498797017851e-15,2.40490830893441e-16,25.3888888888889
2.8029537904833632,-3.3188102317795525,-0.9085895295488837,2.858090565302845,0.3512237822648295,1.8298734524546285,-0.6585920506018632,-0.8481082869850558,2.0349411842512164,1.1547611667639552,0.12659574070865368,-0.45203605838596883,-0.6980464769309233,-1.604149645578634,1.1984673967045496,-0.07062604729206048,-0.8340145686416821,-0.21204066715998354,-0.5484414093176394,-0.48783198525028804,0.19207275395069773,-0.825430430327981,-0.3016416516303088,-0.713961419380394,0.31746544502314433,0.4945773154696154,-0.32677756151576004,0.008109816875780792,0.22907937202733406,0.02308909350233623,0.07502513250703444,0.3633703019555775,0.08856893641822534,-0.030682054563133648,0.10120515767024686,-0.031114749803484106,0.15694168892430757,-0.122492129285314,-0.0025798664813758026,0.07157212530089609,-0.03755248567378049,-0.04688926985657894,-0.04518720268062077,0.07606841759185168,-0.010587563018736493,-9.67429639907667e-16,8.967825202644914e-15,7.20090124068855e-15,-1.097846850571512e-14,2.5070711080845607e-15,28.2333333333333
3.740300018504238,-4.377879517970391,1.335370468885569,0.36098579153330956,0.1289402087624442,1.375847313981462,-0.6800938044164003,-0.8777863809068204,-0.4973594602916022,0.15148461238211855,0.05874490880457169,-0.2350580947195315,0.09015873867826833,0.31134767602831187,0.0017172065360279373,-0.9248894838767715,0.3756152940716184,0.6218769969815036,0.28490615195539964,0.5750055860647408,-0.03894946582754286,0.35392892927820263,-0.2420490709160068,-0.38917570017454034,0.04592182105702477,0.3919490169301865,0.20937386010015757,0.21081319891969832,0.36156216801759894,0.43944048484796766,-0.09739608146733403,0.162484616546544,-0.058624874271046346,0.1028370084087414,0.03379038661250761,0.04319456108134558,-0.015964069234940276,0.0846461392734541,-0.05819761458763133,-0.008148532744434313,0.030012391675344374,-0.047682210165936864,0.04022280596095398,-0.039018040088571335,0.005361329911412983,1.4038185729203599e-14,-2.8255717873671605e-15,1.1468964400054805e-14,-7.312488381130849e-15,8.22719206584127e-15,22.6666666666667
2.834169999641056,0.8611655849267267,-0.7002731441511667,-2.9863942020947976,-1.3905065066519489,-0.05053579491871812,1.0292393968048201,0.276704720786981,0.004957717613283021,0.39320504451266863,0.029431191374445047,-0.7237555814880439,0.26920950490122414,0.4184164283277581,0.5762804777241675,0.9038728570690059,0.014358460245921764,-0.00960135223829554,-0.3353476143925217,-0.12026774312782647,-0.34913877257037323,-0.27350173557536506,-0.3630568190287772,0.15190229446041378,0.5455776818682416,0.008722098197537775,-0.16323154502656725,-0.0011875792481011258,-0.4298796734921648,0.08049515955895101,-0.23365515013309068,-0.11009792169896312,-0.2857061517715009,0.2524672670905955,-0.0537144292130151,0.06250243603563252,0.17214277779687479,-0.1225896470873272,0.2176389999137909,0.018962055578400694,0.08125631234285062,-0.0017921755110396397,-0.0029734776887412697,-0.06834882471157722,0.021587274951153767,1.430369849459569e-14,-1.429558579224707e-15,1.319628429206863e-14,1.4121097046451424e-15,9.00931715707678e-15,19.3333333333333
1.6811622140608096,-3.383100624786218,-0.2694052501422201,0.5799639806355903,2.0965658235078664,0.975639378528643,-0.8252368392309657,-1.0271661014147035,-0.22028540652396,-0.2581589305861136,0.8641384900301533,-0.7217645245427701,0.051302369305903255,-0.5744901757555637,-0.649971424355645,0.09396231861029819,-0.07177207742772207,0.5953633166602594,0.2993489439216902,-0.1777105112567123,-0.12059549358632377,0.30462281431950294,0.13122516104623244,0.17420066624141922,0.3165697097064694,-0.057233635372935666,-0.08904254928100203,-0.08905561700433927,0.11700994962702654,0.1333921635710719,-0.0837396637938723,-0.04937101955584774,0.0785342869180569,0.0728017387046305,-0.010777782154985966,0.07251531383149482,0.07875822756053183,0.014081563281409746,0.07058992885690597,-0.013063932133346251,0.02998878791379019,0.018906746715894544,0.09099499444332362,-0.046497012729719255,-0.01112990581866613,-2.226238974841204e-15,3.84439573194462e-15,-4.551656539470369e-15,-2.12846839800442e-15,-5.502660892905386e-15,18.6666666666667
0.8807520788227401,-2.9641455116786384,1.6918936815004604,-1.3943612240340368,1.9990054982272656,0.48956289374356704,-1.3043595029664896,-0.7348111245751395,-0.33599928768276693,0.010932052482201842,0.5610015153047142,-1.187775130570807,0.6680779028732785,0.06520996043560189,-0.5585844083313822,-0.3491557825958019,1.2278511301560902,-0.3946737537363829,-0.05941683001447186,-0.8878802815276204,-0.1069417528358007,0.5160012381417358,-0.14232520881895908,-0.060768666291669424,-0.5190771834660406,-0.020720159535732984,0.14969532641729913,-0.2835553313155582,0.09034073511823096,0.4286838751924849,-0.09038230188811332,-0.19542308403919342,-0.3833850191479184,-0.07531356552530227,-0.05764642955841736,-0.16814299006974817,-0.2949999445895286,-0.03593164016968815,0.005399875406433204,-0.17611018040085039,-0.010590923923266774,0.12209513988575847,-0.04899291649364777,-0.018592383048075808,0.010508335000717947,-4.963566592353798e-15,-2.3208990320277782e-14,-1.4787394866939658e-14,2.3531937323122665e-14,-1.4445370898678773e-14,20.1111111111111
1.246324912435851,-3.4024405107045603,1.1502531846441741,-1.4880534321331629,-1.4485619781083225,0.9149919448577932,-1.6472953698182577,-1.8753407156596587,-0.5081162312561169,0.2579110416026156,0.09058846132969076,-0.15249233761901027,-0.8107886954989766,0.26187641395125416,0.3387322289926113,-1.743622768261973,0.9482470917195444,0.031554272879408485,0.40720346406654473,0.0608368283804126,0.23445187223689723,0.7725788985637015,-0.47431429683608306,-0.07868411779552402,-0.051089301769783144,0.15077270985480692,-0.14763068492584674,-0.04169865431807209,0.06561227452673843,-0.22535968142687768,0.1382558179870343,-0.16247459808957862,0.10665200242983044,0.12182349362508606,0.11643807321075643,0.28651197012102486,-0.20216736653171657,-0.07880302713693842,-0.038461932722275965,0.005266436855874839,0.06919909481973575,-0.025350663968849114,-0.03582070938269271,-0.021819215915616346,0.01438929808485899,1.1808155017105855e-14,-4.922558850120444e-15,1.0651653904959546e-14,2.8621434100110324e-15,1.5529948086504683e-14,22.3388888888889
2.2617471673185885,1.6406469075048085,-2.3747202179954336,-2.2597393984892147,-0.8553927708536595,-0.46455228666655746,-0.5799912822996978,-0.22413286353484882,0.5527456155874891,0.06839299169530413,-1.6504446627224498,-0.3836420967392872,0.5727047111286167,-1.4931504672880094,-0.820016458708549,-0.24733363290661706,-0.06997980251945143,0.9169259307971493,-0.5564518494591606,-0.232260877828838,-0.5943118357843287,-0.06657660140878889,0.10172939443683332,0.9022002953362637,0.23872236214037884,0.7090236916350334,0.5591167890066002,0.023193154742911858,-0.3645773992391884,-0.16299830586539843,-0.003942884025626102,-0.21265202598846722,0.1744300938399014,0.028309255393952088,0.07551189622564455,0.11810869010971008,-0.17566923667909978,0.00728257255134095,-0.05684761578437433,-0.022941919522346515,0.09742225389289047,0.051341959515380495,-4.878979989056091e-06,-0.03329728720721273,-0.010468505749095545,-7.270854813092377e-16,-2.626464164300876e-14,-1.1612624852052647e-14,6.796728604796804e-15,-5.002597284898336e-15,22.3166666666667
2.379798567626708,-2.4124325533446926,-2.3916614313823863,2.322197026683566,0.8150608521035705,0.7962671771229171,-0.7027888007109917,-0.11465710011820954,0.7117431933623792,0.6441974126638713,1.0755588277745314,0.12469075430134453,0.17131124840863465,-0.0052541273383711696,-0.8756518448828862,-0.28943274754848436,-0.5643998896021913,0.8052264681423887,0.6228604323429914,0.7526250438178752,-0.6902211699519194,0.21231551082554906,0.16249625948139798,0.3814503079884906,0.5155784008531324,0.7199257669458824,0.10871404486365524,-0.02345117547465483,-0.06234665267246274,0.2165517031714866,0.23067974969910068,0.10862714524142296,-0.028835121163023364,-0.007291112354519582,0.05748294638328633,-0.23114233954043992,0.006354381719980018,-0.09840583870347562,-0.11510758293998584,0.0042517871863205405,0.006456077410238709,0.12600594760251457,0.09880280453625778,0.07855756878312073,-0.004740407522202898,-2.6878726301237865e-14,7.85351517278725e-15,-2.0955810686998474e-14,1.4134048319039873e-14,-2.6513627678957652e-14,18.3333333333333
1.6844068163264254,-3.023905214609377,-0.6056120308614696,0.24722059236284696,0.9640625791429116,1.112065412002324,-0.7800040163274774,-0.6208405077431259,-0.5579670005042437,0.5041703654819703,0.2855363038507214,-0.43019782169017035,-0.09248844364230048,0.16039100469403667,-0.9812232339225687,-0.7294601767574285,0.3033939140864508,0.5869215854799832,0.19247549499566413,0.2046073488147807,-0.6583330037395598,0.15951099302518093,-0.14759975167837855,-0.15079880867027268,0.03721583959566488,0.21994360823758008,0.16305332637656172,0.1553410196578671,-0.02929570296488111,0.2729444973084912,-0.028895787371713107,-0.1689191923281858,-0.012819037651412431,0.08040434713251714,0.017628830624898097,0.03517732331608556,0.006337977453465704,-0.04302154446724128,-0.09525643398471481,0.07849488220891679,0.07681523610122036,-0.02334069184400261,0.027099135807081013,0.025397981018798515,0.013583737662403603,3.599031280697198e-15,-1.0859585131635248e-15,3.1008792378088905e-15,1.873838124756205e-15,3.055070729744014e-15,19.0
3.188310641309075,1.8294776019943342,-1.6183747949386935,-4.295554644081318,-0.5159689440341142,-0.17194958169061936,1.9022353477753187,0.5062387214793812,0.4348458091792254,-1.1164154951895444,-0.3599785326156207,-0.7884355986771581,-0.08300463086833712,-1.581499174531304,-1.1223933994996746,0.6204162372217018,0.34910385338368466,0.3231318682077152,-0.2625871916860049,0.581503384768939,0.34710925948481475,0.3860314355511661,-0.3024053078858032,-0.2103000530799596,-0.2878302819841307,0.24866684736154843,0.523002318413738,-0.4838439530570229,-0.2397983810535427,0.022132638011708356,0.16561731539176328,0.005085620642915812,-0.0957941468711569,-0.3036849845197079,0.35264507438883824,0.1722093529100247,0.23287846861614747,-0.010717179615956942,-0.33387178929795897,0.0551080700917142,0.02150248113646196,-0.05355971869760577,-0.07467956424827306,0.032033720085793284,0.022444586815066215,1.6121233849685335e-14,-1.1176171407334397e-14,1.2537289984280684e-14,1.853256896054489e-15,2.108455652612339e-14,13.9111111111111
2.7412854307930927,-4.273217572885756,1.700202326276064,-0.41059848599645643,0.5929791954318308,1.6889402130702464,-0.5476655206175678,-1.2850356033482113,0.12947245263156013,-0.08621372824580212,0.5917929906553552,-0.4783365817463887,0.27122970765293636,0.3707283016858231,-0.5624458573857348,-0.5857864828864187,0.8834459181309656,0.99179383201888,0.8700097506707456,0.5213794026023582,-0.8159460473981153,-0.4941751736799494,-0.8991776496198125,-0.488635811654091,0.39716484126135154,-0.18443426886881828,0.3445249085907278,-0.029478199098411616,0.057506121165018936,0.004033846710924182,0.008428036357857164,-0.3330533570128501,0.014815510761939312,0.006342345264815048,-0.029782823177975908,0.06186435995896205,-0.0583528266256446,0.005703021795829891,-0.07266669750243111,-0.13459073592130516,0.01862152952842434,0.02394748773079166,-0.0026465001066341954,-0.04148113042205904,-0.006314623449797293,-2.318722149752571e-15,1.6719213108774872e-14,1.7809796794615958e-15,-9.76730979410944e-16,-5.825612622637214e-15,22.6666666666667
1.5405605877633106,-3.631377653961647,0.2659592512525336,-1.521614606695066,0.056733695500126524,1.1620100543851781,-1.1530883871258286,-1.4715639666784368,-0.8669154976543325,-0.4038358977851986,0.08287193385127242,-0.26136798602352684,0.2814950400040085,0.46054836353323697,0.1457391467762509,-1.4924478760131357,-0.3810846576787729,0.2987249584637799,-0.5173344005029992,-0.13596295694600313,0.02884399611687486,0.037279379660497845,0.07900356359228848,0.29871215108820653,0.6209886955616682,0.2185454087358961,-0.31040231410779695,0.2992403663344252,0.2434335483621031,-0.32896040194290155,0.1281421605377121,-0.1594841444250193,0.09791970281170204,-0.08081171023911463,0.016370627152560206,0.1703302330109832,0.06079400314696521,-0.010935622438887687,-0.00886700249752753,0.0029804020833699547,-0.06844143784519248,-0.03302819794331827,0.1334587487268917,-0.019628317704695277,0.021083303723801128,2.1442057588818565e-15,3.2771301939001863e-15,-3.3382347816515297e-15,6.737765723294033e-15,1.0025980802037088e-14,16.6666666666667
1.0363434106029203,1.874003407996517,-1.8401868799543082,-2.2952413517766184,-1.3995183472869308,0.08919100771694156,-2.158847218518422,-0.7256296181182578,-0.3243299797597122,0.12675172523444664,0.17519730232595185,-0.17315125206966445,-0.668078708884743,0.07494851888856101,-0.6574378459749132,-0.058966207144815326,0.3693939686017145,0.39888680424552087,-1.0793437458390027,0.1689822707937688,-0.4599893366446114,-0.28767700336418994,0.6181084764881487,0.2368642649815709,0.7916917421703145,1.063582146809968,-0.2707126296005425,0.1621932629603366,-0.1767219640271757,-0.15023017990119258,-0.4435715820699373,-0.2534994777121474,0.4298745112436875,0.16030041722626942,0.08334577986222236,0.41302667284519007,-0.374021030443653,-0.013218294185108769,-0.13017233361146174,-0.1261266114857511,0.17038465886588106,0.16834901849108605,0.08767182259415394,-0.023190933172231077,-0.023546013578260416,-1.5344021267018353e-14,-1.2924669650591466e-14,-2.0178742674158294e-14,1.5413146458442387e-14,-2.596317205996731e-14,17.9
2.9128729681854724,-0.6193237062046336,-0.5571536610491125,-4.313980950885644,0.9051543159996174,0.6386732971388234,2.894164527465117,0.7591753685991934,0.10604718262185647,0.2921610702149514,-0.1200285894151366,0.7604105120614449,-0.4713883101825601,-0.6705847728198523,0.6617531086401471,-0.43892388558962697,0.1248240781722454,0.29588587073600253,-0.005510335211764756,0.23125007856196436,-0.06233207413160247,0.5969961560216239,-0.09636413937772804,0.18342732087081115,-0.5579688257004313,-0.5862920516112551,-0.5137180755847379,-0.44691311657786564,-0.7726507423548927,0.20707912073763973,0.021023508512168658,-0.02464585276696016,-0.14121008671765073,-0.34534574339288987,0.1746492651119496,0.03988795185755779,0.217974979287713,0.034485079299339326,-0.05449138705175299,-0.12307046524025228,0.08140055668227719,-0.08265321298838543,0.0008643102510532336,0.09724596353603358,-0.0411466314393942,-1.0240852482872745e-14,2.250920999103049e-14,-3.2884005616644163e-15,-1.371989189974097e-14,-1.6424916134464685e-14,10.0
1.4758278076226365,2.836583875029723,-1.6370625903450342,-3.3674802351204227,-0.044062044675477446,-0.1108406130690393,2.523880927427754,2.975178058198833,0.7271183572520143,-0.0417052293072224,1.275870644531147,-0.3685679409044088,0.40092848898860917,-0.10759720541258894,0.8484947223492634,0.4078342486423331,0.1547791773255388,0.09782313622901193,0.7358126854579113,-0.7331684055523457,-0.7107627692257821,-0.28119745344767977,-0.48268027838240257,0.33224715397416676,-1.1978026170802296,-0.7714259332941173,0.26563835063969576,-0.089823002787014,0.05169079248603218,1.0063328894346069,0.08154987701449405,-0.08627816213737773,-0.3212987243502268,-0.3873748175420487,0.008185891524788802,0.12119695693237474,0.07499381515004654,-0.10654969206410096,0.24087897868858085,-0.13321725672079046,0.12034017015784972,0.07132744937524024,0.00014642888019702764,-0.004938485300570806,0.06557825653276299,1.4411807619305665e-14,-5.1075081277731505e-14,-9.437901091070746e-15,3.847513899072394e-14,7.749997592170777e-15,13.3333333333333
2.1385200629599614,-1.707760330788565,-0.22947542357201925,-2.0332820196542016,0.4077328777444485,0.8630287080960332,1.3430104421256437,0.11995051838961487,-0.44207918262163504,-0.6858948906855764,1.4151496262878425,-0.9414627909165187,-0.2880942835865997,0.14510858803338536,-0.9180701995776497,0.36197234067539247,0.1745714783073266,-0.16346278311024012,0.22088728820955095,-0.7200417542355413,0.7947321457725914,0.2546053397479778,0.27040707008985054,0.587367852416263,0.3334562657361849,-0.3333193053732761,-0.5053586209907475,-0.6632499359812276,-0.06689224641922198,-0.27642458656410124,0.09407098837800403,0.13753523547326427,0.11937383729019992,-0.124627354192746,-0.03435388670910168,-0.015280995529295632,-0.04682103480058414,0.10488595069944925,0.11130493061977925,-0.04302489389572657,-0.08469828233371414,-0.1185394838703116,0.07382116531544429,-0.046294288771218974,0.046351371362580863,2.5353303308387487e-14,-2.821995857125532e-14,2.92735463831068e-15,5.645229739587373e-15,3.077492024098723e-14,15.0
5.61493997342227,-0.8677270769619909,-0.8930253496120785,2.2407220996173582,-0.967677345811584,-0.6203158241283333,-0.34493111777636815,0.9732011490250114,-0.00430688280484263,0.6910181170002191,-0.4660782302574684,-0.050559350861050616,-0.0448490183868889,0.0374334893719122,0.8337041006020194,-0.14848932889251995,0.3765690399432232,-0.6363733287569316,-0.6019721790086318,0.1776294135759727,0.09471060158002317,0.48214752414213585,0.08540188746140157,0.9241407839860154,0.4378267311513704,0.3674730277887911,-0.002125057797791149,-0.40763341726812385,-0.06800528225036642,0.0638244226298015,0.028570486708638224,0.5380247551986728,-0.16347443381539342,-0.12062056310350601,-0.1218112090308937,0.01327618023400582,-0.1908001845624492,0.03504659521137435,0.23696762756148357,0.03739013983593128,-0.16102968583752175,0.020964807618708475,-0.052832609153431145,-0.08047749828054414,-0.021821088498697978,5.973953974151068e-16,3.464235744154503e-14,7.33312099611332e-15,-1.545140276658625e-14,1.152978778675706e-14,22.6666666666667
1.2443542670775494,-2.98374428983573,-0.010014616842986214,-0.04856323526483504,1.114513940075417,1.1215038191701703,-0.03793968441537012,-0.984478352381683,-0.35139461714799874,-0.19733588701290147,1.002316178841133,-0.6336226931910055,-0.29953814696853776,0.21214365225150095,-1.1350227756495777,0.5762221004707785,0.20583211087397463,-0.06394938241786413,0.1930474437592795,-0.551790830456887,-0.11505726423951865,0.5309481864086109,-0.3341800793775585,-0.2547616637727845,-0.2828980554672477,-0.3105346151249269,0.05744110863648512,-0.17678484119044283,0.07108916951111877,0.20313374043410382,0.02167686511862478,-0.1396810725760635,0.04236918427171357,0.18224184230908713,-0.0214279739650375,-0.021483674367388593,0.027801035621891394,-0.06288530674115432,-0.058773806867543237,0.1244489973772065,0.02268530970860804,-0.029299996235336467,-0.05806603432811237,0.07619768951883074,-0.0024336471619347054,-1.6668167567825447e-15,4.679811514869704e-15,2.523322727355427e-15,-3.210197062512809e-15,2.0035012695317177e-15,26.6666666666667
3.850335068292765,2.91552933306262,0.370079234703484,-0.6383051795878698,-0.9959859205916034,0.2424306548771044,-3.7923765988234006,0.27172957977234385,-0.41409643427923276,-0.36350364531041784,-0.33929023615283394,1.5794620693153145,-0.18187341749795002,1.0361967712282523,-0.166316244579312,1.0627022400305535,-0.02739085469319419,0.2815970943136817,0.21053688055369146,0.4913282010346217,-0.31566959188807053,-1.7975865527068866,0.3954567714498314,0.1941382997971312,-0.856819659540371,-0.0904791384953404,1.4565897975368347,-0.06086171218484186,0.42536690859776677,-0.166407519494935,-0.4590383095441234,0.20318671017325166,-0.04733718600938572,0.48979287779846964,0.0642070950086713,-0.20237639784493539,0.17128715802664224,0.3212150246087154,0.15381671956141985,-0.36559588503547386,0.018006187024514356,-0.37413563045415615,-0.08197372722011644,0.08824598558810187,-0.04656598631186551,2.908888832572779e-14,2.5076365529566892e-14,4.1416115025428225e-14,-5.57475489788899e-14,2.088801173452341e-14,23.6666666666667
1.428074220829815,-0.0884002657884492,-2.747897712746068,-4.133378132542997,-0.12619428877545086,0.15548803844390155,2.1486507979911664,-1.0325614746548573,0.014156335304548205,0.5946867701897869,1.0216388864238306,-1.0848387513593678,-0.18068132573566306,0.33398156245182653,-0.4453264553143903,2.13486962222721,-0.662464066264018,-0.490770742963698,0.03270862041681049,-0.03511605743642027,-0.3320090439655601,1.029526873727769,0.36531205048786874,0.6657957003405479,0.056094739472296956,0.41621521333277395,-0.5755276567212577,0.18021929106893375,0.23386645508430332,-0.1722333432137904,-0.4489711195805303,-0.21074217622021074,0.04309805526742684,0.20507165961786328,-0.06797539855945607,-0.10149109504015875,0.16971134870048746,0.07108327196041667,-0.0023818507526393246,0.2176948776038094,0.15796359426774628,0.022694048494716547,-0.10880798402991244,-0.0366538089229848,-0.006999100751693713,-4.0926451335081744e-16,-2.7429942464649826e-15,1.5760658243711387e-14,-1.0953826349702468e-14,-6.163049303054739e-15,20.0
2.391666692832425,-4.193250731517624,1.6454344199697273,-0.9703204943485565,1.0366599408039558,1.860293816396548,-0.037911023319305466,-1.7409865826586703,0.20107983868631632,0.5830373803690657,-0.06453982379163382,-0.40845125742940364,0.18453595504903894,0.7733323501500236,-1.0984242897782706,-0.33025100274089353,1.7917369500838254,-0.338957605147448,0.15796340745697013,-0.6450768981395596,-0.3893179668525514,-0.040707868311173075,-0.24586883810074278,-0.3950034903310333,-0.4130222367010948,-0.4833667627169617,0.43557226781360575,0.06728477916532964,0.501959550649386,0.2139627661477773,-0.18271542401006124,-0.048496359546612564,-0.12235987607762472,-0.16243646560849362,-0.03299851987214917,0.014459027582815701,-0.18539609616439345,0.023884221646520196,-0.09869312758767859,-0.04186496967760634,-0.0753200424126617,-0.048460217133743405,-0.0034206969120640736,-0.05229498006817271,0.010756714353022561,9.872313360143923e-15,1.8883452761792962e-14,1.226505309037977e-14,-6.179135193064304e-15,1.6220289314666146e-14,20.0111111111111
1.8622287192669564,-1.619821541478951,-0.7424579519018479,-2.9000880547599195,-0.2318804062078783,0.7298710748526336,1.543918810263122,-0.23336632844883595,-0.09320870494200843,0.43621174540337027,0.5371270253718531,-1.179973412664203,0.51454239202229,0.45652091235133146,0.02026512086595646,0.2524120819427312,-0.08146251388451947,0.03685701101478957,0.20620545368309284,-0.48945750003265703,-0.16083362916214666,-0.016369998201463884,-0.04256891515970772,0.5164133213591625,0.48668887074354744,-0.1606065761779639,-0.3787801906100544,-0.3122183688716126,0.21114956931191453,-0.08074667010981344,0.08012113302124302,0.0790004524059446,0.05844852220545864,-0.07930433988500593,-0.12294460276644446,-0.17873607268225875,-0.06359213903382033,0.09156308889686852,-0.048288673078161495,0.04341292994382196,0.03765837127256758,-0.13111643988474186,0.12097755827808403,0.024887814001494916,0.02821814448994078,9.117397367031318e-15,-4.0626386453221325e-15,-1.5152585599914403e-16,-8.723475069810036e-16,1.3589361657070223e-14,22.0111111111111
4.658921546082348,0.44311272420910036,-0.7683489011092629,0.7722557798050513,-0.3355954347269728,0.34278428427014046,1.181805227681431,2.0391169062263637,-0.2173515079068207,-0.14848728941394937,0.30098479743107054,-0.34852277329582415,-0.00642123166470337,-0.4381681014591031,0.21358669023549648,0.32174368363440214,-0.4035777550860869,0.8775914785916157,-0.37987154963543424,0.005479176697480674,0.4892639748177518,0.08784012398409348,0.22760229840357712,0.3788537639582896,0.7267341097077327,0.2989148896017428,-0.23424844848860102,-0.1671379071141544,-0.008604984432616118,0.30402870716919755,-0.08677213503491327,0.34085583488070736,-0.2691646549620257,-0.030917113380330305,-0.07478775662901889,0.08838869649509941,0.08851360310268856,-0.030092437988412917,0.20349840583142773,0.042600124308806386,0.10517765395976925,-0.05269080683956243,0.01310445169068086,-0.05492457209931747,-0.004986860602063202,1.6237432636407742e-14,8.065393489121484e-15,9.746683983345237e-15,-9.666212282278436e-15,8.961980625541165e-15,27.6611111111111
1.8433609431044276,-2.6794853955346216,-1.8577021401240479,2.0972067683229905,1.1207131059531923,1.1239070584976714,-0.878406792630057,-0.2973847262556228,0.1870492029611375,0.73123519852949,0.08685254445397755,-0.4265918976407635,0.3115829662267793,0.3135517516812018,-0.7959416767065467,-0.5278389331672955,0.16674806859352762,0.3240884381681889,-0.31300968835103965,0.49856062104648446,-0.9193748134978135,0.7165250866740467,-0.09805987009124732,0.9355008496609625,0.1464071371689241,0.15675890435260162,0.4158883791284798,-0.023319635162229388,-0.11681339514949167,0.10191744083065332,0.24024375868270373,-0.33444038391612246,-0.011459577353034262,0.047573606257018605,-0.021950870890627056,0.009298245301266888,0.036630345505997926,-0.06935379740583124,-0.04046322702831305,0.08085559333490305,0.06389775817104323,-0.030855068946904114,0.0007587989950601919,0.04874990793968923,0.010072661350157618,-1.4892162290667987e-15,7.889747257874228e-16,-7.280107080258977e-16,3.643295214203182e-15,6.665306348737425e-15,20.0
2.567560002268147,1.3093784861208324,-1.9084146791759231,-3.2089035564612653,-2.1677207798919573,-1.2615978277966688,0.7283608102162681,-0.1438342543874837,-0.7841402244111255,-0.2447252962191774,0.9512682404687905,0.26956491819429756,-1.6101069654015825,-0.1521521821755228,0.09925593224408134,0.2796089525385681,0.12908212821306853,0.15236627469942904,-0.3360311863912601,0.37322269431109195,0.07851175265342057,0.6872445372154945,-0.3068699820562499,0.14262295717552714,0.08253574254468056,0.0434487387976548,-0.4305255698841693,0.08269350190308572,0.06152462360647706,0.00011908164862404447,-0.35175190214372776,-0.30148296892464255,-0.09056316795272684,0.2269450357321835,0.046298952040202145,0.19119052567315084,0.08539900059244436,0.1288040212109737,0.12636533642664802,0.06819195067894637,-0.018368729351464438,0.19367515272923655,-0.012557598422820908,-0.04136755004961534,0.005375702810583258,-1.437684186911518e-14,-1.4475263124580205e-14,-1.291066019944104e-14,2.250931018410724e-14,-2.0044671089104086e-14,16.6666666666667
3.166686820327168,-2.5585367370467273,-0.41068808549391406,-4.118622437317984,3.9965885227791658,-1.9484440489959864,0.1359565785255307,-1.13209263276422,-1.3844584936215678,1.8836346974724312,-1.5512256636962451,0.8127368738414049,1.3518835656218622,-0.934159479263562,1.8592336015704152,-0.2009751988255589,-0.9621207621585899,0.9898775490853569,0.9319221497566161,-0.18464824697282425,-0.1946757543779103,-0.09384958227377253,0.08961542286752025,0.03096293662020759,-0.5951270042650412,-0.4244249794357455,-0.2821444247477944,-0.0005602694371058025,-0.10897423946408673,-0.41276045194466404,0.010894791543049601,0.23351748320929663,-0.21015043633892858,-0.11320943428011428,-0.08511709289571229,-0.09256369114011315,-0.08715495372296668,-0.060965824829859974,-0.010937477406597746,0.022905833869436693,-0.06211290661448131,-0.094958787969189,0.09720417455427192,-0.01432844938029692,-0.01775223548977113,-9.497706406828515e-16,1.3281277022110597e-14,-5.679026486403656e-15,-9.941137328407929e-15,1.4947488387653622e-15,26.4555555555556
4.800764483577167,-1.24220442159464,-1.0566034817419965,0.9394146028717774,-1.3525855226748456,-0.15414641083173017,0.7145188815626788,0.6212986920965352,0.5510717791231349,1.2859714726956937,-0.14149303984708111,0.021589898850601946,-0.5215668180717987,0.11159720497930499,0.46943581762159536,-0.3264979815843617,0.5551306634394153,-0.6015914466354054,0.3211036741524638,0.09062434078812379,0.2932380317459826,-0.212108274088042,0.017280688131229766,0.20546978537842173,0.23055886951854349,0.13005604540969112,-0.22664005054240402,0.021760369264583444,0.2428987994041491,-0.39386926967627106,0.3435965604416555,-0.16687316158418936,0.09008333373491458,-0.08636800608660652,-0.005201313182486126,-0.007702747677393868,-0.06951177493807048,0.06743203382926116,-0.08421644206651548,0.053214110864750454,-0.0034436789422082567,-0.07221397873780351,-0.03223944480990782,-0.004441329016855173,-0.01558172077053415,1.728323165341489e-15,2.3764398774095863e-15,1.4636692628616463e-15,-9.046064932760564e-15,4.341637032161138e-15,25.0
6.799244079585892,-0.783220733809184,-0.4509763455510247,4.0074188898146,-0.9713996655274765,-0.4374464944433028,-1.1787689064719529,1.866414963862443,1.1070224582386279,1.1077468275291154,-0.5171248825455566,-0.6110646363410118,-0.10574114393285677,-0.7928517806025341,1.8545544610762152,0.1902968054154957,0.37479993884783575,-1.3349940063030292,-0.2954673201437124,-0.08409501280226556,0.9878900505903634,-0.5638271266195733,0.6020705380288859,-0.34529223273881554,0.14230625307435057,0.6909371557953028,-0.37538022174233304,-0.022813778755360843,0.0990453760751185,-0.3583265119715261,0.18837192501352956,-0.20849285983201318,-0.14312009313642338,-0.16687890340956768,-0.03275041918118767,-0.044492187679011974,-0.11997105975682541,0.003884682720834602,0.1009743272068366,-0.0322359345653064,-0.0806069921226605,0.04088882600493839,-0.05922137361511643,-0.1115311431834608,-0.011796120416774535,6.55706694910042e-16,-9.437794305621367e-15,-3.101587526458852e-15,7.414090923589297e-16,-3.619595090252626e-15,26.3333333333333
2.0214500475243056,-4.100187932403362,1.0524277990598925,-0.39954631431053017,0.6103975900134114,0.7347094995269314,-1.093134414957905,-1.8497326465317019,-0.44031024005396613,0.22730918144910386,0.4569638957222948,-0.464742731634379,-0.5727951725219913,-0.8072961720406738,0.5206995497161424,-0.5412319522405973,-0.2748429270406754,0.2511997557163898,0.5932856579045742,-0.7693236167592942,0.8759017493888056,0.644511035090981,0.18401476917947363,-0.1349022720557755,-0.20385192239614386,-0.010326712363318084,-0.16067496393520173,-0.05842067921336708,0.3003312968741907,-0.13456203122110377,-0.103963326602564,0.04166865835148485,0.10553891334102722,0.11742133402112062,0.09266319645310063,0.13922863260569526,-0.1869170719818918,-0.011742819178722962,0.02167588522010836,0.036848971942488803,0.023342197291881275,-0.06157053489799029,-0.00409467481078622,-0.030457181217417903,0.014823930269653774,1.509475850327704e-14,-2.9190299815341266e-15,1.2160610562067219e-14,-4.963440154863039e-15,1.8351382256838608e-14,19.0
2.628228976676387,0.14992370382187353,-0.15438971540591961,-0.9952545094346702,-1.6063565437586513,-0.09880759436965199,0.2081290942330585,0.6495343716474504,-0.053272900570795055,0.8544227139585976,-0.17731591476926098,-0.32463864088648614,-0.5685491987395027,0.395844853154176,-0.3755909438830037,-0.7563623287923597,1.282321226787527,-0.5232936870148489,0.16450254005469914,-0.5816244484312225,-0.11447067954382285,-0.752978087749327,-0.20635134367093738,0.37199972455892955,0.4740425018547026,-0.3667365044414219,-0.010046018801946013,-0.19297341680202415,-0.24050463304007003,0.0604671109904911,0.06075547702776314,0.2527884918434795,0.013015866807779405,0.34991555976240535,-0.0050696328291976,-0.1565856452965805,0.15952937051516905,-0.15220119038876806,0.4156030806326301,0.041880716556538335,-0.04180860890615171,0.02867068136078928,-0.1743557869478801,-0.0922206666445497,-0.01856290609685836,1.1528841832452742e-14,1.822060722523103e-15,1.9793171214504978e-14,-1.8114675691068026e-14,7.391625529691402e-15,24.4722222222222
0.9075039380296905,-2.577352931068052,-1.765677779397171,1.273234642505198,1.2404046939284399,1.9111310396770025,-0.9457831957697783,-0.45229689618080515,0.3761480846498225,0.6198422074504488,0.9600814965149584,-1.094100116456927,-0.2643512686659185,-0.43259768765747914,-0.8385004972507749,0.10240461220020969,-0.30972038511344396,0.366484019447032,0.5920391611644594,-0.33448112897793386,0.09557920179996002,-0.34078406925973465,0.3538291961486431,-0.4889941184842454,-0.02360836514811145,0.3454265945276179,0.03542684810254973,0.17534331819804516,0.10003204053598333,0.5813738274295059,-0.20147778400763094,0.22061661689659626,-0.004219939492729978,-0.027729894342858757,0.020356336501948187,-0.17450353814183178,-0.19885665876586714,-0.023857344137175975,-0.19290477690231744,0.07649618029655876,0.1259977749500902,0.0754382444787613,0.03896978107717539,0.07343974706371008,-0.0031783224165747616,-1.4559722847246545e-14,9.817784596827063e-15,-8.643069286482193e-15,3.9771816454139676e-15,-2.0516211557105074e-14,23.3333333333333
2.5282309157766685,0.12242934779847459,-0.5563824628391552,-0.15521090617604094,0.12805332803812988,0.048713588460242305,-0.17210773000722232,1.573540879536104,-0.896238138029233,-0.007720019975325542,0.6861624901367971,-0.7000628777721195,0.10327787301675485,0.45512594852580235,-1.1055368414658355,-0.29363880787528945,0.11289328856999918,-0.2621167968159971,0.4263616927434722,-1.4343923688095228,0.6390417250754061,-0.6799817563054926,0.9135824158471231,0.5991200469311576,0.3018803362753619,-0.3192766745628323,0.14324763897712728,-0.025336962894802525,0.14159442494069424,-0.138886503998305,0.16671804450961517,0.1532207660425692,0.12982846970979411,0.17353948623409132,-0.017262460051699385,0.01672554193330755,-0.15776518660436795,-0.10049872411771446,0.2168479867510854,0.04940395194799796,-0.00972140593922422,0.041573885746576326,-0.04095896397187012,-0.06874621803036064,0.00019653120714303572,5.100307156630918e-15,1.7493058487490384e-14,7.885658255665721e-15,-6.741843358202223e-15,1.05383736880916e-14,17.6666666666667
4.328630053638842,-0.30412747906375215,-0.38226174366026494,-6.262298156031488,4.927607462100979,-0.3127912034078571,2.1864829273701196,0.9775112965573413,1.2299678523322624,1.5437227255294745,-0.881006795040294,-0.04184201293903636,3.778565614682326,-0.4498474670387963,2.7539853977525444,1.1021106594284076,0.7011894189875838,2.1186284636642085,0.0673933167202024,1.1316944287234636,-0.47265282437897616,-0.7526679306813663,-0.7411930369198255,-0.4601080806631471,-1.2174793452706445,-0.09679412789864023,0.24693314675730638,-0.09426308750882571,-0.024138308983506475,0.025575776841926162,0.2916357977222133,0.224461859745403,0.6098541344367675,0.4317337334640478,0.0923436900984646,-0.4267551002818788,-0.3041042283836894,0.09852888789744468,-0.25166830001894663,0.2826160215337596,0.24504373889707753,0.08290906322236276,-0.2180735527971884,-0.0745186622479791,0.044273012209909285,1.571384634902876e-14,-6.248989557998459e-14,1.8618382689858888e-14,1.6670637967214612e-15,5.5284219290776974e-15,16.0111111111111
4.838976875059807,-0.5382699226560076,-0.4048285128607052,0.7868886627277725,-1.1812800284025715,-0.1041904468562493,-0.08626511172443149,1.5289866893903084,-0.5168727352626918,0.3735907649670099,-0.306614744162034,-0.1700527012866775,-0.021389528986709955,0.5673284988617936,0.2977640388330749,-0.8073064075363827,0.42129562611229854,-0.4232551268267715,-0.6664434135072994,-0.31745764362727985,0.13199643029676125,-0.9560610676233211,-0.2793724663864238,0.23239365014911753,0.17285461206448632,-0.16261415951188632,0.1195774405895319,-0.06649018562767632,0.20638896090106776,-0.3905355129695777,0.0905229511037908,-0.06790225915417669,-0.19918407747159073,-0.1257794913512105,-0.0346740924757371,0.18307335133439256,-0.04711777334819516,-0.006167704960063362,0.14868995906236412,-0.026503305619735365,-0.1198020284191505,0.002492683128984247,-0.051628614155952296,-0.051921551885051445,-0.013994606029224135,2.466939860220181e-15,1.0272742178825317e-14,-1.9947570236835835e-15,3.190244746634715e-16,7.974780126040359e-15,20.6666666666667
2.9692932116233153,-3.650886259017433,1.4476415695060505,-0.36058150719276255,0.5871044905450065,1.4374306094924678,0.8076213967679524,-0.39677395018534517,-0.7746279342282965,-1.0508107920783685,1.35974250830603,-0.14060744100990788,-0.42169639509192014,0.3451187211752852,-0.8030094961843885,0.5763801398056817,-1.0416386019550923,1.1496920504113206,0.9669476395265176,-0.6411427674772805,0.5029127265731159,0.21860332335654756,-0.6213538881522102,-0.3132712607608866,0.023827468215333623,-1.3747533370233578,0.6278349237231082,-0.7193257597926953,0.2611366193631948,-0.0240060869527745,0.19367317553233634,0.16755184444905113,0.004955610995129812,-0.011252805743592019,-0.2276425792854169,-0.12367754381747309,-0.030538005431118547,-0.11517184911419502,-0.0750266931353706,0.02012957859207436,-0.15219832702941816,-0.018999370402343344,-0.024491283702790637,0.007137871000031103,-0.013727862705002961,2.570000243616537e-15,-4.0598255617451295e-15,-1.325156556310455e-14,1.6042363895140976e-16,9.944975074014086e-15,21.0
1.0768377183414497,3.9535738045247752,-2.661843122257435,-2.918710488259102,-0.8630184678759798,-2.3527832288931134,-0.346568246734328,0.4184552752232839,-0.8164038325113725,0.8363482715087125,0.5289418727200287,0.3667069689635793,-1.791054511206487,-1.0233673691810858,-0.4590821750586189,1.0660149575270834,-0.08541765393192383,0.4077078095049415,0.3392786837555996,-0.7018532060824824,-0.295684272956644,-0.11856300081556508,0.33329681428304136,0.1728948935777635,0.156232773706333,-0.4103956265911366,0.31344933570988354,0.25146074540391894,0.15818132988913577,0.6848359261172073,-0.18774154804949375,-0.16188671067654933,-0.12475341452182456,-0.1613477927068756,-0.0191002983705408,-0.056561587674692666,-0.1896188149081874,-0.10540864320366869,-0.0978642251731486,0.00524468345014652,-0.11799988389508,0.05755191485481658,0.014876421032106226,0.03924143235516141,0.03495943830420487,3.17347282987181e-15,-1.5406551374625973e-14,-1.2373988467591458e-14,2.0122548980966928e-14,6.357441650152173e-15,13.3333333333333
2.047973019680431,4.227831827449123,-0.08030489406261387,-5.0823711619374,10.87896790865572,-7.825088377582534,-2.499271530173673,1.0145572512782033,-2.335225575560769,4.046687190311012,-2.914056322464664,2.2877126153970493,-0.6545805346068786,-5.802232082924059,-1.2615485138779572,0.7128866965152846,1.7742783211676707,2.3347910861757906,-1.0427133570511606,0.4760408279340608,0.20821034731549698,0.07638198064894315,0.6195086574803477,-1.0602441666964515,0.11927991311780216,-0.26426039807782165,-0.7082684156531356,-0.19912695000352856,0.21357835746166184,-0.14347198721375556,0.1335076165425185,-0.292251080160239,-0.2790061192121973,0.33411863174389156,0.03865454837172124,0.0656053024232211,0.0755446463610223,-0.3208182909056353,0.016831065465143534,-0.044554353408731553,0.0006262349859876694,-0.1390258745378005,-0.002463817794094833,0.019061367993524876,0.029081085865619555,2.7049261181065776e-14,-5.86714414937593e-15,1.4815246040206815e-14,1.8910328702029445e-15,1.9623787823737275e-14,14.3222222222222
2.7673881681538273,0.35808780726922174,-0.9994045541273683,-2.5607941461786314,-0.8414614417065993,0.8751368575059457,1.6154577798417322,1.9191044298816762,0.15749392803263687,-0.03241496945781818,0.7155540597156994,-0.6814969368027034,-0.38521778449035704,-0.16851770596976023,0.07523040790904686,-0.9406370816642229,0.34961781020777427,0.34850155810072986,-0.6680686844677901,-0.4099604202582488,0.09505022953296131,-0.47379681122421624,-0.29680015882642974,0.1714841727413262,0.19281983930533855,-0.6059924278814555,0.12316363912800547,-0.1575145582468381,0.13857216007561562,0.23245085695415388,0.060163023972159134,0.03675967998269554,0.08404395219676264,0.009179494955498625,-0.16207489892850988,-0.06295573697036697,-0.14628274930464288,0.19049798340240545,-0.14621974951273078,0.005502000692289079,0.012699708603740908,-0.023492550297106514,0.05077004699559872,0.02002272658579419,-0.00036380832512039173,-2.720235229761637e-16,3.713693028316007e-16,-8.920550921177982e-15,6.525441388475154e-16,-4.001419246089301e-16,18.6333333333333
1.1298914211782696,-1.9699787837783158,0.011700613507478365,1.4638197188449944,0.7083751105541558,-0.2145056856315619,-1.9204632972199687,-0.12701912767713291,-0.8095416515793784,-0.8267370621348381,1.2418132315401287,-0.18867806883089366,-0.2888202247019824,-0.000723803327531085,-0.947163551482271,-0.001966562199288375,-0.20995852699918527,0.5906293986632976,0.6945863897398523,-0.004797173841443795,-0.6015433332373487,0.22713472187895944,-0.5670414838574145,-0.06638797538407552,0.6693114069764363,-0.2251012951005411,0.05025349148559837,-0.45179813698881754,0.2756708307755193,0.15403687720443351,0.4704052979713908,0.12204170445758399,-0.1338684538869063,0.02981024566083527,-0.1694594978819971,-0.12173911708354607,-0.14340172872719242,-0.2703006148127814,-0.11743679530462393,0.05024859832385739,-0.045941781587276624,0.04859448438241468,-0.07565719789518503,0.0274273775413824,-0.01644143004035136,-6.519797153226158e-15,2.6559023939208178e-14,-2.4109032477181583e-15,-1.4868566691945952e-15,-1.269717322398651e-15,25.0
2.6789354039475683,-2.3607491193791774,0.46167719523746764,1.64334133722378,1.438106761116871,-0.6228656278660565,-1.7560599568315955,0.29822960977793106,-0.4116560833301917,-0.5259949458715016,0.4354291768935899,-0.31332575205994206,-0.3948274611725739,0.021069636472160935,-0.34020493861510787,0.2475036006389408,0.017046866980395915,-0.2015354417103129,-0.007159931348631951,-0.07668914405167469,0.14412660324406973,0.8035568316804638,-0.16615390554194132,-0.2610071725436608,0.020588382648762647,-0.29001752377131756,0.008764154997235008,-0.6083997033845827,0.16841911695911177,0.12889017676254577,0.4393920914318817,0.18325255497888757,-0.14883367364851594,0.1499189816399241,-0.03764685745111089,-0.05928458598182265,-0.025131470949338226,-0.209138070799008,-0.11801005849082181,0.07533390065456715,-0.08170925140775988,-0.0072695902570623925,-0.08118122550798117,0.06658147550727901,-0.014209770571284839,-3.4354502955810897e-15,3.121846415980392e-14,6.138434360649405e-15,-8.069808318241737e-15,7.019104361188614e-15,21.6666666666667
1.9719965234694525,-0.3568270050651087,-1.2836060853501188,-1.3332161287205957,-1.092493260293141,0.07519181850638239,-0.5063639057827682,0.18242979286283212,0.10980327326334408,0.9251848297485055,0.2554617785824926,-0.8275052348115526,-0.18945226692452885,0.8921228984677301,-0.6749908998459346,-0.5589967583909164,1.4051452496200425,-0.7589955004533723,0.29415321820578416,-0.4046563215710679,-1.0695846296871099,-1.506086812561731,-0.5703240957221901,0.11288010201186349,0.3152824400189186,-0.17897281275492494,0.21392270565933952,-0.12415620205498148,-0.5106969197568337,-0.11322681647605788,-0.06931902575293496,0.3478109645322026,0.3983963419389913,0.43715982502663814,0.005136283230032923,0.44195604462655413,0.22111940075779427,-0.0993450237503443,0.11788483990122532,-0.01947375026218786,-0.02040768122338387,-0.030498326776841715,0.01104416938076747,-0.011788105706131096,-0.017865332037555557,1.0288888713733014e-14,2.1280370885313582e-14,1.6467898846188798e-14,-1.809399679350176e-14,1.7947222372450245e-14,24.6888888888889
3.0589151968000348,-3.0345082070895217,0.3479214010795518,1.5380045463315144,0.09852583942888342,0.5038100273928302,-1.403704900703811,0.017385280768287336,-0.9026417813478387,-0.49023270087181275,0.9404371645215812,-0.4911686631714847,0.27635486680663834,0.43715650980358006,-0.3248457861933752,-0.638884324617893,0.22295500821430494,0.44342343599840683,1.0533402941542314,-0.6209721538575157,-0.09843316058557228,1.0207000497154533,0.6668855742621675,-0.1408078532987885,-0.1950234624156621,0.29657718134284644,0.23598534288466785,-0.03195786057576265,-0.15177032676517369,0.4700005572667927,-0.1282061138899605,0.17264974544601844,-0.11510833461200594,0.1717849050542937,0.0029317481742392112,0.06730213876192238,0.12267113046769483,0.01809317640188012,0.0009606178495402005,0.009745136004082205,0.022126426811850487,0.004352443838384161,0.045674580542948484,-0.032611687727587615,-0.0014272696441117963,1.1486957874091647e-14,-2.4979362855591718e-14,-1.4129418272741678e-15,9.23718117606079e-16,1.7712232175944217e-15,20.3333333333333
0.9754856219251395,1.785430844661389,-3.265329684024523,-3.4432057310591437,-1.5009665660727602,-0.10276793903491471,1.3511483385885077,-0.4160397310357143,-0.023668253197410095,0.36396589152710845,1.0267639557326267,-0.35565795463508204,-1.5687754432292407,-0.27266703116664265,-0.6159985052956024,0.7218055804160489,0.6913935841267302,0.4343324651654813,-0.040546391856755105,0.4003425084991689,-0.030625713559747064,0.553875137139553,0.018687649678863733,0.32924062584425784,-0.04744989655294051,-0.010199174004898968,-0.4175335792035702,0.29578983790563446,0.29837943812896983,0.23332907306974127,-0.572642363725098,-0.5376529463497652,-0.3197051942787482,0.11766014056290254,-0.1646781217254464,-0.27513162740142555,0.27727160472734663,0.16838575815936657,0.12868164203479235,0.1676525653417539,0.06207995230591468,0.14972714089201414,-0.09264796544287422,-0.023292850953342277,-0.009262881380122882,-1.9635994379478018e-14,-1.500903178133259e-14,-1.0494777415208177e-14,1.2231019622433898e-14,-3.5005129547731484e-14,18.8888888888889
3.3194795931199743,-2.6690380479077027,0.5905875383740007,1.4227692758003192,-2.0292597282658913,-0.8494336405727333,-1.6901591954530635,-0.29838952626070386,-2.1478839654815443,0.2923403731546423,-0.8494058691385585,0.7568915196062728,0.06310124083851566,1.1019722472966078,0.9290888666333242,-1.8468792703402035,-0.8944546883168136,0.20357016470544892,-0.7316807828901369,-0.2294530129424373,0.14750281648859107,0.47621723715471626,-0.6356022288961742,-0.6003669263499063,-0.16109354680667576,0.5923047347613336,-0.2145416799787179,0.2984231878039446,0.06947974995484507,0.38176339566359624,0.081319031515115,-0.0016709825032830321,-0.30981808254726384,0.2390736209300022,-0.005138724394943734,0.008407679953690243,-0.05359189763185472,0.016433879476707703,-0.09431173218157007,0.040765581078704906,0.046613943618723626,-0.05005074193270505,-0.08403808529792352,0.0665177640401283,-0.027313122105832303,-7.152337784142053e-16,3.121020139796515e-14,1.3749314254178783e-14,-1.715536407811791e-14,-8.2850021786197e-15,26.3333333333333
1.8244609463721373,-1.937679509739989,-1.6311126374451197,-1.451554820802253,0.08801862248771022,0.5087447537268975,-0.5437166459763744,-0.8144449079348939,-0.8729737399515969,-0.501976696081408,0.7887413159701601,-0.038566227656840237,-0.5231130652502294,0.0343477155183059,0.04610571761483135,-0.7607004468802099,-0.006512855387006989,0.20340934017128712,0.34700855121239554,-0.4435295021876309,0.14150357942357533,0.3006634566258959,0.7995167274220131,0.3642210074729965,-0.21612629734424396,0.23011225690301654,-0.04785504150547016,0.38642446097126676,-0.04714376370907668,0.08729722284264207,-0.019982409201357253,0.039462850886928455,-0.005696963281286055,-0.019386187663188233,-0.00908209102524797,0.07194221207373437,-0.0399731621598678,-0.01084953196965449,-0.20286953250765116,0.06566451800411426,-0.05929723271068963,0.1243251745875656,0.039205863896254134,-0.07158950441022267,-0.02381801420153081,-1.3328512761398712e-14,2.7331481751090624e-14,-3.1237058099392238e-15,-5.178454213326635e-15,-1.160344863698158e-14,18.6666666666667
0.22506988251266027,-2.4545184651319074,-1.9724167083179627,-1.3356354778967043,3.7488002851252626,1.0528910924249666,-1.4842068564316748,-0.43227970738066473,-0.4890226726900374,-0.14930558459081442,-0.14421737302359408,0.1737485670355959,0.27809061652658623,0.06960795378235597,-0.7702699154254359,-0.20064339828501274,-0.14802030882503353,-1.0417668092077272,-0.7328234213228554,1.5412582994557906,-0.2886792653397626,-0.38548814301127804,0.34054900636978575,0.3029723592394027,-0.6367633221110132,0.09665707852835831,-0.6284856863464012,0.11590488591908253,-0.08986707002051703,0.30847795112452264,0.08227066615143408,-0.08112727587981262,0.09379670650111437,-0.114359097040217,-0.05890548835066282,-0.03342011390657756,-0.009830882309459906,-0.19154067093977317,0.10976270861856972,0.09050427278459601,-0.020770142915413792,0.05089219676799156,-0.043366140967122976,-0.05743112321104662,-0.001882123962175812,-1.7997249058078964e-15,-2.957012722728716e-16,4.017832509496792e-15,-2.6608135518860498e-15,-3.301822217631356e-16,19.6666666666667
4.590686085458285,0.5695774913470851,-1.8284370044570653,-1.0779537523094156,-1.1954258666026236,-0.7724874257768515,1.0632409121788877,0.5690053247506405,-1.1095987640191776,0.30045588330301504,0.0047180225728873345,0.5580716731335329,-0.7530566631755079,0.477325710366657,-0.20894058354557246,0.49018851637976474,-0.43586498794931544,0.4199660533913725,-0.8928827074078234,0.3420328521594794,0.08331237289218417,0.22625169597818057,-0.40739244004364256,0.07927783520981872,-0.1455785713285719,-0.21405757655342156,0.11084870689143277,0.01701701355043081,-0.16821389004983944,0.03813851699543899,-0.5284683607763598,-0.01838278258666137,-0.010575288163431918,0.3443567231126667,0.09849941863247863,0.1708735173773635,0.1144723850193251,0.02492480565027236,0.18499418826327982,0.05241616138190256,0.045758520432203284,0.050452785388419075,0.02221371192125643,-0.07851824505978644,-0.01771501805120269,2.685499425788096e-16,9.044589942170283e-15,6.945056531287412e-15,-7.779027355313725e-15,-4.073197569507988e-15,18.6666666666667
2.443326673867047,-3.5044459121716836,1.0576061527111418,0.13338122545891795,-1.5933566021764447,0.2988913314354322,-1.409119534918215,-1.6787880525438146,-0.4830523272301229,0.535321189044472,-0.19304104934517316,-0.32006688781395454,-0.9987005146773862,-0.4784975493745757,1.5418845453131331,-1.2563124004005402,-0.4539708385148386,-0.5565678434401607,-0.4054090499635433,-0.8953476531494393,0.9847936005245914,0.04763383021342388,-0.17126433097470772,-0.2691889295672453,-0.5244650371957276,0.41908493477996134,-0.08066336306758058,0.3080253006145207,0.11892989178188204,0.2660485781973683,-0.20683550040486282,-0.06526724357297356,-0.14713841047749407,0.30387225468794643,0.08104695604613649,0.03105790897125981,-0.08027430897477895,0.022027908813315067,-0.0156287178966091,-0.05504701229406852,0.05452738524118533,-0.028396234417661675,0.013281705214810832,0.025805842610867238,-0.007315265782405276,4.1572078310155456e-15,-6.679205098368597e-15,3.975607649765104e-15,-3.1487913313075293e-15,-3.949611165475137e-15,22.7777777777778
1.5868620626958108,-2.8110783429006156,-0.7194333447597323,-0.829094394845645,1.0340164200373267,1.0806154634274603,-0.5991903294332696,-0.6918829216687542,-1.1541428551922568,-0.8979080400712421,0.2990714716227852,0.6715766340755546,-0.5502503275546738,0.003256805640074429,0.16830967392799387,-0.9539490933446052,-0.8555467156271107,-0.011480483955832082,0.38435108557427633,0.24526299683009473,-0.3193119241565963,-0.7586433492051307,0.3548997045314289,0.4336754176926398,-0.6118641781399777,-0.16314013590397733,-0.0725589335596536,0.33563756795324345,-0.09969127266946351,0.29308292304608247,0.13483137535392517,-0.15850641804479976,0.026538746977550733,-0.22620008854539994,0.029046584576546425,-0.04986086309789355,-0.11798762006248578,-0.08764460217776796,0.13418179778392314,0.054746074682639284,-0.04360315750739974,0.04598751601608971,0.05425913068398268,-0.046336351649074244,0.03097817554590258,-3.6356578605752073e-16,-1.262271352826223e-14,-7.062775738569961e-15,1.2777622882817304e-14,4.007802753656935e-15,24.3388888888889
2.6492908484952364,1.1630037830106539,-2.5100233793463054,-2.5567174583184404,-1.5084523487872605,-0.45407622848089213,1.3159144991146652,-0.10791878921698339,-0.12830388609763507,0.5009323774653941,0.6242717971475342,-0.10410421088412797,-1.5103451996231279,-0.23070613864282297,-0.14787905096282777,0.7772685053548074,-0.12592402536550987,0.0879467139327578,-0.37737685731879916,0.07082005725856312,-0.11478229480489989,0.11475624435635279,-0.21298556737999907,0.39139660387632286,0.007499333815648765,-0.17557846351420886,0.03292736091849267,0.0991283346111226,-0.10691635120422964,0.0517088137229823,-0.35531170929897643,-0.3016882731926212,-0.04873356735528547,0.0509118928877778,0.07565580110770367,0.08734883770875368,-0.1690191558481378,0.032663367532874944,-0.00513694576243316,0.07354303793170121,0.1030577329225638,0.09106850082744153,-0.019101313253400844,-0.04408125373517922,0.008607583107453423,1.3996737248308478e-15,-3.744659232154568e-14,-1.1725030362674257e-14,1.8078503498802047e-14,-5.911790702018477e-15,26.6666666666667
2.215138456134611,2.4949479268023462,-1.1705270470079925,-3.1749281463628813,-1.252483290449838,-0.6481395920556062,2.0863387694891316,-1.8177776566172599,0.11905461348185298,-0.9736671151752554,-0.6230424132329904,-2.274550107383586,1.5811172374135194,-0.49859173155218045,0.1295249622920543,-0.57451633912138,-0.9185979033122966,-0.9550936042550945,0.36911100665583196,0.8162421269203329,0.08758535450200028,0.08468833391621779,-0.3306320258187217,-0.9923297681964582,0.11571392092935663,0.6486318136245118,1.2012004474071267,-1.144844860822445,-0.11554649681838375,-0.44269887015102616,0.26971115501018367,0.22476455420775926,-0.4757848337233904,-0.3564041774892335,0.22607202583744507,0.11190752247083655,0.23347141190994147,-0.12870940968805686,0.12343576688275702,0.005439819852793593,-0.0761901819126837,-0.07509297665632281,0.04610545326438315,-0.09335055845893336,0.017246364720006565,6.700533658090084e-15,5.732752765811741e-14,2.1754420151266305e-14,-1.170499868491886e-14,2.7591215774816e-14,18.8055555555556
0.6737043996336589,3.042942382294827,-2.3544230239765653,-1.790501303913284,-2.354554065953448,-0.5956362993049522,-1.3392457416436578,-2.3269540840558767,0.581745001242312,-0.22811007683502135,-0.7626424747487396,-1.028980412239975,-0.37371755492958825,-1.2634578749964567,-1.106792786671505,-0.4036047240573054,-0.1665399795523614,-0.5133695065226919,0.32779858062560485,0.728698472259925,0.31930841228732154,-0.2640439873699679,0.25808991644696516,-0.7247969151880725,0.2812130169149852,1.1239664481125589,0.6131068796729439,-0.07588351369878017,0.3615738598357193,-0.12258040899797346,-0.21827802006728161,-0.2496343641791208,0.19760497986525719,-0.08782188006171318,-0.1781037300023394,-0.0025723673405520044,-0.019243735913665568,0.06784350906766724,-0.017206080945724823,-0.020433468717523755,-0.03495283408487977,0.10626073761351086,0.05521453372849967,-0.01845074226984647,-0.038093677004165986,-2.75810771279527e-14,9.330570096441548e-15,-2.2715499890425058e-14,3.1286393585824935e-15,-2.922982240608274e-14,20.0
4.178320870709129,2.931403460214437,0.47547646138207256,-2.5761064159306994,-2.1328633585535055,0.20836954756644974,-1.951684796683475,1.3580439138796212,0.6135395261204173,-1.1950549717225691,0.45422365775657386,0.09684528574309277,-0.23766448747398877,-0.6123104287129267,1.052468377207132,0.4327008997372713,0.990036020250739,1.1980432810753399,-1.209476438002283,0.6708834695673845,0.41831372160361524,-0.3042504884539423,0.8613015642334587,-0.1434125318364809,0.5824317991140944,-0.03422829413089235,0.537598782479718,-0.846618413419879,0.1459908942545865,0.2575284479412376,0.059484361522486394,0.2151504921101771,0.09448875400989683,0.19589290729171707,0.1770579865989193,-0.17078793903325495,0.011188107396479295,-0.07682178365030407,0.0696456294116084,0.07635750968801719,-0.022521058812648116,-0.01600160633548391,0.19326375754007458,0.0023242792083455247,0.02138965675709613,4.967448182285495e-16,-9.823264869727867e-15,-1.0358927715525851e-14,7.461278969565744e-15,6.8470639712766055e-15,15.3333333333333
0.09219068418779092,-2.8584871285197684,0.731628122335694,-1.7385921100773436,1.221459330953947,0.46908284973465997,-1.4473900999520655,-1.4942836092424352,0.1350056195001509,-1.2864097437225404,0.6357679828333721,-1.1574072098824517,0.3117591354935276,1.1313112338523639,-0.21426409576830818,-0.20206179691943077,0.873627182332677,-0.8805166434721021,-1.2173452230798856,-0.24744939496910354,0.6012675104006378,1.0340391635789357,-0.020222200921694623,0.2407463751218335,-0.2619572150014283,0.49785420050507123,-0.6529253934269988,0.25767806144065136,0.74396951220136,-0.009702266748343256,0.20156987990055367,-0.3279941049105891,0.031340581611824576,0.2612214817667047,0.24822918603382108,0.3486591755140438,0.029130527843133303,0.02292364618115588,-0.07984587491197993,-0.05061257991322379,0.137275966645182,0.06772226124316293,0.021982341220534756,0.027838713592169897,-0.01895181015607111,-4.087695221653197e-15,-3.639444105432675e-14,-1.1129919865132242e-14,1.644912266628336e-14,-1.5533594910432487e-14,15.0666666666667
-0.1710646281220351,0.6055250836888298,-0.5010702320112866,-1.6884924212253845,-0.6095894249992602,0.48324865096007397,2.4268830309635847,0.7590982691979488,-0.2172763503787669,0.6622252310663652,0.43559159206906245,-0.7362464778584001,-1.0008159037992441,-0.3919565470068086,-1.1763774772418878,0.148424489658342,0.45001677603943746,-0.004276830964167741,0.6393657807997122,-1.6080024800004247,0.3968268388017729,0.5055526286448117,0.16442912814094676,0.6835971198438122,0.7018598196003278,-0.786507684386424,-0.7305051029134889,-0.456182143129681,0.43767616843797585,0.37367947891087494,0.4735953298714768,0.11602136384292058,-0.1553212772244445,-0.05846749439118725,-0.3043683230175991,-0.18713115604570021,0.12172227047382281,-0.06497493728757428,0.432621311494138,-0.06640194264125442,0.0854488571926034,-0.11333139398829833,0.05825029969304747,0.01931087689230485,0.004710763330687243,8.886684862668238e-15,-2.211660075120735e-15,-4.537394801533909e-15,-4.336198790333754e-16,3.0891134701154928e-15,16.6666666666667
2.356132818140264,2.2433112543296803,-0.6627684343014213,-3.8014268789945267,-1.5862767429574163,-0.1794595779386549,-0.13400036176538324,0.5594060636901158,0.5965711124128084,-0.02131712075682793,0.5083839966263877,-0.7518868978686436,0.5724447461891183,0.5100170501901294,0.5069349771267504,1.190022121136553,0.34665817521476616,0.23509475127739393,-0.5928455853163335,0.10954122259001095,-0.5593669407918137,-0.5314786171460607,0.002890779281928479,0.10119456378822289,0.7202015092333546,0.5679339444783339,0.09950209859889415,-0.45188393363937546,-0.9096501129845327,0.19000818669152272,0.14390353821973903,-0.008092627260405185,0.35672983633509736,0.2219035437718441,-0.038676264669554664,-0.3039695771943418,-0.13522772198883137,-0.16833599665774393,-0.15374731195841218,0.03788027517479903,-0.03095548846269183,0.04977596331217394,0.0345249844173326,0.07891006835145861,0.06625011828855504,1.0602821138014643e-15,-2.8595905145879804e-14,-6.388893270830495e-15,2.1161116832635718e-14,8.800388681800195e-15,16.6666666666667
-0.056917315794974194,1.8084141617325455,-3.68593846912074,-3.5960210383837774,-1.1557919129858252,0.08718900013161598,-0.08546186919009746,-0.7382501598351802,0.2672953653769795,1.1671581014177403,0.30488867433900835,-0.9472537842883985,0.04186748052916565,0.4683425546212787,-0.04585474898174367,0.8920258288541701,0.16952136607085921,0.03297831624605994,-0.23437563889009658,0.41530255083072243,-0.25221229910197307,0.26357659085847746,0.14011202974520573,0.5061339323573815,0.4009571646398032,0.49885116704091936,-0.3780645835104552,0.4091643344588155,-0.07859312761429259,0.1506001816374159,-0.30056857030287054,-0.3209191569904997,0.02109846016415262,0.09718898046336015,-0.07647991300299099,-0.0349548754130469,-0.007932252387422388,-0.008017722540995345,0.038759720528838845,0.08399979434552861,0.11213676044002338,0.13743306302678523,-0.06580854679191926,-0.006068099656035659,0.0032534548303477405,-1.1132736859344149e-14,-1.8482986028652592e-14,-7.729903799631287e-15,1.3949735478835006e-14,-2.032184706030505e-14,20.8388888888889
0.8119022956694575,4.0633870577289075,-2.75924843580274,-1.3213628056531923,-1.8846723679094952,-1.9151363676304034,1.3467897079599591,-1.7270316259992504,-0.6092652790189764,-1.1579435459081704,-0.44803979253529286,-0.08172966398670496,-0.41509446537267475,-0.6466270296217409,-1.4295284769395176,0.3247014872890166,0.30084282133914997,0.042186950049745944,-0.23007398263444848,-0.4125523641360274,1.1683028031016562,-0.2081449417507495,-0.9662947963152753,0.28715715922213136,-0.5148093960566489,0.7365133280849935,0.4326805825049902,0.12074908758094154,-0.02974553784496068,0.30670869139170315,0.009625043666905825,-0.13875240562964777,-0.12943691597302331,0.0288153156941196,-0.06857274294556359,-0.1334154164140464,-0.04163142893559127,0.015568360331827557,0.16923037417502168,-0.0815607744883895,0.081508570852253,0.029169895848005042,0.1481763805096411,-0.015588964202603382,-0.0013818064020850872,-1.0039954548888032e-14,-1.0292172807646392e-14,-1.8840414356823957e-14,1.1799707547631421e-14,-1.907172773798613e-14,20.7111111111111
1.2534904685544848,-3.0551781684811337,-1.3722287772262391,-1.3780689060391658,2.16231808665577,1.3996870942091026,0.06212344252953602,-0.6435703693983583,-0.8877438753313147,-0.666891070807652,0.08506465522858923,0.20512070243581618,0.3035254810891615,0.5436413530907133,-0.15371544862023642,-0.3459329426323956,-0.9664925777828386,-0.7918529318867539,-0.7020187579131133,0.33673046029527826,-0.7723274678505352,-0.9258691663570117,0.25717794665031446,0.5989524484144371,-0.746419779903273,0.12272178329749701,-0.14506043229205917,0.4591086159431435,-0.1690831522702998,0.44555093939085044,0.13280222823091237,-0.144255391775892,0.17428370068779991,-0.24054158466509565,0.10620286143744596,-0.1243919039498818,-0.17219106629234648,-0.05805913269442544,-0.02478308494899434,0.1323414501616494,-0.06429586297390691,-0.028906704267025837,-0.04571019219351757,0.015474278705696898,0.06207169072261468,1.2282936068500892e-14,-1.4323801181638397e-14,1.2277073233173727e-14,6.096251259750099e-15,2.4335828171724382e-14,20.3388888888889
1.157001929855247,-2.931599939923491,-0.8022119957619631,-1.3243528867798489,4.239473311399375,0.18519820937626855,-0.8056554564096504,-0.5749957674014955,-1.3799283394831785,-0.7916812507908795,0.20385034608304836,0.7397797389505699,-0.4419807167195191,-1.126694501204048,-0.7279144864964515,-0.4692357631626626,-0.7883719751846912,0.3021969905608812,-0.1941135194717078,1.0822435877951864,-0.7701643631494877,-0.9716006456333413,0.22281184605050877,0.1742795641965398,-0.19160634460361894,0.009492795876023655,-0.6054622971972008,0.19511392921089302,-0.12819668519405503,0.11387908410327623,0.17933789208182568,-0.3136324736727524,0.12030219615624539,-0.1295744075515329,-0.009897766621584246,-0.04024557109141106,-0.01042430773395544,-0.06593140237342401,0.14133173377209,0.10575220770156227,-0.027484537305719273,-0.0008690107031466143,-0.033264772923653964,-0.0688896959126187,0.013668817238320271,4.61465645589937e-15,-9.693757221468727e-16,5.918010027278048e-15,-3.3845266753604885e-15,4.592217549458272e-15,19.3277777777778
1.8021384140875203,-2.618987424969385,1.4230268400899455,1.1085529389314497,-0.36916594860807744,-0.834526285481788,-1.464855688198826,-0.2590836757056578,-1.338767070561736,-1.4456664910643247,1.3693783014007146,-0.2612256064765791,-0.5358366870533364,-0.23959932775659468,0.26874834269246506,-0.5151339316982635,-1.0461131575316287,0.4915385785280076,0.22960229703021895,0.05439376939642587,0.21503246166517861,0.27345598477263827,-1.138007694442638,0.26617856404852464,0.4158984960782481,-0.17263261287142892,-0.18235322132598772,-0.33517099621568236,0.16674007716962663,0.2207502782723669,0.1997046573048751,-0.24093032173830686,-0.17817928111822098,0.3170408568243381,-0.14061433606236945,-0.011226217805121955,0.030977702056101567,-0.11060166636088822,0.09906846969328209,-0.11809341836325069,0.07097909165890529,0.012660622767201563,-0.09650066858276803,-0.025306727254102084,-0.003870419034240118,1.0374942171129681e-14,-6.215707503552108e-15,6.585555511716429e-15,1.059508330692873e-15,-6.381661670486622e-17,24.6666666666667
2.7952771054817074,0.0954618369738776,-1.5427065953813648,-1.796003250988036,-1.2500901723043745,-0.11886860526400007,0.6207575446135354,0.5532357648563404,-0.15111920873531226,0.5618875675533663,0.17641630779765646,-0.2759183583801622,-0.7260116655549338,0.015336198791925968,0.05050971721051705,-0.763500363972042,0.6047254878084077,-0.07517843792930895,-0.488740677890942,-0.05504252392509176,-0.3374403532676592,-0.228956441024036,-0.3117957520660581,0.6774243374326514,0.313580327646323,-0.1908608404644392,0.05259483582414123,-0.06212483275422881,0.06436866881878364,-0.0339965014524465,-0.06681565431521004,0.14995884450576946,0.05614663871803785,0.09783757184587676,-0.10324539129942534,0.09218875549187533,-0.054141370221428536,0.06865259355837502,0.064435589164912,0.06400383319033595,-0.042650160676099884,0.017757913881409963,-0.021011407939718476,-0.024038269164907325,-0.012973075609783715,4.093489420162631e-15,-2.0214724656427566e-14,-8.226215778272185e-15,2.319994214534783e-15,4.344458051299817e-15,30.3333333333333
2.299318440002341,-3.346747644714848,0.24122096627898135,0.3241202082244332,0.17459956305531568,1.7339414570639204,-0.20109323516520386,-0.5910178974135687,-0.16686297139995993,0.09178525159867726,0.1931037715483688,-0.37461869872091474,0.054679910517397165,0.06771527556546615,-0.23539356565395625,-1.0146327741362051,-0.011788933281938021,0.9808311149755987,-0.14458949757088677,-0.046025739106612125,-0.6599760946361896,-0.21364561782749808,-0.3672367083484744,-0.5298938078916287,0.34480327968795965,0.2340617015421193,0.007570555144981575,0.2810524647972082,-0.08318715874875415,0.27275668881948073,0.019983253395393454,-0.27363657467419966,0.11296010829615624,0.028168445107562678,-0.07472631410438377,0.14973619347732994,-0.03841746361402692,0.09744006243632614,-0.05147820921979734,0.024920631724858585,0.06616785432635079,-0.051889213661230844,0.050459282195630215,-0.011552026502972775,-0.0034360799292695843,7.2416367843297e-15,-1.595755202774702e-14,-5.748131508683236e-15,-7.347863713483768e-16,-1.2336420402104737e-15,22.0
3.6470982759279846,-2.6149954560890745,0.4086455933792041,1.9544618520950536,-1.1461339596429905,-0.2415501838815198,-0.5654391810477807,-0.4095158823498246,-0.4689396718687435,0.2534355404317468,-0.0019861357263798473,0.3419696416465381,-0.8745574554121103,-0.285932589849428,0.9189967712865337,-0.041172998081579246,-0.6071851836678043,-0.0422668669983631,0.20096376179319678,-0.22415138546900137,0.20023549282300887,0.3628503812834133,-0.8504405319705416,-0.6184269386726445,0.1470775409303199,-0.20812205272734874,-0.10794616951543637,-0.27355412720226474,-0.05179254589951615,0.24032486264674494,0.22504326334630356,0.3722427850695431,-0.08128307805318048,0.1517870270231849,0.011020199333381095,0.04467800806718309,0.20423119312798932,-0.19438123869963247,0.0070219949321841885,0.05595938416209802,-0.10907942797853781,-0.04430495977130785,-0.08851187962303726,0.06524019154051691,-0.004594511561238457,7.547624946034625e-15,1.4685344549670407e-14,1.3050420355087219e-14,-1.0125511791897146e-14,1.3707389886727772e-14,27.8055555555556
3.214229617169281,2.698769158079732,0.9678991719373906,-3.050999719263325,-2.257403019036321,-0.0745295054072168,-1.9207721049241004,1.0912625271592304,0.5646057786113323,-1.2888249625395396,1.2131613993376207,0.10155333729656617,-0.9909089757697933,-0.5822351700405053,0.49037921278417385,0.11581683984607379,1.4491040954958083,0.45950314679062093,-0.0672135266454312,0.22965097082602948,0.4894683548118026,0.1126788069709641,0.5631947840030879,-0.23890683946813346,0.49944912259920843,-0.11565631941298785,0.4461411910443435,-0.2325169821401474,0.5364769598678769,0.11644106835481655,0.08718355536510457,0.04222877822566847,-0.061089323426240634,-0.15373993544738104,-0.12335496660150162,0.12350882526584812,0.023361377266719777,-0.13150927377573937,-0.03147272524193448,0.03238160801956941,-0.04623476700832664,-0.003666705535976793,0.08128097230342389,0.02347953627009042,-0.0023418267715636454,-2.616918521322191e-15,4.301308737521403e-15,-1.3836186819979125e-14,9.643598045051331e-15,4.317738535637341e-15,15.1666666666667
2.7878091192038386,-3.69878892027483,-0.26220449769679843,-2.473323091894217,2.8478806892673747,0.8413268588081492,0.7955347419159821,-0.9224099206779693,-1.5951738762771783,-1.25490292546919,-0.12693594066981712,1.098755931586281,-0.6279553741946916,-0.16651278472294984,-0.1648973555485232,-0.09586668452810831,-1.2617303536039084,-0.8375547812299386,-1.1251958089679273,0.8811132566716003,0.34558407621765064,-0.09908472671893423,0.31179036865270027,0.6865070077975245,-0.7331436111884065,-0.1706156114181274,-0.9245817918585266,-0.3452624965102321,-0.05732580780182698,-0.4473192597755515,0.01562808262705219,0.07208304069486343,-0.027247098833245918,-0.15927382831175962,-0.08318395130237279,-0.10020978301231788,0.05270081868153829,-0.01702064298051511,0.21844619499053974,0.08328531881575717,-0.01619378025605861,-0.16289074967231013,0.05970845827363649,-0.035486136752500876,0.0035242242434443505,8.021258153121877e-15,1.4637978449622894e-14,1.2052486625434106e-14,-1.6644890961429083e-14,1.6533596661117702e-14,25.0
5.656686063653071,0.6245201759336324,-0.9001227301932015,2.4855255616755705,-0.7411085188203208,-0.07437503927477869,-0.028227193876108253,1.835297408987693,0.4218101969367066,0.7287437131466457,-0.21395678463527032,-0.41754316958012355,-0.03291914513199792,-0.13748575551903058,0.22592057559057374,0.8257292062010547,0.06991631116297196,-0.10119184254988892,-0.03202461337947593,-0.27454275175641013,0.18593004771686203,-0.8617449086104331,0.5803784627364346,0.5237569687160906,0.43632343561308695,-0.07198786806793601,0.5877541509295257,-0.01280558515212089,-0.13408449198113856,-0.049691692012317525,0.010674535369704826,-0.17667159439894511,-0.3629474172838774,0.07003637745109179,0.036265319510162215,-0.08192200759602476,-0.13795874762453184,-0.17630320861408394,-0.0027702262597633586,-0.022080869033866406,0.1076944250328573,-0.0367711355395308,0.09004101083284179,-0.07393478454567469,0.008525236462242512,1.3078328898224592e-14,-8.907976871666325e-15,-1.5768504205511817e-15,4.039045185572717e-15,1.0052247765325596e-14,21.6666666666667
3.8645662185054066,-3.643794492655185,0.38051606572728175,1.9475045083626872,0.25518079872003696,0.9278719766591269,-0.3935682884779969,-0.057168965828915015,-0.3017562474988819,0.33497009823100216,-0.07216317744769432,0.05603153643302414,0.8279153037489801,0.47019937727730454,0.26190765344543854,-1.087849304455359,-0.18930127403850383,0.7968881969790227,0.17183587120726662,-0.46270196580474926,-0.27500354503765184,1.355688559037191,0.4060383111392905,0.16919932756704864,-0.017213498765230425,0.48411506561714185,0.22013862519009153,-0.019530237349219725,0.02819223980246389,0.4921037102583094,0.017465092987013806,0.49675008334851367,0.05902024954864178,0.09821517078788573,0.004175243684519839,0.10121861606041997,0.09848041982632891,0.05625775669630018,0.0991104876449734,0.04990252961095812,0.013422909468268733,-0.04326686837203664,0.014770655242481851,0.002423972891325368,-0.0077996270651709936,8.271120696584019e-15,1.0646643971879498e-14,1.1675455769263565e-14,-1.5053679844587652e-14,8.993590127953705e-15,20.0
1.7689998551465542,-2.729845493096172,-1.339163396139573,-0.06178054126093724,2.0166256226980837,-0.07852657872079924,-0.24824591534443666,-0.9710254678823356,3.333094985938755,0.35470309979245634,1.3894078387220152,2.4698126695839497,0.1702739502919131,0.48412529133280735,-0.5932169263758557,-1.4343690060871646,-1.3046460519531344,-0.6303043010181908,-0.26729894027277895,0.6154087208919545,-0.8313659472146558,-0.5831401997292625,0.16529817704423283,0.1999069826364132,-0.6037507335370478,0.49666317121446546,-0.15270740348503553,0.48405507516859236,-0.30458547298848637,0.28480427480491693,0.14593364620558585,-0.28412264258223036,0.01707022364853738,-0.07582391169954342,0.03274650821937283,-0.0684493487631644,-0.010843737286440312,-0.11058951878586429,0.18869444192385598,0.11504686348117751,-0.056451300463261175,-0.016091534051378024,-0.012334291281310257,0.06907400459159772,0.023085728600843923,-4.997439769568581e-15,-9.198349385103304e-15,-4.263974332061468e-15,7.393852210389839e-15,1.1903507830410006e-15,20.0
7.827717152035919,-1.4370146514287072,-0.37484780348574714,2.9925420767816084,-1.2934107821131884,0.5039364709381924,0.5357259129123652,2.3465508115536102,-0.09038443080221456,1.2414569424153212,-1.0160666843027966,0.07322839703289838,0.7851637427160069,0.6249303146187597,1.0826594998551897,-0.4705947375540355,0.31045371758361645,0.6030001966474309,0.279544522158653,0.7814848172020006,0.3970616566380657,0.08139065182290159,0.32474504781913616,-0.6534775567994032,0.3050372472628193,1.0010945521437273,-0.18794294092254124,0.0063621763725811445,-0.06362418193764281,0.1862190884323536,0.03686151464495078,0.59236029901316,-0.01782699789418278,-0.11683737083748849,-0.03804219692275861,-0.05449440533486242,0.03300428679812655,0.07954577903122433,0.03712296577297346,0.023665259661522282,-0.05420241672072469,-0.03275390875832157,-0.02616016914828631,-0.07877321167329303,-0.009348996832365236,1.2687772103689251e-14,5.737562751068052e-15,1.4158988399806543e-14,-1.8125144074726964e-14,6.146996399618743e-15,23.0
2.663080736230594,-3.154423083407868,-0.34459493143704845,-0.7008465675000662,2.95959559580416,0.6114171327400482,-0.5024852677886757,-0.6022037513736943,-0.8030670462420509,0.4141997230774228,-0.2602200560535304,0.7330752808574778,-0.30713730093212616,-0.3865713448719706,-0.4049614797894227,-0.3354518572923174,0.01911768753054664,0.07430489020013745,1.089985909068672,0.16856818907417856,-0.8026632863414963,-0.7916443306110289,0.4912427440741872,-0.037103405129604236,-1.2528029326743941,-0.6896693089951866,0.497027460814988,0.20445111093354235,-0.2054797325282028,0.18996991610728414,-0.12411163953892135,-0.18698663598631038,0.03271115425044739,0.11114114163377833,0.1284413518919376,0.09991989795525201,0.16384028803774775,-0.14551961538013827,0.146630690067394,-0.023281315339755415,0.030760313805252598,-0.04029500934115784,0.15246947583980208,-0.025685239155263,0.0038772927523241358,1.6218380541802603e-16,5.5969197561113286e-15,4.716799489970504e-16,-2.510744413844577e-15,3.6762302251047475e-15,17.3333333333333
4.021371007075853,-3.164565622615381,-1.0872979287796416,4.217464521163428,0.6716706487905729,0.6656070193820218,-0.5851929026688116,-0.5941924432522221,2.3597949918778074,1.3612619067903755,-0.032291636408493925,-1.0655173080655314,-1.1969557444084844,-2.3535916339599243,2.209942758351467,0.8133632039714807,-0.7917566541320803,-0.9809863152768556,-0.5497087555824397,-0.7284382645408383,0.5857194739283987,0.0676769135599446,0.057766307326404615,-0.020750913712807795,-0.4248757951052478,0.01735169180647442,0.09115458907794594,-0.0722716181929473,0.05980452610195971,0.2156044235287625,0.008123586400640188,-0.23723368010377766,3.880060974702467e-05,0.022562708007622,0.04746713861888617,-0.044749216941984284,-0.09167517155370927,0.025361412720518284,-0.051979335695257235,0.01945235277784253,0.04886132058468618,-0.08370384036857502,0.0037479087272438423,0.019808151470351,0.0053794832385145345,5.545550942626499e-15,-3.7619879014010326e-15,4.830096568271125e-15,-6.3817321858197946e-15,9.384002989578873e-15,23.8333333333333
3.5377282927698257,1.8438687498113822,-0.3825272381599108,-4.0853419244466025,-1.1580936479580226,-1.1729925738770466,-0.9041659315294548,-0.17096616612425317,0.3783552309761402,0.0675018725638959,0.4346290729282641,0.3165842073126904,0.40088571072125945,0.13347248243099052,0.647863740857399,1.2983532149795018,0.16369075024213994,0.7831175519666317,-0.1544958732072088,0.7429370371676237,-0.09662294678880823,-0.173404524451714,0.44766555091923965,-0.026937621831825565,0.48879082726320006,-0.06971827846858528,0.3587166598775844,-0.4461452820453073,0.06347352665720606,0.0914448650773472,-0.1713133964409709,-0.05063017609870328,-0.17401219621715167,0.1630452216423683,0.053415734263658414,-0.5163980727504109,-0.03282201778516848,-0.14069382879928405,-0.09864553554178448,0.030778836980672634,-0.13308298075512748,0.056125623793405514,0.039955021002024874,-0.006718646506760668,0.02575453274778454,-6.759121349191788e-15,6.0583686684523165e-15,-1.5045358180195183e-15,5.9590172812625585e-15,-2.0293503268603203e-15,20.6666666666667
7.194253305663712,-0.004158078306332744,-1.604222964914667,3.9263056220875874,-1.1983987949517771,-0.25548698174874135,-0.08145200915533053,2.0941390628703065,2.0730794355709117,1.17102100195217,-0.6402431397416201,-0.7384206036393596,-0.4097464058781622,-1.038806477438764,2.439856366365055,0.18815370385863994,0.5001711755024396,-0.30728222730554505,-0.4454819229252172,0.10111948733031113,0.08572197995321096,0.36741023656122834,0.3753331172428821,1.1568169434300988,-0.0867821009750625,-0.03800240772487196,0.6411663068747254,-0.4263223610899778,-0.13730685414142357,-0.49190829144438425,0.2504927580999766,-0.48295357392794636,-0.19587665523359596,-0.10874371306541365,-0.06701204255838938,-0.0038086236189913687,-0.15836992125133745,0.12269262509654212,0.05336203952643229,-0.028916023348516878,0.00671482744361922,0.03830332122037347,-0.01337434569934608,-0.07702803190272886,-0.006924594350710697,-7.471021175922581e-15,-7.828906574618808e-15,-1.376837436200391e-14,9.626843847687178e-15,-2.0208983310934316e-16,22.6666666666667
6.476522664471275,0.4275568765736709,-1.1273191011836596,3.93646774384331,-0.17315254745243933,-0.48111605493093357,-0.0388897472339972,3.9231038159723335,-0.45906871935471577,0.48320166955524857,0.38456711126299603,-0.31060787383614524,1.0728745063431502,1.2634727734857374,-0.6955632032426327,0.3654686739188037,0.7305908026530124,0.3598677457920927,1.221979403612559,0.30387597106536535,0.10662168440392947,-0.19929600890763716,0.5866620465453689,-0.813955861487618,-0.18446059015969118,0.5366207427922477,-0.03766505309046892,0.030323384543334057,-0.11269839381399832,-0.3995206910611534,0.5332961494019781,-0.790902963227932,-0.08952053120901414,-0.05853890752941406,-0.1250364409484454,0.05959475550404308,0.018038568044790582,0.03719770929691571,-0.04505926843338288,-0.004792850822786572,0.061859583659055334,0.007689168127292285,0.04285983022061846,-0.01584893640959283,0.0047425665356671,-7.466628855376702e-15,-1.2948689202983117e-14,-1.7925973362546984e-14,1.5568669429638473e-14,-1.4872370005513967e-14,27.6666666666667
1.0257643117896185,3.390273483893958,-2.336785486818263,-0.8766130631768465,-1.2739756885404516,-0.45127383226175505,-0.009871260702349166,-1.3325013794291485,-0.07805104855649803,-0.32591435575139077,-1.629581875126217,-0.8701058256531183,0.6008347844356867,-1.0489195755440768,-1.2802426174776425,-0.6882745573515686,-0.9174500302730076,0.33627485479765595,-0.8749844992530635,0.3912778634632228,-0.2375087803774012,0.3073094618981002,0.24882280301152748,0.7339510105172468,0.5467987851820932,1.0888552537251523,1.017466463780219,-0.37849631759573565,0.1265485268693109,0.0150001479664035,0.029536375181977038,-0.14047967335306277,0.023608013052218074,-0.130042950000131,-0.12427544620264681,-0.07698888157724262,0.02779906883174009,0.04250452464879345,0.06242229483792204,-0.12137745531052223,0.029328981487156385,-0.05583100789715662,0.00027027004356299834,0.024135655609404977,-0.03560351620036987,-9.011752270194119e-15,2.3857580984622945e-14,-3.445757715062027e-15,-1.4492810228394198e-14,-6.682889522894836e-15,8.98888888888889
2.787352078799783,-4.683738143694013,2.5812750863740908,-1.2169378921569072,-0.25917203802573596,0.3838875212917113,-2.2596312546705004,-1.8222585310981307,-1.1444070775183575,-1.504518015546188,0.6856496475118596,-0.13030424755631817,0.490287936159052,0.8055637286948043,0.4781239416541776,-1.6139381106872581,0.2793046181496797,-0.1646755304116672,-0.4294620355724785,-0.08656332849985421,0.7023455572848591,-0.01545213672458596,-0.13155422866477048,0.2633568739792104,0.22767020255027573,0.26399464912394177,-0.23073002815570362,-0.10121182981342973,0.264283787295838,-0.46921032439156884,-0.012250695761448119,-0.03959772345957105,-0.1412261316727813,0.04755600735040929,0.23220986494898588,-0.02980373210508663,-0.11739213016931803,0.022180623074370413,0.04552805768887883,0.013436496562344802,-0.11778315223374049,0.012271511997357971,0.03974262659966826,0.08543897491119724,0.018751161122234034,-6.805660357702128e-15,-2.2740597174308623e-14,-1.641770282660388e-14,2.1823520814618835e-14,-1.5162621729943796e-15,15.0
2.6902885166982813,-0.6601766469146579,0.5383679487445449,-4.325185529927778,2.1878325611470375,0.604377666575983,2.0156416471897587,1.9742340168295105,1.9782552869971135,-1.0422932517165708,0.257619426494264,-0.6920557841146177,1.4282720577941197,0.7165979283274292,1.4551511281268061,0.09120372602485259,-0.6841244840402153,0.6936950522224239,-0.5935970189653494,0.5844299792704664,-0.5068365424651536,0.31457700595044774,-0.3482944597849241,-0.16790469830353633,-0.39291522228679215,-0.45458839241640575,-0.6751399855826576,-0.4660119621432651,0.45898558016075247,0.07105988140877473,0.13473245871015835,-0.17969366504304515,-0.1056733010967781,-0.19093633948674216,0.023254818949160982,-0.07686301500883186,0.3706749698684543,-0.005149248101018733,0.3531431295097341,-0.08266613312163534,-0.011550357583860622,0.012688867829178415,0.1619923296916365,0.016162335774536744,-0.03908010192285118,-2.4447284080767567e-14,-1.5274512827838333e-14,-3.187568712765265e-14,8.352774336116502e-15,-3.3462819905958295e-14,28.6
6.848484937407903,-0.32809430904995585,-1.000791197663444,2.727417318408121,-0.4667848664274118,-0.22361482547644326,1.0877012082736286,2.885571528761784,-0.647516455808196,1.3602571606213794,-0.1886379752842831,0.0005474828130509246,0.45957389203662136,1.5532459205834779,-1.2018126040024135,1.0464024627509612,0.7126486380254545,-0.37218229040147555,1.231771329134024,0.1897056008460692,0.49607767503886935,0.01215733286093078,0.7996977337292738,-1.3385856034619021,-0.6594837206287241,0.29422232460498304,-0.27329910944910196,0.034105170009573464,-0.2038195155672082,-0.6825242797801492,0.27248150114921565,-1.039182542868445,-0.1841534192287476,0.0031822102901287127,-0.004780285021785218,-0.08803215630753308,0.09946686108362972,0.0002513924681727449,-0.1092562575782211,0.055789046634940484,0.11870947113682707,-0.09661578149475335,0.040058846004673083,0.009750726124005033,0.0007348844761527671,-8.915125203327818e-15,1.823084159112733e-14,4.258668811579367e-17,-2.267482546220656e-15,-1.3694753699202983e-14,40.4444444444444
2.7822744230326037,1.9067940292043934,0.6807165554824349,-0.5059981135934645,-1.1640489081734442,0.23701932074164633,-3.6805503206771437,-1.1570167154537558,-1.0714399842417177,-0.9532259996473148,0.36452396146990657,1.2557251979374922,-0.46510634049975685,1.0952821083589397,-0.49241313567374667,1.9275292857319246,-1.2570264139922653,0.2863814722580097,0.97665578166995,-0.1653804647990817,-0.3548115398079823,-1.1455493309941385,0.44007633489935055,0.1351380827563184,-0.5054379241224057,0.34758236561415384,0.7191333801540831,-0.08065502163107474,0.10261946016646249,-0.49496485334072704,-0.7909412322879563,0.0200762811106431,-0.020983267575291602,0.12580349908877642,-7.427977149123558e-06,-0.15631359829991084,0.15554819779883036,0.19405331768999373,0.3098042233494182,-0.486814652338672,0.07629958237017845,-0.49498936195532783,-0.042836506425985715,0.008757197612862226,-0.0535697623443539,4.064782080198426e-14,3.768358200007362e-14,5.246022206554556e-14,-7.225438997405607e-14,2.695755717058677e-14,20.6611111111111
5.10060032890356,0.002842602415119059,-2.1440974747856196,1.2583610747842773,-0.8055441893410761,-0.5672981451403908,0.37201332959990735,1.6577473989907396,-0.018494000688438646,1.4222799697079935,-0.22749357542439078,-0.23276435990400568,-0.21796780229079674,0.6692685307813216,-0.25834308485398727,-0.01138560623373582,0.8151099729459812,-0.6260947836147324,-0.012076172514033146,0.06877881157915341,-0.48978411215229245,-0.3408693851979651,0.03463392010586122,0.006718541402359028,-0.35338642638037554,0.14468206702119837,0.25299227287733755,0.019525474517612686,-0.13091037412363193,-0.04130011229081864,-0.1444687723918702,-0.10528076381811276,-0.05751313097526652,-0.048911017112719765,-0.013128619575482012,0.01908860227295389,-0.04799111953424552,0.0461831085268461,-0.05335268060501684,0.00849497103249087,-0.07440898097470383,0.01789961555233768,-0.0111440170171077,-0.014277157938606861,-0.01201214447897692,-4.2672920242724695e-15,2.208924592527985e-15,-4.219287055907685e-15,-1.1623743952716748e-15,-2.2696379832625842e-15,21.0
2.385985971635361,4.6871123951234726,0.24487710510274466,-3.7873945493884285,0.8333511463856648,-3.0785713413494604,-2.557894160013893,-0.06031719330192184,-0.8504012205288354,-1.9772361311920619,0.38705794241189206,1.957533485120154,0.32740329995895506,-0.7833296458783322,2.3270898693003197,1.4149493257257912,1.9418856019448516,1.8386350107800906,0.36561193676496323,0.21921807568946233,0.9929677018110343,-0.19762384893822696,-0.31057107648979726,-0.7015548483752231,-0.6507192526531665,0.18307386135046239,-0.25690110385346426,-0.1678840625729572,-0.851972927299779,0.3143577997023728,0.6844611819402178,-0.17367458619456325,0.07888577874925355,-0.23242411322017306,-0.15087899147281697,0.2801316708714361,0.28556671265897227,-0.0300342781159235,0.289123244302261,-0.17878615084826985,-0.34103850939098757,0.010626922664164333,0.07820454952113678,0.12420371819268192,-0.0002763139102538773,-2.2381752114424888e-14,3.556165015133968e-14,-2.469319041897975e-14,1.098256070193164e-14,-1.2144564575241262e-14,8.45
0.1566597291276794,2.141328753075133,-2.8994499211180997,-3.139628945064383,-0.6979719232307086,1.5056999716427788,-0.21884185945310097,-3.2489338005982122,1.376317562282742,0.740373984310638,-1.611039661615755,-1.4808568510789422,1.2731153676291596,-0.463652176161753,-1.7240759833070252,0.01951150699776034,0.9122568143069912,0.1870960549968784,0.04400765810236202,1.1701672717524885,0.9947148113851532,-0.05440349247621736,1.1785691271198877,-0.35708272373977307,-0.14710627435785834,1.4477854940019845,0.62665167503465,-0.5810452954749759,0.19910623949243994,-0.4209899531537094,-0.2341215397743684,-0.012385385934043066,-0.09814780144884308,-0.06887060743922528,0.34368094365565677,-0.7026114364507892,0.289944505949695,-0.20507514413811107,0.04795823105678347,-0.04084625077394454,0.17080060655688425,-0.0500748495650295,0.07886997414055874,-0.1658494412660329,0.09454090246709042,2.5117103875724448e-14,-3.400415582291894e-14,3.495169111931415e-14,5.803290986404385e-15,2.1264148083401363e-14,15.0
3.275943022504163,-0.6001683939156569,-0.1380960500731851,-0.847786741958204,-1.266307665062231,-0.11538213208408864,0.8374543279291833,0.5044929681252672,-0.6347054463486804,0.42250802625370887,-0.07114763724657032,-0.21580262433672592,-0.5828309549909754,0.22710848054216806,0.05312410152146834,-0.4640543842331178,0.22984652414953444,-0.2539008811035819,-0.08359561700642319,-0.977559081791698,0.3987133963039501,-0.21266243753392286,-0.10587689339259514,0.44049735700616216,0.39389332935243243,-0.44577411985919113,-0.12276961741458367,-0.259128132937683,0.010666087228491215,-0.05999388293726689,0.09377785786035142,0.2758584845961554,-0.07526548551829455,-0.19762810387162794,0.06506342304323945,-0.07116080193944299,-0.2181143001755157,-0.04060183658767039,0.2657163318456824,-0.0494156705794019,-0.14218913614950907,0.015800202000536338,-0.1620689958170298,-0.08675112085702814,-0.008045442419090585,1.2188179430641643e-14,2.333666453988737e-15,9.153025403822877e-15,-8.908539319164395e-15,1.3853594164766156e-14,30.4444444444445
0.731992949973989,-0.25899227092405647,-0.8704882684825256,-1.687589586329145,-1.0797511446617645,0.2613847964780131,0.23327173617048966,-0.02417585475221637,0.2292753600685244,1.088376193008227,-0.08254730137143243,-1.0463998951393991,-0.005257361047069093,0.5285008496556315,-0.2219163725526092,-0.2783042740434924,1.1416602980763544,-0.8360497629373567,0.14805247446849537,-0.7625961797821303,-0.4868006827825788,-0.3518112076488351,-0.29697681144679466,0.29196401211455747,0.6469432308075227,-0.023865163791680143,-0.5645785942834274,-0.1993737296897979,0.10297800026777804,-0.05264667683476883,0.3625814294483783,0.18443587323597954,0.25638176982041305,-0.10205210247679333,0.08796172782361998,-0.0806360535955141,-0.17017827919897038,-0.12584213050334053,0.2602381595148775,-0.05910364154839073,-0.06055539685981459,0.042059703020514656,-0.14732409796433937,-0.04845837342167683,-0.03113527188146139,-5.248833867929946e-16,-2.4141236708273786e-15,2.8393323716595522e-15,-1.10612138184587e-14,-3.350671044239898e-15,19.0
1.8206372973921754,-3.302630106715782,-1.0171851968545818,1.243490367764817,1.3590963195073047,1.6017421863315497,-0.5333300520472669,-0.37057101608892445,-0.1274446553281396,0.6876405424307019,0.1403253329117406,-0.6305622661030003,0.22322124372512003,0.08913432343873821,-0.8077277795036817,-0.7487032433804011,0.1368127746967899,0.45557133076165135,-0.06996994019914995,0.016643923828885597,-0.5787005837371091,0.30380650837843837,0.0720440668319406,0.03631775095756906,0.0672738955435093,0.49581095208820375,0.04375690971133191,0.2030320853896645,-0.015785935498896675,0.35947927336089597,-0.02037603027925339,0.047029108536931666,0.02721885469915543,-0.10966454107407339,-0.11836847691506991,-0.05835617798029375,-0.011898443454485222,0.00035785936704759786,-0.021355292675533093,0.0735798671792688,0.02089339250254446,-0.04633484644749656,0.005432935594233194,0.027515872244959775,0.019977037281852336,5.424587919912345e-15,6.280613083431698e-16,4.8911163406037984e-15,-1.4908198374945944e-15,7.589654108602407e-15,20.0
1.6788405145730074,-2.5788730786926597,-0.3121349566581761,0.7246808157492568,-0.2784560079413663,1.1920980360800524,-0.5561604343238005,-0.9135126398617471,0.7473807680223513,0.677630738990443,0.3880519085074319,-0.48898773360979986,-0.7637851146497059,-0.5013255080165705,0.11802595003194952,-0.1567132760286719,0.11166109144268503,-0.265650101975693,0.16482427213204012,-0.932823475749863,-0.1978618351312218,0.20331112807789875,0.01344975401043862,-0.32199874694685504,-0.15815025112540537,-0.1022895000715711,0.07152071275218153,-0.14912608192213878,0.1451049232576707,0.04570833502219006,0.08000718593819021,0.06615655049281192,-0.06478348644644522,0.10323463567139264,0.1058256027729905,-0.07018818687821379,0.08972477658684316,-0.12281174143823113,-0.01915209622860748,0.0830697470654064,-0.007385941991965232,-0.038956879778325175,-0.06239864476205295,0.103618992437705,0.01175826842517544,4.46213419996961e-15,-2.893682222464344e-14,-2.655524330255129e-15,8.31307245381508e-15,6.514967693736391e-15,21.1666666666667
2.0006722751287773,3.32689412514857,0.5115455743051263,-3.091841154828784,-2.3745854680183163,-0.18717644631980454,-2.74802085030022,0.28689236241243116,-0.597678606184097,-1.8586147800472768,0.38948139128314707,1.3141016181858025,-0.8660714879402395,-0.15042473408896245,1.1992311410055803,0.4552170698316606,0.16494607670529204,0.514926090893171,0.4461215578865318,0.7055697702429601,0.19832971370761993,0.2592849435009646,1.1623461581496952,0.1635287664507449,0.11557988985667024,0.1482928030001245,-0.0947331568525455,0.11770242014932826,0.8287592891767577,-0.029923296378730764,0.4022133197560859,-0.13326370809710952,0.43542353297696285,0.5225598604993105,-0.1633033380921555,-0.06390260098436519,0.026479261486039532,0.44284556998964797,0.1946334505827136,0.040153398366537495,-0.032746817163930464,-0.0733325896043968,-0.03894642981149278,0.06873378718173337,-0.03768957824414176,-8.219665794336424e-15,-2.498984809429384e-15,-2.8557166506913052e-15,-1.7548672654981085e-14,-1.3365608906806746e-14,7.5
1.0475851080571368,-2.1851709113180418,0.7363265852300472,0.5907685081209414,-0.6712244053769252,-0.8085072346111009,-1.97918073216985,-0.5317977990268435,-1.2705503701242349,-0.5657748842699242,0.6589452664140826,-0.26649015419699285,-0.5495085598548837,-0.3419629465761393,0.4771998366686631,-1.3661783954098292,-0.4297497814582914,0.3129039385036287,-0.02168407375065139,-0.36336886708301425,0.0692945894958879,0.727029815095669,-0.4443094655045672,0.4973190987291675,0.18852234854721184,0.33486631438156594,-0.14064283232494915,-0.1062418292833261,-0.056568877345851955,0.4427719363990478,0.12588875419324908,-0.006872730411649109,-0.18210571646122056,0.3287218657024286,-0.013619666130639425,0.07766851293167994,-0.02468036096322382,-0.0825286017039738,0.09518469357318819,-0.057278199027996836,0.079547849044554,0.0032621781423271246,-0.06511206985610718,0.006292993143955867,0.004328763175280827,1.6574073586744405e-14,-3.5444672472658245e-14,1.3152535242811047e-15,7.563560198345667e-15,4.5416341439684204e-15,16.6666666666667
1.1910760036207693,0.32563029918343117,-0.695354803522225,-1.2875032078850077,-0.6053886040046929,-0.3092639110296022,0.20772294082139967,0.41500381152656246,0.6446121829754338,0.4036144997938374,0.5977871851521305,-0.9236906352641394,-1.1691384493177444,0.07094276383648476,-0.8091592706426188,-0.053684431023173856,1.180725179895003,-0.7231181569312873,0.4624389778648156,-0.9670329833309751,-0.13068599983558635,-0.16809189686879436,0.08201476105973834,0.4216901678378117,0.4698478527734225,-0.36952567919199525,-0.2838295128139785,-0.45583704276042686,-0.2604135109002838,0.08141158325721394,0.22320077595900814,0.23227210962574463,0.1528858555453421,0.08602151210860826,0.022023734355659352,0.035602327970163106,-0.24427557259778782,-0.07302285200323577,0.3015741349068214,-0.0007612794168171028,-0.036734779571781104,0.017753313425706428,-0.1225811082644741,-0.06584826145323078,-0.007410400093583625,1.1901872416017367e-14,-4.264106732797403e-15,7.554322892446488e-15,-7.905946334378101e-15,1.2725193554413127e-14,22.0
3.4258058074893807,1.0615729850268945,-0.8435338442821536,-1.0507858150085103,-1.475810156227321,0.011218198014122324,0.37294649937865537,-0.15609850708982786,0.8769701003302045,-0.590638155364897,-1.564734737857908,-0.4219517351131285,0.3063846125652554,-1.3270188029810417,-0.9354944429561054,0.2728332286971334,0.27795306644975243,0.2569857017881352,-0.3116217779469719,-0.15957712318485012,-0.21559873965086335,0.07679089729045106,-0.021092969793134027,1.34035975230011,0.61726015069049,0.1250794480050215,0.7385046709307362,-0.3378456352094324,-0.6289776665044532,-0.1758073636507097,0.16265453480068467,-0.05635806952298192,-0.3821564792331353,0.03810764165264761,0.11265755978797098,-0.11692495212642122,-0.16655027943848424,-0.11245097719924375,0.13902776358563257,0.03240232226893833,0.039609709206178255,-0.06812240769358534,0.02808007438981818,-0.04725860508496723,-0.00942319677878368,7.85884881841086e-15,6.898479533771934e-15,2.462609277423219e-16,-6.679712279315828e-15,1.203485868622606e-14,24.0555555555556
3.2852872571918956,-3.672991504397971,-0.03826831842250022,2.1003354672703782,-0.193661801388063,1.2806892564764287,-0.2816459866868753,-1.2419008816776773,1.0335761045743326,1.3273843209063254,-0.543119889857577,-0.28267170109544526,-0.685635340426847,-0.7022987838863042,1.0331876650956382,0.03259064569950549,-0.11189599687720707,-0.3845689130000952,-0.20705692664130707,-0.5576124307720954,-0.02528990245655936,0.2568618531383539,-0.3909189616079579,-0.4685987860703062,-0.14533326530758184,-0.026352842763831746,0.08351999252379755,-0.04034747281100652,0.08061132207267034,-0.026309829158682338,0.15059192940104027,0.04446549601258045,0.05053799363768894,0.022807624645868607,-0.010658261504833535,-0.0057454562620245855,0.11207841595613247,-0.10271844647652849,-0.08126574948949195,0.06937176318730862,-0.06607732318472234,-0.05760760878068697,-0.07952787154804963,0.0919423192968457,-0.01431037513628327,-4.357232953958334e-15,1.473531544978537e-14,5.132173603765579e-15,-1.020169114653831e-14,4.942518284557986e-15,21.2
2.1862521610432024,-3.5826060830488236,0.7918517947269182,-0.05228769489065065,-0.7162208372002525,1.2853755206942448,-1.304982522761824,-1.2305920351818966,-0.22594013967424326,-0.06456808402509423,0.32215076355674893,-0.4807610815726886,-0.2887257962793048,-0.21823733352395988,0.6310275165533284,-1.3116774456783193,0.19173134781430118,0.570741509551381,0.3890928128821006,-0.028906719142954666,0.08123341880159494,0.3899821429881353,-0.0007357521239440739,-0.11209911293881168,0.30118140186638825,0.37807597617484817,-0.06461332803103086,0.23789908314268596,0.19291751305819557,0.16830666721251403,-0.0006294102084167831,0.0496166502998089,0.058314000379612554,0.11546566936183673,-0.010053574838837199,0.13109077057467325,-0.08380962898268544,0.056607796480835755,-0.004786977127831472,0.018069889598471982,0.05623190099791702,-0.036631959471864664,0.03257809402150487,-0.047064120364684985,0.017268777754485723,1.4369549646386042e-14,-4.1985079938506676e-15,1.0744511371540734e-14,-2.716268041599359e-15,1.2060891549090109e-14,24.0
1.8327721711524367,-2.6316084333993506,-1.0688956224801507,-0.9911409641081396,3.3471092441476356,0.08944185231049426,-0.6417233185315293,-0.44108682326597015,-1.1953833151072177,-0.8503530019370408,0.41728480204805374,0.5150672291936512,0.2375504506908933,-0.25884362532073224,-0.13830615526637974,0.06718959577411088,-0.8087607504346258,0.01232763425875622,0.37538561600722203,0.6586829859760956,-0.6447529800633515,-0.7234691252316912,0.317015047973728,0.4244522271650546,-0.5501398552124191,-0.036150087734971394,-0.22601211758166193,0.18804124854007828,-0.3094934541618532,0.24730701324232743,0.1317346190246717,-0.13123162415934023,0.05587012146442297,-0.1315753584600019,0.051900671006044986,-0.08907137995672827,-0.08562391017042115,-0.04173462935253913,0.013362522652948579,-0.024906365204936026,-0.07689305421754225,0.04437391288863289,-0.08004806989090785,-0.05714575153032503,0.00583252043440435,4.004255749342085e-15,-4.668602272500107e-15,5.488015457746251e-15,-3.0238965482496556e-15,2.1331128100769103e-15,25.0
3.67150773956124,-2.7242209105123587,-2.4174213962140567,3.9311582367867284,1.4284142961649995,1.1188878873506596,0.05723343155508398,0.033479967632469285,0.7046223233138206,0.7343477280508207,-0.4620365332881258,0.4954712734315771,-0.15196900712975567,-0.4917994595641155,0.81058159618645,0.46125923338193364,-0.5215836428968987,-0.21288079430169748,0.6381987632808269,0.9717877893599471,-1.4470481488474365,0.2889081716350883,0.25877260254565565,1.3530210669661122,-0.8377135184381372,-0.016030356972731554,0.46421759268614243,-0.07249284602974025,-0.3846324327870159,0.12456704242390194,0.48811815531698666,-0.5157590367875358,0.07970589565790867,-0.12251286335799025,0.1829620354129504,-0.12305198066560481,0.08621582410993056,-0.11611091550470234,0.13423149965319728,-0.0038180748001202624,0.03013987581010805,-0.01893734426806852,0.05769893046538878,0.061462258165458264,-0.0010527110825829993,-1.6521875371721124e-14,-5.526689990839946e-15,-1.256061135953464e-14,5.1126216246720346e-15,-6.009064943522585e-15,26.3333333333333
4.369288513816643,1.8641249428824913,-1.9042437658637161,1.2736644955479681,-1.1367570427556475,-0.8804392048016007,0.4162930217158283,-0.04596016112956373,-0.9141569753494194,0.42710903401194916,-2.5617640562849804,0.34400943690698205,1.1288952659089073,0.1528720069003454,-1.8313561649944616,0.6370575174476579,-1.3427789385917002,0.14231101452767506,-1.3208883581896314,0.4766745634431717,0.2743929619757908,0.3132997725194295,0.2599126293067835,0.009089844574040204,-0.09227528038090453,1.6867405993084346,0.5470852441232563,-0.2439784942049414,0.24557437841861546,0.5488729331721482,-0.05981707828497028,0.5688040985007662,0.24487848106741944,-0.12746689791954624,0.10903627717740116,-0.13721480557908106,-0.10804378377818193,-0.08667315100585969,-0.09945778127689443,-0.15930505859154917,0.08481174566493938,-0.13905841514678807,0.09444644853920557,0.01970208351516534,-0.0003587649984121806,1.5189380653414675e-14,9.996616363398882e-15,1.8383574527149803e-14,-2.2718642437407735e-14,1.3251770958201107e-14,14.4055555555556
4.086975898613743,-3.626904189264106,-0.40890191377047996,3.2898789605729712,-0.651634395995482,0.8101173185406108,-0.25398289245474803,-1.242305655080635,0.8541823746099287,0.8176398664205236,-0.0193204403704145,-0.06689597208162566,-1.0696301391024976,-1.2407102122357838,1.547137272537805,0.5546957031463121,-0.8372266217168168,0.38982816643213186,0.5793061095675224,0.0866245109600903,0.13119037680029516,0.27001520915719357,-0.6259540813160576,-0.2551419155501385,0.40260485153274156,0.028169349911202096,-0.04251798657557608,-0.24119257971581723,0.1659218009246636,-0.03607457272937181,0.3027877461637572,0.23349191998769844,0.030143194831236026,-0.11160888871075896,0.04910411793348278,-0.125229427797251,-0.02363884627701979,-0.10714874899620254,-0.10046631039204663,0.02936341301328033,-0.06085524722994173,-0.038327789008279635,-0.027975376154247434,0.05670883698308226,-0.027253372131297224,-6.6579529792753755e-15,1.030486126093875e-14,-3.875565733844611e-15,-9.927980553907028e-15,-2.15471347529228e-15,36.3
4.045936727748502,1.9519966786336418,-0.28023148519074836,-2.0457229639431613,-1.612840939633948,0.032120261816198696,-1.9973565826468864,0.33609199822702623,0.32989897496985415,-0.8672874286917084,-0.001005215681469258,1.2171943127851934,-1.0888382084994728,-0.36847666069699697,1.2692920821457285,0.29259586602358056,0.44603085723805064,-0.11741260221268103,-0.20507008515849073,0.8595475888703599,-0.09496317932880886,-1.0428929747334037,0.809640672693448,0.5929629245334854,-0.4973223701637047,-0.23014211788270228,0.7935100461610747,-0.36094672171679953,-0.20149886606971903,0.18318877061519512,-0.011651463265011602,0.18891912893082657,0.25713276270925184,0.007724232976432511,0.08980912337948282,-0.21607778215353768,-0.14660783239362685,-0.22699875172612288,0.12390716004512448,0.09317054415517666,-0.13762755110468328,0.03224342535295811,0.08960092484892894,0.044547693558281316,0.004669109356518276,-1.2881068312324314e-14,-7.716781275580626e-15,-1.74959273141011e-14,6.4352393022572404e-15,3.855386233243015e-15,13.3333333333333
3.4570076749560044,-3.697063607196673,0.5225528980728986,1.7154620785811865,1.7889774182858418,1.205178881551213,-0.2175694219915466,0.8966786094393834,-0.8984590560924075,-0.35068683235586695,0.22515031374394595,-0.428254267632019,0.6086638998311024,0.8658936369563593,-1.4696853930242613,-0.23039029541956224,-0.2021593270312649,-0.3689199500183752,-1.2804924613178819,0.7108752162978923,-0.40810263765040355,-0.42980413984440224,-0.6273783748301592,-0.7155675044328311,0.09809692390150165,0.26939545055788255,-0.14428555721453173,-0.1408356044399632,-0.12333857743753043,0.658341839831491,-0.026211211127047804,0.0864086747275718,-0.03480970047217144,0.09894191254053983,-0.22669569419516575,-0.133213882541241,0.1564103544242357,-0.010069134159317806,-0.009289920052863488,-0.05782624268530765,0.0015527356823612029,-0.03602031248348165,-0.005820145766849606,0.06034423003402646,-0.016143394966381303,-2.12641755068036e-15,1.234696989346304e-14,1.796219072791717e-15,-9.750208851036754e-15,-1.0021266183091138e-14,18.0
4.310456389390664,-2.960916275979413,-1.1719398018113838,-0.6729931711101578,1.7001615932906833,-0.560756395360464,0.24506883201362128,-0.6668585434519648,0.14760160461242214,-0.14633479047556,0.7817692875887909,0.8245282822709279,-0.49399529087125654,-0.3027275605627207,-0.01724206111014344,0.0827546013785141,-1.0356654207953717,-0.3192925690745424,-0.6549178042511367,0.5933794585421401,0.1839716658539254,-0.6386111388167603,-0.16137411193848375,0.6727612386943219,-0.21595857917527625,-0.3011556981917079,0.32633335585385653,-0.20926159901863087,-0.37780744004464806,-0.38127903131299806,0.0014244675210207545,0.07967279291325967,0.012272102375111229,0.1894600329156816,0.12916530524447353,-0.12010571784678505,0.1471715633965891,-0.1539826543860244,-0.1783689924746346,-0.006881959437542648,-0.08848100226184859,0.07330349412432584,-0.07111984881893481,-0.030543620172321095,0.012603015101646107,6.485685689310165e-15,-2.78715758694591e-14,2.5903845289299647e-15,7.967862293097565e-15,1.0466885693797533e-14,23.3333333333333
6.431185241209489,-1.033914483274387,-0.7958290890322602,1.8109339341358401,-1.6579194922925926,-0.8815390677089151,0.16791880709215826,1.6827832635075914,-1.148282569555127,1.4179819322253346,-0.6185478194521641,0.4930244526235504,0.036789951132571004,1.6684420843660743,-0.3425780706757514,-0.21348068650329688,0.5152483146743656,-0.6146481759366731,0.5973725384689119,0.3601531679877347,0.45037188459489275,-0.45228251578774437,-0.021851319651891007,-0.9437806498518008,-0.47112642264357124,0.19594550647033576,-0.1890426541801836,0.0966079743326635,-0.005079253935680248,-0.7751543138732059,0.2965254074935477,-0.715544336937779,-0.06366114779918815,-0.10007447163708558,-0.05533144038613767,-0.08899915298219611,-0.21444725672777085,0.04971758846185238,-0.012970361207364868,0.0296594729269748,-0.08356687738410637,0.03092824254510431,0.009166533108690646,-0.00952227186778322,0.01559332292989897,-1.3130748434786118e-14,-1.8336552164400667e-14,-2.0914454849822317e-14,2.156356667118512e-14,-1.223660473102962e-14,23.6666666666667
2.203786519738666,-3.029469134516389,1.0612391179385356,1.5266158490983794,-0.7136378454753688,-0.2801693408831137,-1.8823287793381396,-0.9817313043657464,-0.2609524752894484,-0.7233212236230703,0.8937378288747989,-0.47741893882268116,-0.852303964830721,-0.9935940146417062,1.3493103524400003,-0.8839815565696202,-0.817146760597267,0.38448759452348735,0.16822602559603136,-0.40364737088725106,0.25052341689689084,0.04692465861380085,-0.7129793086999554,0.3105141036701318,0.3471017439293468,0.18858510134508763,-0.0437394544966461,-0.14739776108942015,-0.021128743341234463,0.13398104816515932,0.0756809257252156,-0.055780551397723525,-0.08217195505916824,0.15283438763595456,0.016274045705443496,0.09080569009445924,-0.1740953124478938,-0.037166582029358596,0.016014226261367167,-0.13100430589246584,0.046368552190376666,-0.006428869504000633,-0.047747756864002205,-0.033994156380004616,-0.004956548464200507,7.829626716558605e-15,2.108409935515913e-14,1.330272346327145e-14,-8.793453127198956e-15,5.5778027556040895e-15,23.0
2.850641020401975,-1.3475341330705317,-0.4155682531873555,-3.6763553593002096,1.1003211238995925,0.7251108026214245,0.8517078772994017,0.05425186700119705,2.191184688616398,-2.499466574307568,0.29302086100423824,-0.5905906276025539,-0.005563439622309144,2.4475159571862597,1.7525549241527005,-0.7748837681381828,0.9331102440235082,1.0743683080821707,-0.23446781988102924,0.36168288748669547,0.8702125869793811,0.10414596877088597,0.08691351858018881,0.43976074085072303,-1.254164472021705,0.4737395315428993,-0.43842167910861685,0.21845507539289286,0.7534079917890107,-0.33176498460772974,0.42602755723038366,0.2950310003806614,0.41547067835582063,0.4211112536844552,-0.16384590414101446,-0.3571735022300956,-0.04591081347241935,0.19732272157082073,0.09451453150511724,0.20349233472111625,0.0860219409745913,0.14445154568014218,0.1587363636459909,0.003793697162620903,-0.03265377542444025,-4.2794720582763984e-14,-2.568343871396586e-15,-2.679471676693238e-14,3.817932115046288e-15,-4.393000550921089e-14,20.0
2.286415279118487,2.299816395384713,-0.9555332375385617,-2.476974808234002,-2.4916931199681054,-0.608372575587796,0.13639424869606862,-0.8470935283391509,-0.4453689647029989,0.9266785122337556,-0.3574699925350701,0.7467417127168663,-1.1684177838550893,0.5836787671178005,-0.6928863499950046,1.4098872844416594,-0.13722308708610093,0.08568922380365536,-0.29150967363271746,-0.08995977801834015,0.17924011642471227,-0.33509331901709416,0.4312126822756979,0.1768240759788963,0.31354395497748955,0.2665346630202759,-0.02045514684014647,0.04317042132440501,0.0402863330770635,-0.05083774616244394,-0.1292114756721766,-0.48908973553333157,0.19727430020472636,-0.028028019793285095,0.22140264284534553,-0.040127036965240434,-0.12005799478732886,-0.24997589472010098,-0.21236620639657783,-0.12448751788339246,0.14011085914804758,-0.11264165443748277,0.12200167876960888,0.1079540648858349,0.015368414120704596,2.6431469154934902e-15,-9.17640167652262e-15,-3.508214945458504e-15,4.851125423839497e-15,2.1636027155949993e-15,13.0
2.7196605004052428,2.833333150739722,0.8458066925107527,-3.8327983158566843,-2.127957955922881,0.1473993706300738,-1.6660616859492516,0.4463300873501754,0.5517970541524941,-1.4838708101104614,0.24857344749685514,0.3692360423106439,0.24821475170912013,-0.14931916909716642,2.406063282904569,1.439770548694285,0.35684388401197425,0.3159118096663711,0.4359754990314021,0.7772997210202156,-0.37758166369535545,-0.25818301954640627,0.8447654292063276,-0.21616587457775854,0.006977653042883203,0.2589776546111464,-0.07759797924595938,-0.06856570223163759,0.7920970560159993,0.20964941960305541,0.6149790038959205,0.022178653287059334,0.8285088871886856,0.7111938074667681,-0.2936009200695502,-0.332963839901135,-0.039155855129444944,0.16364362607883506,0.23009499854770035,0.17633804027939412,-0.032275767648552924,-0.025535018075230186,0.054701212132294806,0.023881351142698053,-3.2324240278689405e-05,-1.276903096518397e-14,6.702834397524919e-15,2.6084339765946383e-15,-1.6741539022735363e-14,-5.7670293802557395e-15,13.0055555555555
2.1503414455384124,-2.626198933923799,-1.7059999490261233,2.8042477153439345,1.2177891694412808,0.9461513048001431,-1.1414860420697805,-0.7390297741617515,1.6482546676760166,1.2219159506537478,0.6025092674228236,-1.0583300088726832,-0.8901440367201137,-1.871000205711577,0.7204908190465436,0.5656597740306403,-0.11108500082437767,-0.06529100409969202,0.4782744070807908,0.05034606104195326,0.2786710572346303,-0.015049685591050282,0.036751988274207704,-0.18294218496999695,-0.029102413982331588,0.08053894832430425,0.048051260611934175,0.03172788548963615,0.08534046107744146,0.5129292462116737,-0.07517581224247913,-0.021335312857043032,-0.034196175437668425,-0.05430427841196003,-0.002247965984317261,-0.10830215124522638,-0.19204697871112225,0.01436439237451173,-0.06842554684679529,0.034276801900387746,0.0597470736679218,-0.03376303343461877,0.013113633554696965,0.014855732122067061,0.015661179047638765,6.784632778366329e-15,-1.1586498622562793e-14,5.92466587231411e-18,1.7103745352405931e-15,4.579728517609699e-15,20.3333333333333
2.8280612971768226,-6.992440221914408,4.11797716495151,-2.832545480239244,1.2725099962712927,2.5091433219501895,-0.35222352780124605,-3.2361218509581327,0.23064195926914705,0.8334967960015417,-1.1419497574697584,-1.1046325296341866,1.2814634333333839,0.793683835222896,0.35248033142457696,-0.9457606596310218,1.4958376117270245,-0.12914851390940735,-0.5603102035182798,0.03185924742215329,-0.4374317970445756,1.1791758363767406,-0.07574513064671547,-0.20225089827433448,-0.27637841439270794,0.6848189663567534,0.0010550345022381892,0.1707606912842862,0.11757511988357923,-0.1889224688576845,-0.30563415886288076,-0.5860355269929547,-0.15866142207302253,0.002605596709842746,-0.4321694960009452,-0.17932836735468433,0.22465035965944188,0.11867635494545617,0.247703738862848,-0.06264229073639709,-0.2626906560077672,-0.05283471254832421,-0.06491108477269669,-0.1074888173063984,0.006056372292331625,3.598210296704556e-15,1.0471167367889324e-16,7.888125649688493e-15,-8.272883409834375e-15,6.1289758304664404e-15,17.65
3.139396424263687,-2.283528191833128,-1.1957969535697772,-3.5071188330287515,2.0594036173964843,-1.8109030757210958,0.012776979811690375,-0.6559341388334939,-1.60938819850985,0.5319647035965075,-0.3189689155596326,0.5219450473028253,0.33548717185984334,-0.18605548218588844,0.9023071187940367,-0.3013781074451877,-1.0196958037302766,-0.10830296238678935,-0.3053726985304207,0.40194022205714675,0.1093834631531826,-0.5486090792517508,-0.04170278729220436,0.6431134112220324,-0.09362063540745608,0.23115788080485855,-0.17640787583807715,0.08082797586497402,0.013635155321434838,-0.4857538216635741,0.4106192402067219,0.3319624875548796,-0.11976497529085413,-0.04257811609077113,0.024581015428262812,0.08856434084203851,0.0050871091906491165,-0.20131890183530357,-0.3390791547556863,-0.03347156564307622,-0.09268110383375805,0.07597328296304459,0.009031108835545042,0.02660910086156582,0.03052635001534448,6.111868416529565e-15,-3.421335792929186e-14,-1.0102785689765889e-14,2.6400795759758162e-14,1.2544741884238795e-14,30.0
2.8138851457228315,-0.9320751410087297,-0.5957085296837374,-1.3575295626910795,0.12351281987921914,0.9104981364780155,1.4894857276374995,1.3245985003235234,0.29634665880743255,-0.004996315981720158,0.9923474100398418,-0.5188600985519013,-0.17140316390335528,0.013966501858843482,-0.8356387826112626,-0.47955735904059515,0.5761427984447329,0.3046975279761636,-0.045478259698752736,0.06209587953726737,0.0019464703205173191,-0.21095361301298401,-0.18398185699954142,0.2586681631163859,0.4951689667635361,-0.31055859034854966,-0.2138475803084585,-0.36294181663028824,0.2581783306076783,-0.07065309291271105,0.2404157727361438,0.01214005652955268,0.062405328671817265,-0.2154925191114013,-0.13465950776079608,-0.0640614885909188,-0.08918531589676998,0.12476254701702129,-0.060274610898338146,-0.00323684169147332,0.02300053032115393,-0.09747141373878783,0.05043664506885087,0.06490615559099884,-0.025740815513411057,-5.823483398021373e-15,1.0589749679183991e-14,-1.3109995290326214e-14,-6.568310082270339e-15,-5.394358319288982e-15,22.6666666666667
4.147570867862304,0.5712633386276341,-0.9158605435507609,-3.213530324288317,-1.2323499619540563,0.741529860387449,-0.2933063845451276,0.5197892222386646,0.8699555399444746,-0.2372212970642305,0.4171650710498519,-0.5603415380434957,-0.7511693914080286,-1.3091066921309717,1.8912527754502235,-0.30184952823189287,-0.10663528046696376,0.4886522903830301,-1.3725653140123073,0.04940153915114838,0.8489030797776087,-0.7271761783760791,0.32796072475260396,-0.4580262302771782,0.2495137342887953,0.26617164730201986,-0.020658846149204376,0.16382723695441748,0.010315213119700973,-0.07959380951199001,-0.5643677356127645,0.07762839062254903,-0.09566002165759861,-0.18234264619907967,0.06821312420804777,-0.08106124584714815,0.11593103564348835,0.046120126785260396,-0.20792961873924296,-0.027946856124359945,-0.13931898751238947,0.05941291191827782,-0.10128096399966807,-0.0543546282492943,0.013333755489315402,6.379278505500258e-15,1.3953312420950478e-15,1.2372792806805494e-14,-2.3701781162556087e-15,5.063691654812056e-15,11.6666666666667
0.8723074912516028,3.77137488442689,-0.26259023241380464,-2.8422862950324115,-0.8100383552612339,-1.3134094875695437,-3.8147608505319845,-0.11174161860273939,-0.7849078708835339,-2.207895280108975,1.5179129020565114,1.1860581078413939,-0.8987101448430215,-0.12281105435942906,0.494676612218968,1.6721352116134838,-0.3548486834888493,-0.23801362940413953,1.1763375350868746,0.07864368770464764,0.8231109437733654,0.9944304979981343,1.5090366828599833,0.473086118465826,-0.15526396307859372,0.2998852496877767,-0.16954565480962683,0.11182299695877627,0.9322960558422765,-0.26353358962894835,0.3935373607589439,-0.032331528872428586,0.07859472105846523,0.054404389274840245,-0.06135753616750634,0.39491494478954176,0.18498255095980234,0.5079386278071533,0.08748405544681417,-0.3664110911547743,-0.20167778378382356,-0.24874198869566522,-0.17734633807630334,0.07035826559842377,-0.024932167738027932,2.8148202047666678e-14,2.0361043888064124e-14,3.10035450999299e-14,-3.218143633036395e-14,2.7249662199823464e-14,15.0
6.949841061700202,-1.7608750838111338,-1.1250550720987729,1.3592047455762246,-1.3398681943225474,0.18539664789564336,1.8795760882782624,1.4014502764190944,-0.6977601963119191,2.004481589999743,-1.284112451912692,0.4423856838543666,0.2043868253622521,1.4663723842058467,0.05398717366903776,-0.16264846388100743,0.2802551101824145,-0.26174467699524095,0.06015284938060404,0.25523840374928525,0.3816584907106817,0.0765350078524031,0.010972878640587595,-0.45449509696862905,-0.5530519885539672,0.08793752788567104,-0.03962422769071815,0.02190178943438747,0.021898287385526554,-0.5057060290478005,0.08216230250403483,-0.22911873608228217,0.015793573854503924,-0.1376141723828942,0.08699184558925392,-0.19232605387488647,-0.08345848357380682,0.09896041724185325,-0.07876483486883021,0.06172155463443248,-0.037965832804490805,-0.10059622255573133,-0.02670612801166197,0.01853223914045565,-0.0035324815072530213,2.3432241517189325e-15,-2.4579536950323077e-14,-4.743896093946536e-15,-2.4743491184558267e-15,1.0309066297999731e-15,17.3333333333333
2.2792251564414823,-0.6719238419939586,-1.2104756192272716,-2.1063897960949993,-0.8974062456109295,0.6077164550799087,1.7745221900150814,0.09430647594737418,0.07265617490635856,0.5024883679745774,0.4044109292911955,-0.5977604334552791,-1.2874057602657198,-0.35211666585393925,-0.28048986390255215,-0.029107225924600133,0.3777960577422432,-0.2840458906479334,-0.43642470017524465,0.12470226470614944,-0.038082481424741625,-0.6112973051781457,-0.8474439450498366,0.17993655236396963,0.5215855608825102,-0.28515859810469574,-0.5382207911446588,-0.2201480665116238,-0.04094763119783715,-0.015562732415353215,-0.08655591030373934,0.16708560517700746,0.12114256196981406,-0.05104683512919295,-0.11300834978826241,-0.06393149838705378,0.034694754440080106,0.05755108265173437,0.15937008422196183,-0.031782642168750416,-0.09151325659114916,-0.1379888856822585,0.018486672982802783,-0.03098384962948349,0.05031132763337962,2.5008596072077586e-14,2.739099567229897e-16,2.0413379235736903e-14,-6.006918663475095e-15,3.27222618547028e-14,20.0
4.293808575079812,-0.521847738720888,-0.42692990844587486,1.220535095957962,-0.473462512169766,-0.005459244769745902,0.6643744962232558,1.8923145081151667,-0.8583635257513857,0.7279421261264449,0.12571837062276287,-0.2814462858182734,0.1389472918272734,1.1236298854130329,-1.1375333554102152,0.39784018482573213,0.24488459779962585,-0.7449434665518132,0.5442029910666394,-0.6958481431028966,0.9544586773657103,-0.12454661216755654,0.724060059661312,-0.25656083942961305,-0.14548150159573112,-0.17107028471222996,-0.1986074699247077,-0.07657573854188719,0.5046407554760166,-0.12579414928361768,0.2675744542439481,0.009646385776492987,0.0056774073161227285,-0.028171109112414047,0.06902384958497497,-0.2086465031765859,-0.2823868204306006,-0.08642964929504382,0.14926775136679005,0.06906447648991602,0.039511869042369745,-0.0029214987983511376,-0.1607112579830106,-0.09267525176903076,-0.013875035009073413,1.1911767002276948e-14,-1.1562664098030106e-14,1.0575673193763067e-14,-1.08206521487323e-14,4.525366768909233e-15,18.4444444444444
2.9276701753491605,-3.5006236835036866,1.1784945247285694,0.6371514045858366,0.05061317286061045,0.5043988235919237,-1.187440886088623,-0.7232701473601127,-0.5081209375347965,-0.20439833625044934,0.5274370770893888,-0.18718288043979459,0.1862417374978318,0.12247633269895411,0.08527931022019755,-1.010464119802455,0.2572932477226459,0.4312958714537173,0.5948432155720096,-0.7891535919683574,0.017116186010741264,0.9107335084567292,0.4044932287703855,-0.006082287524618981,-0.11696922055759046,0.03802267596485313,0.15454473488345824,-0.1824620046967179,0.03779482151997572,0.21947316910382927,-0.16981694569518815,0.24170092297847287,-0.12601431137967053,0.14144144135151432,0.03609522097851874,0.011596255094014308,-0.026659755666992673,0.025965693348905673,0.17744806672427177,0.0077103859902276995,-0.03413830246867453,0.04198271108980807,0.03560574201325575,-0.015105863681078451,-0.0029368935997964585,-1.736401688932797e-15,-3.2745589107606255e-15,-4.670042926323351e-15,3.315808099056152e-15,-3.4401223517426063e-15,26.6666666666667
1.9496544977400663,-2.571653511194149,-2.2425212375703425,0.4563536242972423,0.8052702440497067,0.9652694817878559,-0.8752002911841801,-0.8070581245899943,0.0895617939491111,0.31079201632713416,0.5677468434289781,-0.3355268220835193,-0.6375546680980672,-0.36779401192116346,-0.21714661691101533,-0.3421773636068363,0.041469755452886656,0.3663938057565314,0.6461210589913313,0.8212185002972292,-0.43447267858744704,-0.1673318272210676,0.2515377642238373,0.22797835313615925,0.20482032614477702,0.49943974645457556,-0.13622022966255223,0.24221110918867084,-0.10733092624038446,0.12246222852156147,-0.019466103394820012,0.1449989083570961,0.11854026710927587,0.009592355374601645,0.03015138287333751,-0.07199037845759174,0.12640814694723926,-0.03250491618020596,-0.10968648681801461,0.03985322407359962,-0.08090526240583894,0.12214287727959759,-0.050600817702525995,0.001692874479864162,0.015136035662597839,-1.7546087632413314e-15,-3.665017985962206e-14,-7.652992239890216e-15,1.5294547166407774e-14,-5.229807599310394e-15,25.3333333333333
5.507474477749656,-0.9479937566019726,-0.632774206655599,-1.2566573347432441,0.580931502026156,0.34019972856026487,1.4499754471489117,0.999493236606332,-0.7802338183215114,-0.493670720031649,0.5548416778008735,0.07075832506286439,-0.13921076294311763,0.26294544513139617,-0.4206147487040143,0.5775041584395882,0.26658522773400267,0.7157668035042375,-0.6847786352667036,0.9116418272272965,0.6999309268399035,0.21069417338778107,-0.21051378531157872,-0.0034993404600083,-0.060523359992849114,0.2449111389910314,-0.09566720529352882,-0.2473239639292197,-0.1734191847371824,-0.07208343346599577,-0.3693546164496097,0.3192191990148762,-0.14513593752093404,-0.08920047558276431,0.051162844556703974,0.10810998328877693,0.07685974870557165,0.021340272574687284,-0.012069376834545146,0.017009098380334136,0.07704328729723349,-0.01864815604444417,-0.05803784592072299,-0.059011435133130646,0.012546387013956396,1.6613744965942154e-14,5.451668170099065e-15,1.9656289704922474e-14,-6.141846763267094e-15,1.3289786244414846e-14,20.0
1.8121483154686457,-1.1165018550752415,-1.368256644964374,-2.9123799048489625,0.7581495121654874,-2.4692503820404736,-1.5294943239941203,-0.7945905924181551,-0.9313822669055096,0.46612680151120994,0.46008437333359486,0.7412275421677864,-0.24321443089375785,-0.6675442145097481,1.0639394708912377,-1.0217276946494525,-0.5693173037219738,-0.18550303575832652,0.6549789966389155,0.09354958897652672,0.2638218851197603,-0.37236658873190037,0.26338905248990085,0.5953042369968189,0.14440963391620465,0.5632995405548133,-0.5112509777326971,0.009094508159255379,-0.11225999239764196,-0.4560705707972854,0.3883482927163742,0.3892574109814796,-0.255127787346331,-0.017945448287539852,-0.1667081987034249,-0.07142134983506589,0.06820225543316967,-0.19365770648406389,-0.05424393792063948,-0.034764383475833445,-0.17059335932430925,0.15484623841409942,0.06015027959745487,0.058203224125092684,0.06171143777166121,-7.293184574394805e-15,-3.3053298691724443e-14,-2.2003609507127344e-14,4.5661859804004294e-14,1.067812233012593e-15,22.3277777777778
3.2170052345792897,-0.3297986889536937,-0.49102802010891033,-2.6866962904351817,-1.0732902718674786,0.6595158800088224,1.6230833137230407,1.3790300057212515,0.17960323542576223,0.20243030322449976,0.4645240265581485,-0.583203660881901,-0.21832461729829794,0.05081018197758583,0.501646658624586,-1.1034503683757413,0.7685975705915856,0.4339060480413156,-0.313408584003077,-0.36403461720465036,-0.041042169444480664,-0.6666099041518777,-0.7086325549231062,0.15657404740149797,0.0705325377566134,-0.6832298288135917,0.22530298817707353,-0.13778971161608283,0.33131926746571216,0.10985643082235913,-0.06644091329417373,0.2105863709870563,-0.19330668721777475,-0.27444875587472334,-0.06963583549305734,0.08898485199034764,0.13843933508929313,0.09832815546224641,-0.12837208750529597,-0.07990583647412067,-0.035729124868110376,-0.08479508179460801,0.10917943593693215,0.10492353286575694,-0.008992459363910589,-4.817706606664118e-15,1.5742521340312488e-14,-1.2608236110787412e-14,3.2253870119575566e-15,1.168972927600875e-17,18.3388888888889
1.0603586629852795,-3.101293734327917,0.4236668855539828,-0.16092500270563306,1.3038498762130408,0.9363903590964013,-0.4675559416679979,-0.969973941828522,-0.3409298615289995,0.1342875431984291,0.6454028273965488,-0.631379999803991,0.8992144704836513,0.7949316387141485,-0.8476365203096848,-0.5239697527037545,0.3155334818934124,-0.027425602842393645,-0.18333318339642626,-1.6622773196253622,-0.04759440939380459,0.051855413631276576,0.21778778757909195,0.14609178109885554,-0.6227983468554569,0.18216974132010091,0.3056171083429869,0.03460309029063137,-0.08413145815007285,0.43268800296505355,-0.1664194289554021,0.04197497140752395,-0.2162118252480741,-0.006960774323928451,0.08703815002556174,-0.142755500633294,-0.2225735380808108,0.01761933523919692,-0.01669662519922134,-0.08390766290233166,0.06012609431593023,0.05308320485065236,-0.0020653111904781465,0.11459453305508231,-0.027597653757146262,-2.1201461727901826e-14,1.6810815515264428e-14,-1.4488888171820454e-14,2.460141357175609e-15,-2.6766858066062336e-14,18.0
-2.9710232881159544,4.796218591746347,-1.6493696644646874,0.9755599296652802,5.335375163186066,-1.2032164008061916,3.0763971345108856,-3.5187039881335176,-1.2726574538944975,-0.1490968680932907,2.247974924233742,-1.0228553078426939,0.3783334303120024,0.941069075687255,-0.3016249255461734,-0.33548708171314295,4.328708092726293,0.1846691784918861,-0.3581716948792267,-3.0577617607048153,2.625169286025654,-0.6239701634426907,0.7021823766926594,-0.3487852875319955,-0.2907817796373344,0.7095625377922594,-0.18001552500908238,-0.44739595704076196,-0.2561329228472203,0.00881213627812983,0.8934594055030946,0.7202903818848907,-0.04523089279188438,-0.0025780490608537272,0.3880678112517897,-0.2739064845276031,0.008894663636071987,-0.2588386014130223,0.22805676087581858,0.038895999542822184,0.031727699129251254,-0.18071822832882298,0.008131166723862906,-0.04184981311103675,-0.06162775863464644,1.598034923059932e-14,1.731247658404503e-14,1.2144466442028742e-14,-4.097651133081166e-14,6.616011130099852e-15,40.5277777777778
3.9132249766031406,-3.427611120392486,-0.3004382693102899,2.984914319901227,-0.9368356975448773,0.9813929240878083,-0.1633799658901163,-0.9147026970823181,1.8233695515942903,1.66719807359614,-0.507095773159915,-0.9260126030724335,-1.3228943136565856,-2.400390424962834,3.2787984188718493,-0.1238388631609993,-1.292723121604998,-0.8576911246716679,-0.5697089461474015,-1.358169637368943,1.0322010685368495,-0.8440264678801044,-0.32687885678287093,-0.9290737208296856,-0.4570287434544231,0.23578085562158982,-0.2981171057790821,0.5163333245086642,0.10002725229410407,0.16762408532149192,-0.1776870239265552,-0.28095569938282233,-0.006451941589555368,-0.06806224473378245,-0.06584577303614808,0.06803882113444856,0.12245298133475131,0.014329926418267363,-0.03194877686862399,-0.022686769847992092,0.042389500241068225,-0.0769957507075555,-0.0013353981891754514,0.018981876172631983,0.005120618385024329,2.121688576814882e-16,3.010218579787922e-14,1.535671803134508e-14,-1.3691956882619664e-14,1.6409358951605067e-15,21.0
2.6534355610372042,-3.6855595633966356,1.240004161462967,1.1439831652727737,2.2499870565028557,0.024052319924935065,-0.5921307046467876,-0.23047580775852664,0.20597272811056597,-1.1647504133235362,0.40905182761407194,-0.7370466352277217,-0.9386063196812251,1.1594429583350048,-1.2138444979797514,0.10935880331946259,-0.6067623872823811,0.9208972003463521,0.14784488602220697,0.0218494829787763,0.023958258453417664,0.24795418924810983,-0.5837949557791601,-0.012167980483323614,-0.12896634607141713,-0.6770709528962323,0.373625775419675,-0.4058626617939466,0.11539923481453422,-0.18207004210464023,0.16454138452656886,-0.41468230595199224,-0.022925859748236913,0.2664952303031229,-0.04872481911458028,0.08794539514875353,0.14351445912755373,-0.20469900061339863,-0.0006031760742321649,-0.036029040050197185,0.0010943998927585496,-0.026082831620684678,-0.07070907888935128,0.03889403233172841,-0.024760013918961654,-6.3806229087038244e-15,4.285906944489082e-14,9.460509821749961e-15,-1.3236088856161898e-14,2.129758693049813e-15,21.0
-0.28386053636419983,4.333571279039107,-3.0654245797997914,-2.4980525114243464,-1.5990789817650322,-1.5741627912447296,0.9264523073759563,-1.8755047763776247,0.23128664768277318,-1.054096956829542,0.17780265607303333,-1.682727903793572,0.44399858062713793,-0.7599367632105826,-0.9798618855937526,-0.07207384117024919,0.28288636762640884,-0.8709463661334552,0.8096257121171204,0.43909261985809034,0.051395482261181666,0.4110945616795725,-0.38833579478396607,-0.6632370471398054,-0.02473815852899956,0.5942758417752905,0.7807217112979797,-0.15085638605909177,0.3397636054522588,0.14101820632313095,0.237564272812934,-0.1585961739877157,-0.12840108833926775,0.03584052833938061,-0.173108582325177,0.10105987595602954,-0.0054829169176564205,0.14490445289105,0.12212889881510572,0.16009205419923875,-0.06760572371159186,0.05896675684222701,0.004458983008939953,0.01469259579180252,-0.05299279999782267,-2.5412370783142833e-14,2.1219474409683697e-14,-2.2984439537668893e-14,-2.1531363030266707e-15,-2.2573745994609877e-14,36.5777777777778
1.9203289600843212,0.8525705719411298,-1.3961052849562832,-3.716255230138781,4.6722095011849385,-3.1771504005284594,0.9635696564057938,1.0426319244942472,-0.6448351849885035,2.624056078599456,-0.9061925066488491,-0.07835782121809244,0.202823678791718,-2.2216344600314177,0.16773147211187991,-0.28002223610951515,0.6090956220170992,1.9605965026392684,0.9051014956937207,-0.5590509889629001,-0.2823715597921684,0.28171525670307496,-0.13980409383241701,0.04720045126180059,0.15734229837602043,-0.48490842008813806,-0.27414849950269915,-0.06394944728440793,0.043368352407436056,-0.08046112839027539,0.16801535298795622,0.09839271501620331,-0.09135348417427049,-0.06748141278314294,-0.059279441757617575,0.06801310441608893,-0.040449332396161275,0.024877402942437395,-0.04906456377756136,-0.05343381886394694,-0.011137225301469517,-0.05333275808734439,-0.010028546162309847,0.02741030407429449,-0.0040025992703701194,6.357705079175965e-15,2.373907128020534e-15,-3.0450822427144003e-15,-1.0505229504983688e-15,2.831831844232563e-15,23.6666666666667
2.5227293920551026,3.0760037490336956,0.2510663628163066,-3.041444558863771,-2.0318870097546564,0.34913611421492546,-2.7099064823766215,-0.21084799463722095,0.11919103352051728,-0.9532470462675676,-0.10420372067361698,0.9706922195281064,-0.12975400578460344,0.6097962504880361,0.8151661012850554,1.1098112617930083,0.7645770927197519,0.31746668810109613,0.2966452485645953,0.7953915179615855,-0.4645707870085083,-0.8010079688852721,0.8457195075839395,-0.0623295590636673,-0.2438352904749614,-0.1302617963243266,0.582099075454982,0.06265510909596192,0.8792547988793367,0.48780639467698483,-0.34013373664298735,-0.1056348086190143,-0.6224629216076089,-0.29156091203876905,0.04108645656073741,-0.4002310414535694,-0.06135003028528322,0.17188277377618708,-0.06174471892108047,-0.2582352830463682,-0.11528243352190651,-0.12317242324280338,-0.07931834985365195,0.07875577248160832,-0.07633534584356715,-1.0519148229191164e-14,4.039914709452337e-14,1.146821736129084e-15,-2.951786843147352e-14,-2.3477586698973585e-14,9.44444444444447
3.072558094355936,-0.12277055811805193,-0.39410178736104295,-2.542729511930211,-0.323468840488863,0.8621143474028196,1.820410325815381,1.768212560828177,1.6409418328622527,0.2314939045348576,1.24910289304508,-0.6344623388292236,-0.18157944558241085,-0.559547477662514,0.21371251255124837,-0.46102976722353073,0.8539813725753909,-0.20964555326028617,-0.389154802951416,-0.24654036572459917,0.3323028906902752,0.04702803931628632,-0.27775734586648015,-0.24138413565029426,0.09035917882908938,-0.4970820480422061,-0.17413820625826093,-0.466185792621652,-0.013830021549715008,0.2122063750181226,0.06685041379418051,0.10192305725621649,-0.013483673950846117,-0.14411353495774304,-0.16482330453834218,-0.08211015490823867,-0.05984190911946226,0.2097949919189511,-0.1023799139511069,-0.08653497999327191,-0.004766575532900376,-0.042614176761892546,0.08265003769114174,0.07503566757993353,-0.017664553599262733,-1.0295970959396812e-14,4.10437471674224e-15,-1.8616486037364948e-14,1.7997653399995366e-15,-1.3115760532166987e-14,17.3333333333333
1.7256701978047941,3.270915575837493,-1.506364468949587,-3.539993374087498,-2.4966854892038928,-1.1999688261661845,-0.7149984378732449,0.32548346525822597,0.23417990499984268,-0.04095587377139346,0.9189843140406894,0.08008045040131005,-0.7578758360972071,0.07790245355542974,0.22155516861297264,0.792866524879981,0.5462662456970928,0.2275320615480203,0.16118535932049177,0.4099876598875685,-0.4070781717245162,-0.3245502563549151,0.2400109752795253,0.2677183994424592,0.5114915681309279,0.10384728993141962,0.2364152217510145,0.320410087972148,0.8104247209630847,0.44758310852336247,-0.007687765262909475,-0.16930547934608722,-0.05051197854824335,-0.03290751366330699,-0.0326918341372832,-0.1711190931788518,0.0465674068876791,-0.024820127410974554,-0.1276635766060773,0.05776038579112582,-0.11856762701961357,0.10652270416808297,-0.024739528623023477,0.16328451100836586,0.0013621873357972803,-2.6240670408508786e-14,9.393978846543087e-15,-1.9345512216811624e-14,1.7656145938577372e-14,-2.023121247131879e-14,11.6666666666667
0.3331700140329134,-2.522313433202505,0.6953943574605118,-1.1748142987389907,0.08879549195763764,-0.23725673434764147,-1.9435463712051577,-0.9402766329345839,0.20361113238059034,-0.4314762211503801,0.1962314845835549,-1.1349486370468131,-0.7903590408700849,1.3133559222980138,-0.2634003171567419,-1.2272733153552478,0.1437610464647375,-0.1424912452389199,0.060564115404901975,-0.7288125888457708,-0.11559453461843441,0.4468660449909319,-0.22432172883015844,0.06645271245224386,-0.28215015434064417,-0.0891108248757183,0.02084742038913066,-0.2199739647509368,-0.02911591556544229,0.23982667515538103,-0.09967992848569995,-0.14464388478021706,-0.3274919116167707,-0.0005704479094873563,-0.02684231024830773,-0.15371933245893582,-0.34224025758744125,-0.03982257203443719,0.032076114300709224,-0.1372394211577322,0.003121431648281189,0.08052664501625173,-0.08133932788679134,0.010915919290470283,0.019049831887092108,4.1721409009754894e-15,-5.10160288017342e-14,-1.623822647401982e-14,2.6980454378355108e-14,-6.570238669437765e-15,19.0333333333333
1.419907432111838,-3.317277365745962,1.1897519572384854,-1.3294502411945914,2.456386804365706,0.6339594604724679,-0.987326732819844,-1.501132693788533,-0.05197497471112153,-1.464900593283044,1.3086977593688278,-1.3702509451304847,2.1777933352276717,0.7961033747851143,0.1720808913536581,0.6428316814701718,1.2487416293400693,0.19846522287908072,-0.12294322069457353,-1.1086438910411085,-0.27802218973578374,-0.3147872978016133,-0.22121896768173258,-0.24018158006108908,-0.074131430487731,0.37655597138493274,-0.12210187731506102,0.19744155945074596,-0.07516993545203297,0.1921531429228696,0.027348673387544105,-0.1851654552632754,-0.21718076319780005,-0.23092883034582312,0.038692920106197855,0.16246894269139328,0.05791994919757842,0.0021044924038520116,-0.1829066010834017,-0.18033396802521934,-0.03306381663109957,-0.014163534329461177,0.09327823706611543,-0.03557557981601028,-0.00353958029829464,4.209098837602625e-15,5.7398004878802225e-15,-3.6826305895485944e-15,2.472452879312581e-15,-3.031926927341865e-15,17.3222222222222
2.851751242736767,-0.19435982297707047,-0.40745872042443787,-2.7857957731844607,-0.9520753944537036,0.25482764862037444,1.7212181468413872,1.2701190976540675,0.20205679717573846,0.09814499803211713,0.9047720454996915,-0.3702436676492702,-0.7880408949907587,-0.17337261613285446,-0.18610390150335107,-0.6407498435437085,0.9244786853817236,0.17870464313095727,0.024528754803615316,0.32315490201070335,0.07631566742500644,-0.18048862803797125,-0.7583003573270247,0.15323378849802088,0.32643256597744524,-0.6485402696391119,-0.03841322938722792,-0.34366928574840233,0.05548949676608106,0.16869409193185997,0.18358855756591588,0.03848433577385332,-0.057016817973431465,-0.09307835560751625,-0.18605841466847076,-0.06618277659122532,-0.039019375320374125,0.13629253808780065,-0.11173226530722757,-0.05150048360159466,0.003190341665572467,-0.03881624570435669,0.050686692473663336,0.06998189134734004,0.014571403847127915,-8.275298424360059e-16,-3.150712229686221e-15,-1.1510073868788482e-14,1.089333521477559e-14,5.199991763481129e-16,20.0
6.218379480690321,-0.22989998601207393,-0.844443930136064,2.5862138554868648,-0.6339413647305968,-0.06833740962817007,-0.09566309254412012,2.8498597663191476,0.1809708112933799,0.6585131005108469,0.1638733860522029,-0.35804038583162173,0.3508940254732124,0.6807259775404411,-0.20201433221660037,0.19790179619483272,0.8332715940852602,-0.7318834366813195,0.32703688013145993,0.4405061964256682,0.5258412781406648,-0.3816500751466455,0.6874407404635361,-0.7362571957606003,-0.04863144668638416,0.6073567658952113,-0.22326552679726783,0.1829227882381008,0.13156586876477888,-0.15381283871049886,0.23818688029667712,-0.25796232588590345,0.01542126434364585,0.039627829097372586,-0.028457415170093793,-0.011986810326568252,0.09246341844934987,0.022950915899094936,-0.09727860401516525,-0.0024406757984315355,0.0028631049155414274,0.0050948034758380445,0.006190338957595381,-0.012259219849587047,-0.011147818872003473,-3.0772135613496305e-15,-6.182874583051374e-15,-3.590374186017055e-15,3.109017182452271e-18,-1.0175872734295392e-14,35.1111111111111
4.336754711719765,0.558957711915054,-2.3124282956363293,-0.976941586445347,-2.063782775324605,-0.9610189197029381,0.6365615941502769,0.9523174586026337,0.7922040986998583,-0.07671873687401687,-0.623230377255349,-0.4267718182637312,-0.25514916790806796,-0.9595963418382067,-0.7241996763220602,-0.04141645028986581,0.07547602930541854,-0.40997731581175695,0.24679468518094838,-0.20352136934076115,-0.048050254040619356,-0.7562017553169482,-0.9307368815806611,0.25580709179994676,-0.7709688052211613,-0.3256943217089331,0.788037271235193,-0.031148847611255526,-0.5316302187067455,-0.13806113503166761,-0.27231915604421264,-0.12211992256473836,0.07742133881591404,0.3189554676225384,-0.06970002928117512,0.3129268194044305,0.29884987976556204,0.14909762594820933,0.11230741305874029,0.030003461844825236,-0.07904725528190544,0.02585739032905979,-0.04557405136815393,-0.017294691667176048,-0.003930548397854001,-5.627394483692839e-16,1.6167478498442358e-14,7.609538603393438e-15,-5.5981279289992255e-15,8.02034448377465e-15,17.9833333333333
5.108595418403931,0.3664022130378347,-1.5795595183865883,2.106281599521838,-0.609348137402323,-0.2659100042776776,0.1585617820672547,2.603861610972285,-0.6123731329664617,0.4326089721725365,0.5129713806477778,-0.4543504464728912,0.39907141880544683,0.7979022463765602,-0.5610244904742766,0.35835300240104434,0.0035813087290628826,0.3965432261758122,0.8065696050422918,0.06232246814347914,-0.07318065341693582,-1.072372474361404,0.2684367898995815,-0.6580795890598663,0.10408124313766905,0.3543465946534215,-0.0407065967725105,0.29440348586770043,-0.12044043416162808,-0.35964567501669786,0.12663831737647757,-0.68180705175216,-0.0414172452941439,0.01995694389882552,-0.10621670558668805,0.0588427827693344,0.0417849430514393,0.0014715102141603243,-0.04183887640619673,-0.023922361499376217,0.05577087873007287,0.033541810081559216,0.02250593823104068,-0.034409492889583324,-0.009767874995932263,-7.561574122118945e-15,-5.450151531534213e-15,-1.3234683624096094e-14,7.895186925018135e-15,-1.780104833059179e-14,25.3333333333333
3.818485433976421,-3.766536819494606,-0.8313954464967862,-3.7139224922403606,0.39293426765239886,1.1525473371110153,2.0510472894588463,-1.93225548882011,-1.1735066900485416,-0.5422107581720595,-0.6154338900590905,0.9058257282706552,0.8514116815928215,1.1283826702841755,1.8976628559844806,0.3622419754215159,-1.83359502800117,0.21707019293292437,-0.08881887737549798,0.36175491663064635,-0.04191690216172838,-0.07652026705659441,0.38901412038092625,0.5713732607656795,-1.0293894044527274,-0.2256979241225434,-0.1814326216913436,0.48920981503525435,-0.12495896927624435,-0.1256324025452478,-0.16152826570491402,-0.1370157531123211,-0.14053301307141589,-0.03446622708596259,0.22760481758863915,0.0004746769037660682,0.045539066141209304,0.21425598454509984,-0.13533926951668043,0.17468959564060238,-0.028612990216588016,-0.19504027936706272,-0.039536733663562695,-0.0801574558098726,0.06114588095408423,3.6791195021306823e-14,5.936452307250876e-15,4.440784798766618e-14,-2.033507832911594e-14,4.6716221122047814e-14,38.7944444444444
-1.9135905044468,5.239724059900224,-4.318043829554245,-1.4467875422713743,-0.9244681043301182,-0.8981669436891033,-0.6888761687555275,-2.1847234229325663,0.11026018589190978,0.23107493956373654,-0.9033442376857423,-1.7616803168290867,1.4121974119503304,-0.10467440180759462,-1.2552436392769144,-1.1249682882864278,-0.5539749174321349,-0.8237968979955346,0.18736195755467894,1.2191210452070496,1.7550592674649532,-0.01912771896662085,-0.12460019472639089,-0.23081658801396074,-0.04173387495929384,0.5229979014949568,1.232227966418699,-0.13221361993112066,0.1542336054179973,0.15424844308711314,0.03816635433310266,-0.2359023656665041,-0.084527917150809,-0.11370676154673158,-0.25141363818735685,0.07579335001001933,0.020591188952830537,-0.03792660091685838,0.14589476981691468,-0.06242704734985444,0.03224702924745239,0.07655924574731551,0.05593988207183066,-0.0016104626279801716,-0.03581335755783365,-2.2676574183600247e-14,1.7877124527280346e-14,-2.4397124178935782e-14,7.069260309628042e-15,-2.156526908594675e-14,12.7333333333333
0.5707749955934427,-2.3982492573365826,-1.5844956726098787,-1.0720126310421465,1.8388762789231592,1.4966213832373616,-0.3673167810871228,-1.2861571677732275,-0.6383883475415356,-0.5281992682467848,0.4142094039444535,0.5887821393625368,-0.38544061391791634,-0.26062350009401714,-0.18797932937239925,-0.7035051394881714,0.31739538395242695,0.8510061990374261,1.2009035410757078,0.43369860066340366,-0.5852785700402932,-0.2242433560225777,0.5540122329158154,0.2803383059231342,-0.6423631393872062,0.6025814429148771,-0.5546522547928832,0.40354930908868447,-0.2489538129791001,0.1386745952284527,-0.01447796929566999,0.018162646334941197,0.02996224720646359,-0.14719123982641968,0.14675723737640703,-0.1677203130306334,0.11386140316891835,-0.0959448967020641,0.11991475926887259,0.041571365673736024,-0.0006706780034494678,0.14270612535796798,-0.06218261233483411,0.07381195682308807,-0.01657806497760836,-2.572481686153742e-14,-1.5036903013482905e-14,-1.6970918450504653e-14,1.1714507850326952e-14,-3.441906892638892e-14,24.0166666666666
3.356912709271706,-2.9081169378575202,-0.24023970835680764,-2.3259529919427817,3.391832707319234,-1.1562081521993277,-0.693641433720935,-0.3256018719636571,-1.5028674060245597,-1.1048407311176929,0.5029923574960057,0.5654041903129392,0.5767235986037154,0.5272634225141234,0.19672428967606423,1.216989186434769,-1.2131328019857732,-1.8703184954926964,-0.28795488286353016,1.094106998780881,0.03419294147032312,-1.0527419083127194,-0.1821325661593163,0.5112484082505673,-1.0625494033717113,-0.660001650594817,-0.0063504252803428885,-0.35218263669635097,-0.33769150442075524,0.08626151126505535,0.01099337005084874,0.25524507334412083,-0.0893378088231137,0.12202210928351666,-0.2755660294358607,-0.08145437006786861,-0.21402773609073533,-0.22842715017631468,-0.023507607249791857,-0.022207747499830725,-0.06990406420880453,0.07236147898129318,-0.00426679101436379,-0.06420847497865684,-0.07337717932620007,-1.0847310307646683e-14,-6.162879329173875e-15,-2.0946612506572123e-14,-8.718335688759008e-15,-1.5105757472304856e-14,26.9444444444444
3.0909371404075583,-0.7195925349655087,-0.3337161682407349,-0.028848629459573148,-1.2758943873106834,-0.153437377667195,0.7204119841733153,0.8364477083775423,-0.68948485351668,0.672983116067638,-0.05174885480917468,-0.27255487160203123,-0.44618975724402815,0.49447168006063724,-0.26180581873937464,-0.3815479561358014,0.3258383693278089,-0.503114540171747,0.23662735762768608,-0.655896493804281,0.45410690135168685,-0.33627463493833365,-0.17115525771465534,-0.07011778612084033,0.35055743096670605,-0.24748964499846673,-0.5215474143527257,-0.038975566547571394,0.17521730280437825,-0.25352539585909967,0.23473319011637203,-0.06071348258325081,0.1055114019431032,-0.1424077955984801,0.17699149822806684,-0.09034534993329925,0.09349180775523806,-0.09393013221561126,0.2961376385690471,-0.08297832040747508,-0.10530144328669544,0.0030359947299664664,-0.1801719626148508,-0.06323445333676439,-0.022097800398703907,1.2732580096184066e-15,2.9135627833383976e-14,2.0418221029625256e-14,-2.0941654412966695e-14,1.1516420329132305e-15,22.8611111111111
3.349288596737851,0.853806807650006,1.2732363892828065,-4.095680192218341,1.0869463162224815,-0.9496653668471315,1.163273612565032,3.1547863661437305,8.067732427808718,-0.9144733888006301,5.998325072016985,4.027435671187515,4.0334716844902605,1.1295770278930297,-0.6444267349770283,-2.5172743856988773,-1.7196496600604325,-0.09830455414468477,-0.16000792360330587,-0.8970226288805618,-0.17215410617879018,0.04234769626743568,0.6298618426095938,-0.8812792478660766,-0.5472434234007941,-0.16419497727306753,0.46136243604320115,-0.40891392824612705,-0.22914736220338724,0.519058843010066,-0.0642242073539667,0.016097702811499512,-0.4803865959606476,-0.3758304277443126,0.0126466462352383,0.1767581625813553,-0.060539238176937155,-0.002037557927212661,0.14629520971727977,-0.10560393706161403,-0.07771228481475466,0.1284336025795338,-0.0625265036778424,0.1494705932938341,-0.01763296744629968,-2.284460664035514e-14,-4.1536740228524504e-15,-3.658085923970187e-14,2.89608111413278e-14,-2.8160944945502255e-14,18.1055555555556
6.106423255352952,-0.6411974509113496,-0.6740991335510507,-0.4926587888469125,-1.4436623070674146,-0.4419600415960205,0.8561090331575347,1.2508866304405777,-0.9605708395529967,-0.2593969208810822,0.10903345047234934,0.5952092644280896,-0.2258005456289175,0.45307141148404345,0.7564183930213597,-0.3397646671281352,-0.48982640767141916,0.4344126851023643,-0.7379230788884092,0.8811729792267285,0.860159779742237,0.5509365582595142,-0.08404574779510746,0.09410094181497275,0.18629478892690393,0.48122462989234055,-0.21613881149437306,0.050612399932742004,0.11932480032697895,0.1702185932050329,-0.29690255945229993,0.6866472789313491,0.042656286104238765,0.15124021404001303,-0.052882559734779414,0.26975921233595546,0.05717799840158494,0.11421457101612653,0.0790546774141711,0.08935332197135071,-0.030086941383973758,0.020233647827731672,-0.042555340853533345,-0.07484803171210379,-0.008251252499427333,1.4253680650762195e-14,1.253856932247891e-14,1.844279583693027e-14,-1.4362994734589372e-14,1.3628826103056788e-14,18.3333333333333
1.3424510093315052,0.8476779907299723,-2.8117014001684573,-2.6707415507949475,1.6399679654515398,-1.4806648521332866,1.161949333620147,0.5142402846447682,-1.1609836841457695,0.8928139756284713,0.18205288309163928,-0.3310893726748291,0.13602712548411933,-0.4301945543073531,-0.14361347828136262,-0.04550434332938073,-0.3399972184628447,0.4829359904689162,-0.7650301918564995,-1.301718488789263,0.1230407708515383,-0.34226072947390473,-0.06502289804399519,0.5339242450915562,-0.2255586534968346,-0.08885587313811504,-0.28222093972799067,0.3493602408776915,0.15608854026038588,-0.07146380608303964,-0.19677668845378027,0.06563508835784154,0.09304682105198787,0.05646882557572391,0.01822780930035384,0.11932807454545546,0.031544992047195144,0.06217464609868891,-0.024677361599863102,0.022718230252556787,-0.01707329949532848,0.04408086956754761,-0.0456881425201954,0.029885676014849195,-0.01944678057858811,-5.705096702751982e-15,3.4368596571852666e-15,-3.297333065252354e-15,-2.4146829460868274e-15,-8.162204169533465e-15,11.1111111111111
6.6748131937718265,-1.0185249274513413,-1.4552419744441218,2.6961071898108697,-1.2255584757610052,-0.36901969038703614,0.36087129517837374,1.300960859059953,0.6361358209273466,1.350237154425474,-0.4201110872288827,-0.1927982188491628,-0.4485269572188741,-0.18878376828108967,1.1171637100711258,0.46154063981055826,0.4672310470025337,-0.7953513379375168,-0.1606564126104406,0.6557179145120551,0.3548187557615256,0.11484085804403392,0.016503801592327547,-0.1444309833878531,-0.05191776608278102,0.48712186226674925,-0.1461984347810482,-0.12332720401157632,0.07941931808330446,0.11812371728657796,-0.08372517914539562,0.3124911485427574,-0.020990475236014765,-0.1267731586703502,-0.01374573705935839,-0.08382551199651025,-0.13336768143568917,0.12571430933841649,0.003745912725419442,-0.02063858253405077,-0.08624641717358673,0.0005358439622921717,-0.012092559850592216,-0.05361293078740313,-0.015572409779644185,1.7167014631147033e-15,-1.0667965537825566e-15,1.3923760228375124e-15,-8.77452018074316e-15,-9.881147131158175e-17,26.3333333333333
2.900801205948027,2.0554446501668138,-2.4175103194089105,-3.636167043631268,-0.7670867777252377,-0.4976244480641466,1.2231637446420855,0.6556093760026942,-0.8971144957064344,-0.37374364871615323,0.7479537985413788,0.16160778103515183,-1.2647210925646932,-0.7103915325063759,-0.3200846731735157,0.6787807846205992,-0.7373474346840874,1.1523248415743095,-0.5978777324393161,-0.5808568945643232,0.1790540682514967,0.20721356508652794,1.2291657363285584,0.2807077126106437,0.38628604906324926,-0.15247001363408796,0.21310032279072819,0.2470577008530141,-0.24154534211582782,0.16276157263373411,-0.25311429459415313,-0.2738767443399669,0.056170920269405046,-0.05733727102967056,0.34301106463848824,0.14076298900416695,0.23029400059223326,0.004002376060197328,-0.4401094344511139,0.04057048961650023,-0.1244093910129486,-0.0002309416581159782,-0.10694331367445689,0.0599543476065666,0.045476692151394285,1.696235058456352e-14,3.2448045189001545e-15,2.079541227978258e-14,1.2241512366325005e-15,2.544526165623289e-14,11.7166666666667
3.8802455003017755,-3.1759957549276954,-2.232901950181719,3.7495134324257586,1.577014403661306,0.7218015775314808,0.39253340918917196,0.6380731690450121,-0.3808014662594992,1.0038758205141383,0.5070081032161615,-0.23130981016136345,0.1374936454996735,0.5586878383296214,-1.3918821408599371,0.9524231650467645,-0.5011923549329178,0.14593840169258956,0.783322788874141,0.7636327417860084,-0.3860743372938415,0.48801806073797255,0.11539736365899525,-0.40010957628653515,-0.23735320333717155,0.6329060382226634,-0.003235831240086363,0.0547250862198475,-0.007030271057444992,0.42973233445883335,0.2379164928668981,0.128295750371524,0.08975461406206477,-0.03363506729057564,0.10835894079523506,-0.1749899058125317,0.09835593318375874,-0.06336905426696307,-0.16880366653665974,0.023624002836566037,0.01302464937253949,-0.05398813831437272,0.08486070896545947,0.1289166248614641,0.014772206598731186,-4.4228268123673715e-15,-7.068138319673932e-15,-4.713659668051674e-15,3.0400845760414382e-15,-3.749403701939814e-15,23.3333333333333
2.725603161193925,-3.1461113780918755,-1.3992744009952562,-1.205399805984115,1.4336842228849265,0.43423040117595835,0.24786386423712822,-0.31045090714280227,-1.6207545802342087,-1.4341567781387996,1.5157067302720384,-0.08882393840577452,-0.37417915791782463,0.17936940002343227,-0.7449062717234215,0.24352333958571012,-1.7260130820108317,-0.011241991143801153,-0.07646413085402808,0.25225899042102873,0.7747161054547013,-0.19614623394559993,0.8905999531319589,0.7618754365663221,0.04530078483573114,0.1412880942405808,-0.08137056641264358,0.13236107269854525,-0.12974261642294263,-0.24706679333143025,0.21114871027293697,-0.03561084594736557,0.14621218022021598,0.13829124627038888,0.2430821213003201,-0.09382411660558905,0.19980801996099362,-0.055023994131451745,-0.30262122433174365,0.03136357340157933,-0.12651417802068787,0.10283284711445297,-0.03403871121742691,0.055193122225679875,0.05864172680240157,2.4190527156781266e-15,-2.0154097397829918e-14,4.091002492379045e-15,2.0653306083766757e-14,1.2617518052314317e-14,18.3333333333333
4.577256696666118,0.2866529106869685,-1.472224662509414,0.2630625667847594,-1.114230901006282,-0.5561228708371193,0.7123683118155066,0.9629162949244408,-0.3852363067835369,0.5587134561472125,0.22702691161874236,-0.10616563451845902,-0.7161575801906216,-0.054293836578304305,0.042035814147390195,0.5929845843050691,-0.36562540394788723,0.021513964029600423,-0.14042851611934382,-0.05657215366916113,0.19045551959351772,-0.2946879165883217,-0.03723147176869235,0.2342862745593955,0.16362582964871156,-0.12415391386011665,0.08944862507398366,-0.06726370645323548,-0.2580165116625037,-0.188581738617105,-0.22957152898050126,-0.18787050259993332,-0.17999518196138034,0.06567178071469149,-0.0346800254605041,0.07927570643253858,-0.09934507059747365,-0.024402356783085884,0.12327448192732807,0.00028646341818194674,0.061193379987166466,0.0011337709365396233,0.03503203805311889,-0.05091113771488674,0.0009109166351635023,3.4907137280111053e-15,-1.7842651892525253e-15,-3.7057025998493234e-15,4.225544916238409e-15,1.1644614616913284e-15,22.3333333333333
1.97222405075441,-4.950591389681832,1.9453932839992922,-0.4956181494523204,-0.15303745602508562,1.3532732835428316,-1.6493252830487266,-1.9646766742257644,-0.8667797640485154,-0.837708896650556,1.075552342927353,-0.1818046092631055,-0.176750195059304,0.5403105490246657,-0.46520180601075334,-1.2929187530320039,-0.3240612773514235,0.5364395780547033,0.681105177650119,-0.5240380953581437,0.44670298364819894,0.5002135520368295,0.019727035918867288,-0.0329189665686914,0.057382823080086506,-0.08624294149223793,0.17114960681255895,-0.05827485185011116,0.02329310387460422,-0.5034995190646686,-0.12786505315757307,-0.2725166694992678,0.10036469464056305,0.05037069878878256,-0.0882014348981131,0.10514172807112131,-0.07903597896461098,-0.04652654844629737,0.0027507917144758893,0.006343728890808433,-0.017340166645358313,0.05119829477862301,-0.10688249926658445,0.011492814308339712,-0.02039040800212547,-8.269702950999727e-15,-1.1257771661237762e-15,-7.701987735543772e-15,3.302891704910943e-15,-7.059077738490963e-15,27.6888888888889
6.102979707482675,-0.6772255416254827,-1.4743336996337724,0.8844741419564297,-0.29269500007444854,-0.5275494404725505,0.6861130566342308,1.7507902965974633,-1.1766197474619664,0.06546075698480835,0.16512146989971552,0.2707764215841066,0.0023627897646936844,0.4790893494972564,-0.042881297299705176,0.24235512464247247,-0.7134862742196659,0.4457401031021314,-0.5609073474270518,1.0087656225412842,0.305595717127023,0.5819993652247425,0.028567535737940665,-0.28568544296132736,0.26648890035008377,0.8958220806170742,-0.29417404374654105,-0.06913819091572387,-0.12439491477366887,0.9362969160588295,-0.62129539699731,1.240579081428338,-0.09783336200849996,-0.13253153212488328,-0.1487406174991033,0.1647845622642192,-0.041756008451188674,0.1178450786842718,0.06432674437006417,0.05721448089604134,-0.09249457808563402,-0.007522067105022208,-0.06374065474210981,-0.0658881207433628,-0.019519334072449594,2.088067861305485e-14,2.2759160376048326e-14,2.265160285616076e-14,-2.7023882137792675e-14,1.4956989093854098e-14,16.6666666666667
2.786563716901105,2.818788018963018,-2.459720045451461,0.5121000609393613,-0.329827460010985,-0.3607273543025838,1.225615706651607,-1.0208433449183585,0.12958077080300898,-1.7952153110086795,-0.4217191984697869,-0.8045751835536427,0.6073459620761508,-1.6794324992694558,-0.38916704698909393,-0.4282269509583566,-0.3817785876250222,1.0333577929255933,-0.6500096124155568,0.0633313785692273,0.5646594219525057,-0.1929628785468567,-0.3332890426930478,0.29366644699749594,0.09002750508334191,0.9730281946474241,1.1874991561465353,-0.16347471232960167,0.4055376919001098,-0.03639545428778113,0.30272941944957554,0.49472836027902517,0.23976903169599822,-0.08687310107071039,0.24353009865429479,0.4185761742820702,-0.043600604094912634,0.03767977486063042,0.06163720658332474,-0.014199457210122645,0.10757161358752028,-0.05051699725877884,0.07618007361023546,-0.11223561657403867,-0.03049345956987943,8.11547236824459e-15,5.441342119368933e-14,2.176873736673144e-14,-2.940270294361511e-14,1.8234716102967832e-14,21.85
3.083153542964157,-3.002237641235486,0.5212391324367317,1.9358094427336503,1.8394229103992519,-0.1576926447159615,-1.3438354309404297,0.3518276299319859,-0.15213705573770323,0.2840101529114583,0.005959009578095761,-0.08602638348911223,0.7590793781987503,0.265142308463562,-0.3909993230371344,-1.223943334394769,-0.020084152413942912,0.6902216089747157,-0.40451960471012005,-0.3024544804206783,-0.7810705997781672,0.06898833166022507,-0.26104647488888766,0.24276158730732236,-0.05697569155573094,0.22088717867380925,0.5297531703258075,-0.09105414961932756,-0.278051909742084,0.28903671176065926,0.07383461734277161,-0.04288008250806856,-0.20866947970497765,0.08959456876909624,-0.03564662979031668,0.05560293619397216,-0.04883493393130451,-0.04541091858026239,0.022677116409491962,-0.12231170105102285,0.01769939930762664,-0.042670652780497774,-0.02172489197809172,0.0026065959603190953,0.005752710898457699,1.1741027250802898e-14,2.359584740265931e-15,6.693652553047613e-15,-1.845421226670219e-15,9.763995811319746e-15,19.0
4.403382549075841,-2.7629274874835885,-1.558368473202574,1.2592302137383677,1.4401686045367255,0.11674637984577553,0.0852859852709383,0.3645128187938118,-0.5848514373824875,-0.03962789474043095,0.2999344471980915,0.14946041998008133,-0.053941091021643024,-0.3339779836877784,0.3179816175751053,-0.04345264504474699,-0.9515911899589626,0.24634645908692726,-0.15766874562353111,0.4380637330594138,-0.04064781795178761,-0.31375154337775235,0.1802939276517236,0.9960573937227478,-0.15822684631684486,-0.13856194402180624,0.4965381292964532,-0.1438195363840931,-0.24326714124804708,-0.21748387840470737,0.23528682460783787,0.16116779794021308,0.0787349294483143,0.1607646656022157,0.13844375017545155,-0.07456286688043623,0.2957393800980704,-0.1418064162377198,-0.10817599057287246,-0.020178724646595585,-0.041398368823396245,0.0475669423823259,-0.06509581286318167,-0.01907098452197666,0.02588571881740851,8.092307189976086e-15,-3.158022164849155e-15,1.6079631459501225e-14,9.272481797701245e-16,1.7493682473646507e-14,22.0
1.6203807598132176,1.9974977773677076,-2.5416824430658718,-2.0916487239604766,0.5955454538376911,-2.1821964040563246,0.08528014969827978,1.7388519632786634,-0.9950642268388967,0.6906427545811203,0.5575634270461491,-0.49513875799782625,-0.6541353163037115,-0.5046384695902669,-0.576149469787508,0.027625975732317752,0.27831068812881754,-0.505278688075994,-0.500294950074681,-0.3114706661065709,-0.3236535716120803,-0.49092836769878173,-0.3077086535362556,0.19050882354907883,0.02574482744316798,-0.4705987612937465,-0.08524549266958457,0.13695507814489366,-0.05295930137280196,0.3997794205612417,-0.13048666421866037,-0.12386414341991377,-0.08099207961853745,0.15776784721245868,-0.24005152870780672,0.19981946302842446,-0.03476332081287533,0.05874656126366559,-0.01518404912522331,-0.005658364850837972,-0.0950368054021653,0.10906657956920042,-0.02127402946911766,0.04669038231473696,-0.03796796525753333,-1.6214250891510663e-14,7.487274844068023e-15,-2.2202175788057308e-14,7.001780360544951e-15,-1.945232302115276e-14,13.2333333333333
0.2912781320875003,3.1102049084185523,1.6116880529100035,-1.9822437042591925,-1.4964746875517432,1.861577830211495,-2.4564659224611805,-1.5646542848990472,0.11212059041983852,0.5640144094549681,-1.8682609399670287,1.047782699633645,-0.6121741778673345,0.3218922837576568,-0.5712697575377348,1.0713298962740774,0.41587694144932114,0.21725214257800277,-0.5240953713643349,-0.577650843763355,-1.4223433998482409,-0.528307560272497,0.9026473587028754,0.20926945199210867,0.3666274515500517,1.6730708114436526,-0.39037206562678056,-0.0407425664934988,-0.2291810616113511,-0.30818246420480316,-0.3725610065376732,-0.08122566131189016,0.011794529983868539,-0.1180438505542228,0.2697127532758018,-0.21935212178529664,-0.20877191240562434,0.10598499004079048,0.11460204537459869,-0.5896606814431936,0.2621568881736972,-0.5847577718028534,-0.0781835306404613,0.047833425516161,-0.003988497019818867,6.157484346586006e-14,1.1747033655893502e-14,6.896545160946885e-14,-6.560787499751406e-14,4.006292998156953e-14,17.3777777777778
3.1523826881490375,-3.7620948690103364,-0.5620541752849049,0.7012346736454472,3.686995347468412,0.000699931640377679,-0.7342650836158379,-0.5703488236244777,-0.94548981920324,1.1696142694423266,-0.15460033803158788,-0.05666163225540175,0.3038350183575793,-0.5810834340533749,-1.0062107942074583,-0.13826422208657105,0.00925015382977459,0.920603072043169,0.47433285767545297,0.3396814689926719,-0.24003988245176597,-0.13621180909544034,-0.10179825433636008,-0.6157674986551482,-0.054994215660274834,0.15855386253886078,0.07474873595686536,0.1368362546030886,0.03791506913057147,0.41804143994831827,-0.3139016976478885,0.5396569471181968,-0.006472892958739281,0.05426328044986348,-0.19973215168217945,-0.12625772864741153,0.02388259111584285,-0.023876048651264865,0.023462287976137596,-0.0320400066727191,-0.0847996688254714,-0.00019350805691064555,0.0766816733798822,0.03780822106354431,-0.00194907739840145,-2.0593532743004808e-15,4.7001129643909284e-15,-5.442013015040788e-15,-1.78319842405404e-15,-5.265913523815164e-15,18.6666666666667
6.757446889516178,-0.8765113028723462,-2.4160018183861314,1.457702148170011,-0.4634122728189272,-0.4461763748040365,2.619950593827149,1.391077983089231,-1.293486718140159,0.701455373511072,0.31340966128596004,0.9351608428682423,0.041839293870497306,1.1083719801827683,-0.8170987481524306,1.4332278937154306,-1.603491754190175,1.3454307440800555,0.48851444030024954,1.2761287500313663,0.4022903430626497,0.9333003003513959,0.032578151855703265,-0.6627267799201857,0.06293611548251088,0.7926457159282942,-0.4004127200993196,0.1520281380658795,-0.11043956057301604,0.6032470170190647,-0.5668987095811865,0.628721408208876,0.03925404835083154,0.008069854956043737,0.11270725642181265,0.028352461578354707,0.23770199564288935,0.052852976599199075,-0.013120170933796305,0.06890528164359415,0.09686119895436553,-0.05343331318692617,-0.07536943302776897,-0.0546929672634128,-0.02554527233482467,1.8094840760580937e-14,1.957401172007228e-14,3.276573307762714e-14,-3.507040693423322e-14,1.913503480400039e-15,24.3333333333333
2.672363984959948,-0.8431074875375628,-1.1511618311994634,-4.5269907451049285,1.0644415376002163,1.8523351471097198,2.446459503719301,0.44188603549767963,1.0964502594403822,-0.09236156024009443,0.43002979036288963,-0.5961842134564759,1.1488371437550278,-0.41021935848159563,1.4816839128806152,0.7896282198228772,-0.5266033624909705,0.901338687112293,0.15402892076778515,-0.025280883620662095,-0.9278872076485009,0.6424822451220407,0.6637930284735726,-0.1332541065775026,-0.6078004115099689,-0.1798355212130324,-0.6002594881319862,-0.33058294147940137,0.17380793023334506,-0.15582121209016722,-0.4553814680497297,-0.11320836044503449,0.0751294368803012,-0.4280019152922465,0.5632096806755644,0.34214179378616727,0.1631086100394993,0.0908638256338241,0.03423337697377038,-0.004807989278101386,0.11936511269809517,-0.04628349125814403,-0.1888757771402882,-0.08214429848814936,-0.06589267183649769,3.784040905268733e-15,3.235511827427802e-14,2.889169231951854e-14,-3.9466388983296017e-14,-4.69172520487396e-15,13.3333333333333
3.8132515837658643,-2.8963694044934347,-1.1355063358530046,-0.9317353076527173,0.6367971920875363,0.42685557963267934,0.8254424127225108,-0.2277789411117931,-0.8486965150037429,-0.6662794456866296,0.4276451687041253,0.30535930074938,-0.6726114858060107,-0.12185554011076245,0.2681823586706095,0.012985645804625003,-1.023091322097805,-0.30582895029924867,-1.0607020575409785,0.8593310956914719,0.3392525364800344,-0.3281321603366966,-0.2471209408617423,0.5815313357861089,0.011904233129149022,0.09222549113119036,-0.19263227663751142,-0.18311988172911442,0.019380955868118464,-0.18036597808752877,0.22323710388877777,0.3496614679147114,-0.0013131333948661278,0.006484897251261654,0.2140728581043142,-0.27347018186468985,0.13872572851798443,-0.12724808081558134,-0.21678851701294863,0.011780948309785209,-0.059107767700446734,0.043577286660172264,-0.08997277152364143,0.03189423852227662,0.04307722138827525,7.740783410562767e-15,-1.4988637393885867e-14,1.5463249853229737e-14,8.509005438556912e-15,1.4906366416024344e-14,20.0
3.251653304350619,-0.37965021258318316,-1.4001116511233962,0.23634064930590656,-1.7570157693812865,-1.016989951387571,-0.6402973135607936,0.761967788323033,-0.29082112790062153,-0.3020981719557408,-1.1282227013431385,-0.4128933230296584,0.289264962533011,-0.6136838022665686,-0.9178995283807478,-0.9323867295271853,-0.4463111055452429,-0.8670432822035476,0.09355611093268192,-1.1475618391420668,0.54178258755283,-1.0262948681740818,-0.29855970296968537,0.08178877371997452,-0.08029392397457097,0.4023408259400127,-0.017649842368837054,0.2839572592342134,-0.15562350934413688,-0.09630499204142914,0.16440514384744953,0.16043449523553444,-0.05441091405347276,-0.2530681046046882,-0.1345426289453097,0.08754004544533901,-0.1750447818819702,0.08318457404129034,0.1535687015035912,-0.014618519056264516,-0.19395278083508563,-0.05005279560765153,-0.023681932749920247,-0.004694464133750291,-0.02016921088028848,8.342314050637617e-16,1.3027895780855805e-14,-7.266188382991028e-15,-8.623582418790466e-15,4.987179276060043e-15,21.6666666666667
2.173641730135975,-1.070522934100056,-0.5121982002657132,-2.182912110308122,-1.2030655204890304,0.15880631675204512,0.9490195732289065,-0.37815540476548387,-0.5044421262858974,0.010140120319962767,0.498655879597482,-0.2911070808512456,-0.8182083475269004,0.12230271547809554,-0.29000059104157155,-0.4754404512707624,0.35389359670294485,0.21820379835964085,0.014506101517172448,-0.1897554098099098,-0.07469097665163499,-0.16788915172927493,-0.4542812829848111,0.2718558424638417,0.7186555759224056,-0.22342565848220092,-0.5364181549554516,-0.3106533279336281,-0.22039489795695416,-0.22785754727905186,-0.026022584101034654,0.06540871531600552,-0.005020433153196654,-0.05927113177941585,-0.09595242137103936,0.007207671908562275,0.04028958816864205,0.10134296847676615,0.20372945803781725,-0.05144436901615819,-0.11905716465119627,-0.06834789815585961,0.02406771149588352,0.014590747495275858,0.003875863842435544,-9.721402472100784e-16,3.3916585914485305e-14,5.146052349437054e-15,-8.889323480465504e-15,6.183589810088651e-15,18.0
-1.372166190811186,3.445201258768803,-3.9472796846730227,-2.9509882844614546,-2.1059955087668496,-0.5657507827614902,-1.1627104148959175,-0.61713585472563,0.9665525890552329,0.0027675602084667006,-0.01743136418973458,-0.9685400630775864,-0.0015884504155365355,-0.9850775813327156,-1.9509948047251664,0.5187725481347053,0.6255398710314048,0.020726637567130654,1.0854677429554012,-0.4104036489871387,0.38623721351509693,0.5791285155170457,0.7525139567486858,0.5709426776880165,-0.05111365416891143,0.9674333589392574,-0.1401914689642536,0.2731328083099912,-0.15147899135165427,0.31284249977168554,-0.108815851180626,-0.27355037945971483,-0.0059719275355088796,-0.061997921237225945,-0.06857897003603665,-0.07968010880155056,0.06708563170053729,0.0008720209126414541,0.15875843380075286,-0.02468043454199317,0.09830611565397207,0.16282792976799548,0.057286689997858575,0.057778410554167596,0.02766474905383321,-2.005699114195241e-14,-3.469435997636656e-14,-2.709071358765883e-14,3.492611930743857e-14,-2.968353053128253e-14,15.0111111111111
2.265725161676563,-3.3382607488169196,0.016380381246338987,0.85478333297483,1.7597648166288256,0.5692114019082489,-1.1291300451502402,-0.9212345884427077,0.10103175294580928,-0.05104809099773575,0.5464634822015537,-0.41160502274148375,-0.17997382258492833,-0.5076587994568907,-0.5803952803462626,-0.24474279030990778,0.5529724578491387,0.4515803767578377,-0.1698161604152784,0.7203290570626779,-0.5699749196092384,0.732732336240869,-0.327789640405324,0.5391108065051887,0.25655648085117927,0.012055174225209568,0.2628813535831097,-0.23324469325276156,-0.08057394830569665,0.15741901989550813,0.07110434145071123,-0.1625808269076721,-0.07412820784886658,0.11977841829498918,-0.11589722527549692,-0.06551984394459907,-0.13421991059570576,0.02068873038635698,-0.013432396239144192,-0.0077039986485321075,0.03630756377351103,-0.02504801862170285,-0.009434388479978888,-0.012842154279893145,0.003632426487565304,4.742974834222976e-15,-1.6427332049040396e-15,1.2382983390996781e-15,-1.6657535464472844e-16,5.465443767245851e-15,20.6666666666667
2.70038820641355,-3.500464657153705,0.7060702694098309,-0.3803231307641796,1.215826209579722,-0.25466824112083375,-0.1920644097133509,-1.0390178234025722,-1.2250256496687408,1.401123697738876,-0.4959029639612775,0.2772818138956799,-0.18970367424203718,0.08083090269030509,-0.593642408888453,-0.4049360112790436,0.19363702732192617,0.4769308735425467,0.6138926942945875,-0.14407935383921575,0.13558279848153262,0.6803458785790228,-0.29859302790689024,-0.6578178289637624,-0.6320314093046874,-0.27840815803233043,0.008055681060059577,-0.0009821725695704038,0.008921996912465542,-0.23799780095940753,0.011985851656496769,-0.5635064013368757,-0.1304743726530346,0.1388249259477579,0.027828101735930432,-0.09785131942828344,-0.04302809069919694,-0.08948846980709758,-0.01710170707703313,0.006138825346884589,0.07217762292595033,-0.010655658848971622,-0.0041902177434513434,0.0642158978728206,0.01103977148225765,-4.444039135011564e-15,-3.7776400667383876e-14,-1.6330147142295813e-14,2.0169690661065722e-14,-1.1551628062399544e-14,22.3333333333333
2.0704571161622503,-2.6454923360733122,-0.437132642234956,-1.9159187470353418,1.2695910973637168,-0.008968664132822395,-0.7066088489478181,-1.5339524028116238,-0.0292278374294488,0.045809665879041915,-0.20766394144242517,1.334580417515016,-0.5496565079438971,0.4632783423223988,0.21544085480712483,-1.0356137330929087,0.13207392489963019,0.16127196454260828,0.994866755715251,0.7586025781206174,-0.8046246316612673,-1.1098666023134667,-0.23635059456280433,0.13721340016024255,-0.6438813357066794,-0.20409930109096835,-0.0033855318223491,0.22491288757632144,-0.2679648628481446,0.13312743182606826,0.03334843136767319,0.09149666094688053,-0.01958937127186795,-0.2510643685277203,-0.014579023566002644,-0.1399289732916305,-0.2948924916648529,-0.15223152582805655,0.10170058817593455,-0.07772977044029972,-0.04702731037501249,0.024314525983404212,0.0050276888774853324,-0.0800913573894117,-0.030894388954625474,-4.6659674957597204e-15,1.7180512677733426e-15,-7.592805856258356e-15,-7.712650573688588e-15,-9.507539841470023e-15,15.0333333333333
7.331888225733875,-0.8177691988760172,-0.9406402740038973,2.8807425958201094,-1.1024335744501066,-0.6066175924398332,0.48125099053729126,2.400966247408206,-0.8250873149227618,1.2397674027461738,-0.8418014000289228,0.4607658464433997,0.7686186337586352,1.3023520790472067,0.1440639074164831,-0.1250211854029042,0.6576165337351687,0.2691129715410122,0.30062984762304185,0.8891483881557873,-0.004703309248687752,1.22350045645109,0.2955057117913329,-0.37804155344831875,-0.0519651772569578,0.8923610679080856,-0.14985771270441492,-0.2596125255353437,0.06595881115808533,0.44249303959561587,-0.006616590545596642,0.8010280746060252,-0.1749430865350544,-0.16969807043384794,-0.08061506680928054,-0.04545710966406113,-0.13378125220174067,0.1050510185351598,0.11848762787364549,0.039316959069267424,-0.08546342384712664,-0.02807821968969697,-0.04149346563680773,-0.034284537770427885,-0.010502256953043784,6.561942397916876e-15,2.9730523187700185e-14,1.5493130401353698e-14,-1.8742393478153837e-14,7.149139296095763e-15,26.0
-1.113507576958132,3.8538441646358166,-3.9267931712107593,-2.001789690492494,-1.4068159977419936,0.14642861467770327,-1.212263940665168,-1.5609127099102067,0.4025402799741974,0.6171229399489524,-1.2057324141420638,-1.0741688655277069,0.2550874280641646,-0.46748530511871034,-2.3010725522702784,-0.5871806770103445,-0.2605368826317435,-0.838137810640539,-0.16510992038441505,1.3264126281379873,1.523011341430853,0.3586940827513131,0.6034447538994934,0.08802029214267018,0.08019926836133535,0.6205215954271192,0.730094755964235,-0.16140610692906834,0.16005764101524148,0.16289100184532715,-0.11510197180455466,-0.12657698053583602,0.2539854751622586,-0.059988253745970214,-0.05989316136024041,0.018199534311335922,-0.15892983614936995,-0.00912039928130199,-0.07227019488590615,-0.09465435549694069,0.10555945542076868,0.0032228188068953658,0.02574538128394559,-0.0037625654196799738,-0.002900166478053696,-1.531162213510081e-15,2.235508001598383e-15,-1.4214369839837375e-15,-7.030790982915039e-16,-9.345794596636445e-16,7.80555555555556
1.7155072062029642,-3.0443010358354465,1.4676315911252285,-1.3089009841969177,-1.1551790236471045,1.0875386572448453,-1.1841611465381425,-1.3573507603995432,0.02102244900238752,0.0827185269416715,0.34620793190821186,-0.4046628453002418,-0.7630265243794458,0.2932123305254894,-0.4377050952546486,-1.1536615253291398,1.776217182026136,-0.07126613755227172,0.47528923588626976,0.16384472193036548,-0.872559885547797,0.15008761350935035,-0.6980764597784428,-0.6263473477483466,-0.012660471661563427,-0.2753181619240596,0.002627659751593668,-0.4028506931218253,-0.43790431859585305,0.012196140133210373,-0.24210845167420372,-0.19015878251808985,-0.08135874411682607,0.440148475019551,-0.005059726395601414,-0.131517685715499,0.10714031055404817,0.02217436864531391,0.23056575654140662,-0.09596817709363765,-0.04194336742169055,0.11832808108460477,-0.06450256736812099,0.060626516646896,-0.020594720666167042,-2.1716886299926008e-14,-8.725368509229632e-15,-1.3780520535242612e-14,1.1161627110261053e-14,-3.0374963846819056e-14,18.9611111111111
3.8898095278509386,1.2030878449493227,-1.5821643395314164,-0.4476972271514364,-1.3427360522326675,-0.6851115457808652,1.7451568132656843,1.48692301319747,-1.0578816983891117,0.688711546169105,0.24391076799473743,0.15803800929240475,-0.8269099610444928,0.6163896939258978,-0.990694655302096,0.8946568310552937,-0.3879175975340149,0.0710692517729599,0.1460027738097327,-0.3137845556496502,0.43751332793404624,-0.06781833899236975,0.08921834478765807,-0.20677688262320076,-0.10501751512349203,-0.3788253197045082,-0.06719281607666613,0.1540813218224978,0.017340889494962052,0.12289634882365681,-0.26911164324702097,-0.27451668632241144,-0.32896209436817725,0.17633420482767814,-0.008201372215649138,-0.005641884964140764,0.062081193683152056,-0.05425993140763257,0.16064640004781724,0.06558033288309835,0.15611798550405262,-0.05111773885007796,0.053298282312683604,-0.00022257779046924812,-0.004514859104062414,4.001011099235365e-15,-1.0112005188815454e-15,-1.0931392421225009e-15,3.9754343460902527e-16,-6.0762018184583765e-15,21.8777777777778
1.5795377076188106,-4.053610601382415,0.8776746106292589,-0.5104620973906344,3.3209731815242822,1.4156800641306784,-1.2854011549702915,-0.014327999908930565,-0.4139755612443152,-1.708808666466676,1.3509944442629296,-2.2358435171679956,1.742813352998013,1.1926293236905374,-1.3690642613857713,1.1704520712885214,-0.6314777241525191,-1.7081710425526386,-1.745707607169288,-0.7460693794325087,-0.7559066448204358,-0.7298232902741084,0.12046849605119016,0.00909031275724165,0.114566082681154,-0.10008185658638626,0.18554845862429947,-0.3352221765434719,-0.06456465409515531,0.3864064349330588,-0.15992595174923666,-0.03830843353640446,-0.049744961824758675,-0.32019204756494357,-0.019159999152337837,0.07064717981858132,-0.37736919337134445,-0.11180955548510542,-0.2542527100198537,-0.19945497697723807,-0.1119334873599351,0.009471976241265069,0.0568812448807775,-0.015796989520259926,0.014216139530648314,3.236974788117866e-15,3.043026757216116e-14,2.072890418813419e-15,6.328593567239778e-16,1.4043746992943721e-14,22.9833333333333
3.6653081201525444,-0.8457580483707925,-1.3039859140720904,-0.6884780884805463,-0.8774024156741888,0.323753184610131,2.1080975854542845,0.8676422727885365,0.23878242264383143,1.1561750120932555,0.1567769560533769,0.022516618765606625,-0.46857605900483545,0.5474493437323252,-0.5657262979323068,-0.02387364654805543,0.3535236050558212,-0.4358098641672732,-0.025364932990190533,-0.19717843637371482,0.17250105360426263,-0.18798380536796744,-0.26199544455231644,-0.31317875606454254,-0.019368300155836644,-0.2043798253214472,-0.44556784177105324,-0.03890541793986615,0.03335506294708133,-0.3325466942910196,0.17426182959415445,-0.29318036717810697,0.11821876581541008,-0.0604706056433133,-0.04262094917908161,-0.09637816361663591,0.022855562362513213,0.1146276532123263,-0.057338759917665454,-0.016604866490961274,0.025906174175695833,-0.1084731769573164,-0.014331632489948478,0.06943780336049166,-0.03900355990085746,-1.3309296003896856e-14,3.802811833504323e-14,2.168583605978632e-15,-2.147503237290276e-14,-1.3382732617628691e-14,19.3333333333333
2.995564187870823,-3.725283668228313,0.511353627874636,1.160155943203667,-0.30155018407310047,0.8819575324129264,-0.3642632130864546,-1.2484553750817529,-0.304260392379185,-0.01087472572958922,0.6319583031986701,0.05874039945028822,-0.7933145562153976,-0.03855832744207016,-0.16088702399997237,0.21362187278930483,-0.2726916383811739,0.5289887120323319,0.9677304017833832,0.11177967454830937,-0.09714509932860454,-0.011986985077504406,-0.735572774045459,-0.42458363990049713,0.31709940453831004,-0.23553612399245694,0.09517488144116436,-0.28412852016882695,0.06604681223924187,-0.2173261634831362,0.25881607914768817,0.22958239154899732,0.11440462088025616,0.1106218367464563,0.03811844286180045,-0.05056400953209951,0.14012700135990688,-0.19996968317047248,-0.08829466763874635,0.0014227070654087525,-0.12216178742978236,-0.0816071747019492,-0.024967957041401676,0.08896187367253532,0.0013236216003091946,-1.5458659602310392e-16,3.822761078247427e-14,1.4250186852948013e-14,-1.4043944461014965e-14,1.4628219444842276e-14,30.5666666666667
1.6325595484833737,-3.3708107416586484,0.42578866217154043,-0.08838321773654706,1.0841869099366008,1.4902571897439012,-0.5586578484927033,-0.5098391290256217,-0.2460189000861329,0.0275194457729464,0.588466071491318,-1.0672353440632256,0.03614925802992938,0.26382632578242476,-0.8556135365531186,-0.14072182372073347,0.2972428900057803,-0.6239775289060199,-0.4540518394096884,-0.6353212495183623,-0.11074780302948126,0.43766458692511373,0.17758718789627967,-0.16689325367763214,-0.49572496893147366,0.04330479783204391,0.22455861801552862,-0.003999841655771224,-0.21401891956722618,0.3534800334561213,-0.14999105651446284,-0.1568088176255113,0.07483958406616191,0.2500231528307148,-0.0430622735027618,0.1492475821536396,-0.022761192547737615,0.03578088550030909,-0.07027156312562256,-0.04118376261463166,0.07692051652924047,-0.05674035844525311,-0.015263827882063458,0.012147973564569986,0.008321761959899735,1.1949211992544053e-14,4.289743275546417e-15,1.4234368192195325e-14,-8.015027853187023e-15,1.1424024419376036e-14,20.3333333333333
3.4799137343828566,-1.550109502415938,-0.7520827378362915,1.314798718820479,-0.457074326405875,0.11014461008900123,0.2595261327256672,0.8275483848306444,-0.857468830808403,0.4043691861015785,0.7151442680644015,-0.48323224308549656,-0.1955725037866788,0.7447989429742252,-1.0231563175268756,0.17113511119094402,-0.03854559891551796,-0.32835590455328456,1.1772894887510803,-0.8008304972798831,0.6706135958633297,-0.2674510606370465,0.6060683032930936,-0.20222414137032224,0.17208901125037343,0.0828424846485005,-0.4698115372320956,-0.11328916327384685,0.17905713980050325,-0.39635499652295597,0.19622345182524364,-0.0021055059817666967,0.24892560824196044,-0.07719525147329252,0.05526927241720873,-0.21736923333800537,-0.117092946125649,-0.001410228147118084,0.21571967481099732,-0.06610409279202147,-0.08775061637166681,0.030928455414448084,-0.1445979389774182,-0.08784997296947354,-0.021077810225815966,2.1887562808140737e-15,-8.39696645358214e-15,4.796775419079969e-15,-1.1947869310466106e-14,-5.340175969863848e-15,16.6666666666667
5.41678609666644,-0.10303902431623488,-2.1221488249717004,0.134104874501514,-0.1013837493365597,-0.5615042541209739,1.311058182802998,1.3726052742091308,-1.1749451545264376,-0.1202407279776387,0.5528834051099095,0.23710384857033584,-0.6092081334211976,0.7594369345512088,-1.0448525341722181,1.5693880505272362,-0.8993231253617731,-0.4529589066092447,-1.1925066944656932,1.0683658251962345,0.44660365294346765,0.17876074954535423,-0.19329634771565468,-0.3594258210472076,-0.16465905771519415,0.2858471696775502,-0.27055048764562706,-0.09778346006745302,-0.23248114714871557,0.21191228154381783,-0.49711004387170865,0.1844624518012848,0.057084953201259156,0.15249446215829782,0.13492171040068446,0.1742509213373186,0.09197542185503944,-0.013023108670627899,-0.03688552273531669,0.004342868691911051,0.05976101562570223,0.03864924964827918,-0.032295537062525026,-0.012072163298909245,-0.012796493555742553,7.118216447219882e-15,-1.7344345424494565e-14,4.7709398989865845e-15,-2.127506643972902e-15,-3.0899864451063568e-15,23.0
3.823138241563413,0.9886910100433018,-0.6565472247894923,-3.2434620098315,-1.940084888108355,0.16726520067241182,-0.22698830658066557,-0.11804167894494394,-0.37016826324288804,-0.4661404017649035,0.18490053500971831,0.1390868312535772,-0.30160180747898657,0.3524017400841654,0.5304749376512677,0.6391264804658057,-0.2157035567344633,0.7902251898974602,-1.144788905890042,0.19288151049439037,0.4301939265362587,-0.285274961095949,0.19593938709872896,-0.2642416294574384,0.3119613986568667,-0.6083816613134451,0.46273433984277007,0.057892592366717566,0.6104674121397159,0.08652294939825987,-0.538201433072455,-0.193213369674004,-0.383785810030435,-0.12695265390051724,-0.08798352812045795,-0.5926572736040618,0.18008989345530274,-0.09289442894769957,-0.10351131966969421,0.026180878514209516,-0.1495268352429328,0.05957463221748014,-0.026215544335401287,0.002167114808562387,-0.0034531386558411064,-1.3148499595703434e-14,-1.9037934080210587e-15,-9.864077949157648e-15,5.713965892799686e-15,-1.6224754140846355e-14,11.6666666666667
1.999801696267775,-2.432775197979276,-0.7151557730223326,-2.0450531210258496,0.28271084753794423,-0.49659989602197113,-0.43630257572536074,-1.4196538712674385,-1.3385489431241937,-0.4941381154494641,0.09220636940021193,1.1905253338553181,-0.7408719921854553,0.08326040483488185,0.996470484924793,-0.4030347745923298,-1.06715863300965,-0.32923766940188787,0.8335806296353114,0.7651199651396371,-0.17072679651849876,-0.44781787812870766,-0.1863189042121473,0.544813141268316,-0.5563517111085292,-0.24068071652105247,-0.32095965764238515,0.19198348796464512,-0.21169333901348092,0.04715256134786477,0.17788987234142856,0.011956987485840991,-0.051953803466598864,-0.19909102802374679,0.053517652925521894,0.04092622868815853,-0.21013180963041692,0.0074237963014928115,0.0910182258748815,0.04964156923707784,-0.11123016420427408,0.03516232039114277,-0.11934558937854742,0.003691896182037335,0.04877094823353812,9.428253839066029e-15,-1.5888682140326645e-14,5.166363016857205e-15,1.526356869235794e-14,1.8078208682572612e-14,26.0055555555556
1.4748675229228099,-2.6158193378172756,-0.6181724772719308,-1.2667298167692078,-0.33361156270890086,0.5443394748591942,-0.44664649249602845,-0.8864728419012536,-0.7351035884919823,0.42762405022401634,-0.1796361955080674,-0.173103515019428,-0.07071884219491953,0.02189977753152719,0.5385998980876524,-1.6186221401354761,-0.275752194603175,0.7592762854303193,-0.2702661593680282,0.05160644280645583,-0.4686217321523758,-0.44407553803516037,-0.45018427825106055,0.2613610374182558,0.4775486885096857,0.22232094142874545,0.09568458130444522,0.6711981199084092,0.08717426101651604,0.13169302218960494,0.32271493585083877,-0.13941508385057386,0.0684531453144599,-0.01818733332660212,-0.12254684569862459,0.2310374711122469,0.08058946414209905,-0.020220387520409146,-0.03887732936194039,0.04770541759876252,0.04449308498457575,-0.04300002525538181,0.18909832106886448,0.023394814564069027,0.01785460815588147,-6.92485732149937e-16,4.856337543443406e-15,-1.0311431647750125e-14,9.091112346688345e-15,4.487416688816844e-15,17.6666666666667
1.7503991024637893,-0.2555287394764369,-1.1062152815961097,-2.1633538270949693,-0.8939561462316055,-1.0617859551002553,0.5784663501640452,0.29527284904988904,-0.7968010098953732,-0.04581879913192532,1.0810473443352249,-0.14041169523436792,-0.8556577613934415,-0.19696267413932275,-0.0850688441324835,-0.759676934329833,0.09249574036996298,0.19320048516619145,0.5217198808838881,-0.28120636837564433,0.38329814152958874,-0.14287723396814236,-0.2871959361539437,0.6283444833072542,0.5752822057675139,-0.09285964258674884,-0.38083205037592593,0.009393305678851153,0.010653190794655489,-0.08666234336645087,0.3446548750101672,0.10213600866861398,0.13288808941006294,0.03947272673416921,-0.15621126005125638,-0.036659910362630194,-0.05886567204292913,0.08096317430122874,-0.03664006344322784,-0.009900467948339053,-0.002023562533573316,0.00647319717869222,0.04705453994026328,0.07361448828669305,0.05133115972312154,4.043572342591388e-15,-2.379832337976242e-14,-1.0021322823516803e-14,2.3788406299243926e-14,7.946810278845177e-15,21.9888888888889
1.3602498469776108,-2.1391749848904418,1.1850037294837041,-0.9797531607435207,-1.4408140591638798,-0.270028077682084,-1.3155570383030646,-0.6760504815890371,-1.1221168226844345,-0.37881967219632967,0.32615524596272927,0.07913601331420238,-0.6765878136634593,0.13303415209760894,0.4691618048455137,-1.5209168076916906,0.5458808034412428,0.0246280614031751,-0.14984765257233926,-0.1489971379427307,0.056863676246712624,1.0705116262120042,-0.7244542976971695,-0.0795498177424077,-0.009661390975773593,0.2126879419367067,-0.28574924781555605,-0.1808731593739544,-0.031873183523940106,0.2230272477623317,0.2598797930203846,0.15077972263614847,0.06790444143137662,0.25270190510318047,0.029918846264770208,0.21817077296428722,-0.14951232564769748,-0.09011141698887604,-0.0052692538721301925,-0.07294628441778962,0.10960627328139307,0.025848416321010835,-0.06340956585659578,0.010563718288175651,0.019663613041531913,8.822056170899659e-15,1.2369927087788465e-14,1.7921913705698028e-14,1.929163394155578e-15,9.43880445889098e-15,22.0
3.2736211216499207,-1.734614311428689,-0.18326976434312298,-2.521076437523696,0.49696220745495867,0.9797719539076011,2.3314141240141244,0.6080995149881193,-0.18190019946139616,-0.5179827851295552,1.4890079905138036,-0.5688390989241574,-0.7017495238460459,-0.42936566581931446,-0.5799907290814604,0.23823169053241117,-0.03248380024305173,0.5428784914097999,0.37708646487594044,-0.4748517075051534,1.029576275837725,0.543431397998806,0.06256390169882416,0.2553638303515159,0.05445938180630672,-0.8857734188272202,-0.09553038881516329,-0.6427383684741983,-0.06518661538564209,-0.12893889226154862,-0.09067527619106545,0.18457630350053755,-0.03972678535535777,-0.12912998227529823,-0.1470454136380131,-0.17084659161927965,-0.04116779966575084,0.21021251089365983,-0.0694535796375854,-0.100327972412088,0.013311481994878405,-0.0995019022644665,0.1693828481696971,0.0697725686643479,0.012245260806147509,1.4919515404617913e-15,-2.539208250087367e-14,-2.338493924998873e-14,1.2604032991669884e-14,-7.755795813258779e-16,25.0
2.047865367921925,-2.292579352699164,-0.5640676434615038,-3.0176338231161295,-0.4937671471097694,2.177215797610323,1.843415606217675,-0.71814230862694,-0.28512612833721085,0.060330478923737704,-0.9604182170401039,0.8024549697629735,-0.7704976830611175,0.13112564565435106,1.1288158100569052,-1.1260070835675526,-0.07666603355855171,-0.22298871776901902,-0.11331459787289347,0.09581318812035292,-1.0694252973513714,-0.13802665207397355,-0.1422774588922386,0.2935932415924928,-0.5930801067224487,0.08486069139722283,-0.7409228952543654,-0.18648745737290345,-0.547688153133141,-0.2025859043047477,0.26391045483828796,0.28324825324410113,0.5592568310589722,-0.41551017958409076,0.3068564904125123,0.4299146243550292,-0.25531628115633803,0.025848210171894297,0.013761339130305765,-0.11772998385438753,0.09560187295921296,-0.14650357305919218,0.20662893684726671,0.11676108038851535,-0.030795122805447356,-1.22543233692687e-14,2.0350866878673576e-14,-1.2138798022278896e-14,-1.1680671654929287e-14,-2.548620507303387e-15,25.0
6.417571262336421,-1.2658840970006415,-1.4114696109184544,1.5820066631939065,-0.6588522206262221,0.07113952660555434,0.9875468448952262,2.0617608351198786,-0.6173097598038108,1.574369547131697,-0.9618490094681627,0.09610316011035518,0.6187472502661837,1.3558956254928498,-0.13044795547523183,-0.39265572775206237,0.7212047708540829,-0.32832309179127067,-0.23374188321226533,0.4996043524243732,-0.07295507792557054,0.1733103626510727,0.16860407659813817,-0.3140430134671116,-0.38236293874513627,0.4339250372603386,-0.015230714262973094,0.01406437449052262,0.08403951759934969,-0.21403483522686564,0.12526282694673344,0.1031698965193134,0.11064945121461517,-0.07968209340791699,-0.013769504196122714,-0.060357166993872904,-0.04890407714279848,0.09932530161259406,-0.10260671589513276,0.05440540063787541,-0.04625598914596311,-0.07968840676368279,-0.038425092025812874,0.011704411749012258,-0.009429581329761766,2.8810454858773015e-15,6.021608159392667e-15,7.75327240213346e-15,-1.3483952420003239e-14,5.993906512478637e-15,20.6666666666667
1.5473652426132143,-3.028499241986221,-0.8900099287992478,1.527630763110665,2.7840984098574793,0.8861349282829535,-0.8567382316958638,-0.17555748250210654,-0.03333183671388081,0.4504133616801738,0.9277999953208089,-0.5987884040869347,-0.08278289767065752,-0.27377404281844,-1.6930948770246277,0.46964789221506215,-0.007388535460710139,-0.06684494921896303,0.07765936818221932,0.021520118775018006,0.03490822295348033,0.017928392530760007,-0.020589970129105815,-0.43648454385964575,-0.2865079477563428,-0.16118385239979643,0.10627560919342857,-0.05233192749410155,0.04536947592341725,0.21110358236050783,-0.01732520899847444,-0.1172888733780564,0.06537513270732384,0.1262182784975334,-0.014980192738558648,0.07820841992094309,0.052853472548157074,-0.1357417985599381,-0.05481651515278729,0.053568712214548064,0.04611727177752836,-0.12918668707601885,-0.03460353210885416,0.050443355034990305,0.019168951477667073,1.782183659303458e-14,7.815764821619884e-15,1.8552491592693182e-14,-1.0070622594776447e-14,2.2754563890721433e-14,23.3333333333333
1.357639011129369,-3.1260346015176323,0.4418259284384529,-0.37170292670917127,0.39543894143543784,0.9076034369000522,-0.07791821120195833,-1.332463936765092,-0.2777032191558548,-0.046753297059111396,0.6446345117095506,-0.5372861464751982,-0.614078384069792,-0.3527793793475281,-0.16143892430168696,-0.20568620040186206,0.2573817645011241,0.25633655040675235,0.07707398128135244,-0.3667008425534556,0.020112429864758658,0.5617360930427215,-0.5700642921196241,-0.09622931791643194,-0.14479746844886904,-0.06609433364300174,-0.09620718659628584,0.04235742541519149,0.0449701743658373,0.23407081697462434,-0.09428126664896853,-0.16983123329428287,-0.06777772059859055,0.07309155716124974,-0.10306740044173406,0.025353754862357056,0.00978088608140678,0.03403492624438928,0.02557608904759813,-0.06287312025593758,0.09840340156141839,0.02146162734078697,-0.04377722490580173,0.008010672422775237,-0.012350564147099221,-3.0112095838050366e-15,-2.904865942067494e-16,-6.364549361723122e-16,6.232466166101622e-16,-1.176552503468884e-14,18.0
5.846407101557951,-0.27586925323925127,-0.8288339118849597,0.3029941519987123,-1.404461607342302,0.08723468717449442,0.892105383725109,1.4999526547074078,-0.23635192535043142,0.7074502937543784,-0.20037849535660432,-0.06610045919446984,-0.1842389994562972,0.4805764602480428,0.4012424388218602,0.04458279545900038,0.20327840364531322,0.18659340568061675,-0.15501257030049978,0.14376338266996103,0.36327210046967406,-0.2388161607592523,-0.0031783029649882677,0.05786853577516669,-0.2733493121722961,-0.2838362719766927,0.3231249592948698,-0.06003175698254468,-0.05771083078095847,-0.7579091028982938,-0.012044673082801827,-0.7254497267847978,-0.22373894847338613,-0.06447674611008972,-0.015971130889632038,-0.05521889243112075,-0.15416242834186214,0.04570725289345177,0.010119445152639009,0.016372448160613323,0.07823900110714613,-0.004688220722061993,0.00984072235527114,-0.02255545812469994,0.005640288089992501,-8.23454153538792e-15,-9.720318460936598e-15,-1.3939429486082907e-14,1.4687230202220106e-14,-7.716971734022646e-15,27.3333333333333
1.1729352471973589,-3.2638192848844714,0.5900938784756359,-1.0648275076356688,1.7259406233459857,0.7205253072774781,-1.3610291545332418,-0.9250386929277985,-0.44647498043354245,-0.6277567966397852,0.8691436755217372,-1.0771932883231639,0.8922086404487477,0.5628283551693456,-0.7212262081188594,0.029094436893012512,0.26764653760376206,-0.7185545181534119,-0.4887397792294586,-0.6272128414657065,-0.3075861985687396,0.0028507413303495,0.08629660934766976,-0.01474678740083984,0.1031535781346753,-0.09149095426521811,-0.021448590924784603,-0.0894112170203582,-0.060614294714699264,0.20167100432483784,-0.06095191281189188,-0.07470180060076673,-0.11285217591497178,-0.23611941855328675,-0.05877282983548451,0.10870502844950547,-0.26798001672373783,-0.08925427621682754,-0.09926919811337678,-0.12430313290746588,-0.08445549899592994,-0.06207777247586833,0.057024530406139744,-0.0416779804801142,0.03197340969415881,1.8233651616447274e-14,7.646391520274251e-16,4.5372179722421844e-15,4.8696989489683005e-15,2.400415025898956e-14,24.0
1.0403146652851005,4.125900428957059,-1.034362792440061,-2.9406312431023034,-0.119976955428487,-1.162943129166109,0.9916466343793345,-1.5269040143392842,-0.9314900099975278,1.2655904924507406,1.536054973268836,-1.9324247469256444,0.6246752061059562,1.2726455828090717,2.4201067753988745,-0.7132958772831307,-0.24283773978364362,-0.6428947632441657,0.15452484006850864,0.9429661792164763,-0.9390861388997436,0.18418077179424344,0.5598356516933022,-1.291528832157634,1.2651005116221503,0.036305614078621304,1.1045580216397157,-0.7532074527135452,-0.1732599596263961,-0.2579664069064155,0.19844905842824961,0.047493326376881494,-0.027839229699771446,0.2116782756434347,-0.06246923558299039,0.37490247691945,-0.18248631748367428,-0.22331239518513593,0.02411139249972379,0.03665770737534664,-0.02468450604776033,0.08960831283430236,-0.003413069419932596,-0.09898009058608599,-0.027273708696634306,-5.992839327055517e-15,5.367239426700519e-14,3.576621229860933e-15,-8.182262619986937e-15,8.941253130882774e-15,20.0
0.774155567107509,2.9475781746967815,-3.1239119949007574,-3.630089782803532,-1.4290617142253002,-2.263192162593041,0.9215370906243657,-1.5600450349040376,-0.31229348457939693,-0.5439320340029024,-0.4187768573137387,-1.9588480095697602,2.0509682873721924,-0.14361925537384265,0.40063455796644776,0.8753255912334401,-1.8451087507493884,-0.693412203468537,0.4363882827531172,0.4235864833252628,-0.21668168246759495,0.33033479355308293,-0.7139732521050133,-0.5112643331922674,0.0011531900622577323,0.4055427344024442,0.6536676785555988,-0.14879523830233735,0.11475583795944536,0.0013263486621853191,0.04857253011062055,-0.2611833533575689,-0.14746954793287143,-0.09006669573542841,-0.021986516141009486,0.1379818543961805,0.13572541987908604,0.07321021460032166,0.11805406626331451,0.004410723424664334,-0.1758507221870294,0.09765889312785532,-0.01606160193856176,-0.044964727094816415,-0.013504723316966673,-1.536867169471682e-14,1.814384156663917e-14,-1.0272486977604474e-14,4.2644488411640324e-15,-8.8365901299385e-15,12.8777777777778
3.724030288083117,-0.09361831467963937,-1.5311416474487547,-0.6047942518655232,-0.9052126116387872,0.01501432330495296,1.314636661748656,1.4658432743756706,1.5207765998008431,1.2152989728718597,1.1221179841064879,0.007821564451138723,-0.17077360901882596,0.40338776374482815,-0.5001073172810184,-0.19437381494609063,0.5373625248364486,-0.544071890090925,0.2850913545844712,-0.2869648627734262,0.029895839153159687,-0.8276958998674169,-0.20402200330776962,-0.7358435301604975,-0.37526770240992025,-0.3311167396370703,-0.0021111147129483933,0.1153847154116113,0.1569864725094679,-0.21533598243574878,-0.00021665398935181358,-0.4171016518660171,0.15407952194254057,0.13988613826118004,0.0001137602822992606,-0.014268201528882597,0.014130191272920783,0.15086072766721798,-0.09060561539656134,-0.042154600070171466,0.02697333212132544,-0.08533108326482032,0.03851318228880555,0.003806725239809854,-0.012380278615422489,4.990872749778449e-16,1.0964975935714622e-15,5.968874862116285e-16,-9.114525387697307e-15,-4.3063289569580215e-15,18.6666666666667
1.7520044492263027,3.0639854251043137,0.02855418879065794,-3.6308433962570272,-1.4599679911854133,-2.0640280564139903,0.10016273954419393,-0.48926136733448317,5.34755625630456,0.5180257386060377,2.775009352143289,3.4607550550079007,0.997908947483876,1.445734886637128,-1.7001600723368102,0.11329702259780997,-1.217747667746841,-0.11183939540863802,-1.3351662992878868,-0.5947556994697895,0.017710277833604116,-0.213030480674917,0.6854559875705764,-0.2741788334195266,0.7469196767201954,1.0815491002764972,-0.17870943985747023,-0.09992430383219199,0.12209379954778384,-0.03599124282838044,0.12327854057004219,0.01568498637787008,0.2922894792735655,0.16506045076872922,0.27067792203766866,0.05526340463793272,-0.0882444768167106,-0.45667833752840875,0.028402153519206396,-0.06618111685828436,0.12948748570766747,-0.1848961648613897,0.18371366530576863,0.05594299373526919,0.0821729191399974,3.3592437145647025e-14,-2.432413337748273e-14,1.9095287290139527e-14,9.134052286425074e-15,4.04072323571996e-14,12.3611111111111
1.641600836032057,-4.419106582004274,1.5412691414540096,-1.2297413481596597,-0.9770211471720197,1.266902029260762,-0.5210044199760974,-2.3546372875682584,-0.9641648708372014,0.49389646123119696,-0.26945909679025704,-0.01623812544495277,-0.3900415626937467,0.8020428376365701,-0.04803487532486821,-1.458445339384399,0.20026647161340966,0.025196467479307528,-0.18232207485772903,-0.533698900960107,0.4544176536393803,0.7681746489874303,-0.36235741480861383,0.1857396192272785,-0.4719616533350053,0.12957368455374316,0.15491399558008864,0.2771761322780004,0.07047175540941739,-0.13015329461022476,-0.11754815812613292,-0.3235699171691741,0.015683778542346163,0.16515189370241845,-0.10558737627113116,0.08894545977507555,-0.14375475654870368,-0.007567610454879542,0.05285262447070635,-0.030552819803656196,0.031193252407828758,-0.016778317609613687,-0.06001983283014649,0.0059753331314307805,0.0050647624625592275,2.3918982356683206e-15,-1.095657140984153e-15,4.723090704231121e-15,1.5016801872898492e-15,3.9036092346942175e-15,23.0
1.42369162098795,0.7276355328397469,-1.1980992338208134,-0.8371357952536401,-1.3243010160387787,-0.9205952555372345,0.3113652013243344,0.6258549144252025,0.9550553792705692,-0.17820648323060292,-0.1859419661181471,-1.065215587971231,0.10705899055176461,-1.1785079871009496,-1.4109545243094073,0.6242190164562169,0.08979195434454446,-1.3633654936097739,1.1520451321772043,-1.7016500070072949,0.8560936625844866,-0.11687425801181729,0.09353141630238263,0.23374183312006522,-0.1183161493982285,-0.19536113003225672,-0.14908592389097397,-0.04053273763027916,-0.012295386950167629,0.2929894443655948,0.2457503412269832,0.18428304824866773,-0.004094545743658353,-0.12519147376091933,-0.021227111694794645,-0.049681355720762724,-0.1793862254617854,0.008839660856576517,0.2779888503971171,-0.03306022228127251,-0.08160405422945037,-0.025170933549574753,-0.09209279822076748,-0.02852726486060227,-0.02788462663111811,1.4085102169982918e-15,2.8093478292839887e-14,6.78719034811264e-15,-1.9529302431841802e-14,1.8704142030162605e-15,18.0
2.243196779018695,-3.146578008031261,-1.057981395396427,1.7683907068421538,2.7841031313310896,-0.39827584727238474,-1.466315311794101,-1.316696104004575,1.8272956378930223,0.3774030843280375,0.6020307790650842,-0.9051468958269373,-1.1415800283628434,-1.8851973460295008,0.6258023270440475,0.5170279708352662,-0.16790327373303932,-0.18010611672041052,-0.050105066515531926,0.30379337297781744,0.10463250493320819,0.35714054615804663,0.020018254089440232,0.7171408718815037,0.2917665902754136,-0.06683054686862659,-0.001971229402323632,-0.17228467498277034,0.032649163188494,-0.00839877525945572,0.08751415974618165,-0.08268205590630345,0.014419609252437491,0.015506415332670671,-0.08900491648185695,0.014036176494250707,-0.06134414743503288,-0.007908988139114668,0.04984207432884395,-0.05294166478871537,-0.020223932123376694,0.010450083150580424,0.0873849949682982,-0.04710257388706468,0.0071524682891258426,4.047637996871118e-16,-5.87861293902766e-15,-7.391373012403266e-15,6.0928860418950035e-15,5.234701974283591e-15,19.0
4.107151300178493,-2.761732219427694,-2.5477412477548187,5.542273853175768,1.7482824366987226,0.034687627575347796,-1.2884398018170056,-0.23236182999083393,2.007860449360331,0.9477498610667503,0.2681406296123978,-1.0084592528966563,-0.4807078751192888,-1.9541983510495202,1.4710607726484264,1.1548527632457462,-0.36171458846628196,-0.687574382864448,-0.3277406967652973,0.1882485131186653,-0.27818782483303794,0.8356128183745856,0.3903715190773412,1.51357347533399,-0.029754060639932894,0.09627736763461482,0.5437203788423691,-0.3386479449507349,-0.14362387579482555,-0.13629945251796982,0.4373035337143154,-0.4139481953928046,-0.06266056826072078,-0.08414268466592044,0.0334292387523189,-0.13744493811062045,-0.10520592812894362,0.0033715652489796806,-0.11341471764676943,-0.046839855431612815,0.003495425319884243,0.007043110449051235,0.05501708201133386,0.03651213587972464,-0.002001818787971457,-1.2767140052639812e-14,-1.105364464274768e-14,-1.8583552666391315e-14,1.1229888317239783e-14,-1.87855808476919e-15,24.5
2.4125047723813338,-3.387263594538644,0.31556127834458836,0.24884900400574783,-0.2226987931919481,0.889166081456447,0.4505683448334828,-1.3669350079042095,0.5326843224786311,0.6697197537160091,0.40647965391086266,-0.628659460744788,-1.505694332150401,-1.464794719705301,0.9613528680817096,0.2238877142381325,-0.3815699319793461,-0.30072469845245314,0.18771113806944364,-0.4648950114151679,0.6326155983774041,0.4742741605919749,-0.4241926200724674,-0.4880932298504205,-0.20904590336012163,-0.07237809032101222,-0.2927240301141298,0.02274133812428642,-0.004743817302027415,0.4683669067844618,-0.23435004889438663,0.20304794981830798,0.06120459764497888,0.12341473152272374,-0.04061327083362936,0.09286665696713617,0.10636348197250603,-0.0034322239229766746,0.08797603752278389,-0.0061031509131540896,0.07463957452897114,-0.048375474577052144,0.006130111142289943,0.02554020710200691,0.002679452968633285,1.115922297713398e-14,-2.129947717434427e-14,3.472171002805266e-15,-1.820570353672165e-15,3.852323031976449e-15,18.6666666666667
5.456961034017386,-0.2621349544884884,-1.6186814835494026,-0.748280933622628,-0.547991626004725,0.0517814129222531,1.8210700509906723,0.9249887730731476,-0.4798558601549743,0.4449057519352227,0.0402240131654494,0.17532341946482458,-0.510671000655844,-0.052943428858364935,0.24444730118762623,0.5771354296270313,-0.5181573737959222,0.713069378311326,-0.6308604245224332,0.3242682251186162,0.4054594733133336,0.3537223313986375,0.04157916173083477,0.05984300605265386,-0.12344650530981521,0.051491425405259326,0.12057267182561389,-0.05256563597740135,-0.39565025182226454,0.1935197368962098,-0.5057661184232441,0.2730489355382843,-0.03268072338423972,0.08824245315829606,0.028689759731003513,0.01755513176167503,-0.004163206119944213,0.1029337567655711,0.015094651336518071,0.07954037103861751,0.07301697537953812,-0.023034751307344035,-0.0651186231789822,-0.051034315070618806,-0.007036933182807823,1.1805996143438877e-14,9.820982338075624e-15,1.774783914560626e-14,-1.74906244072229e-14,7.214651891945355e-15,20.6666666666667
1.6339126255229803,0.8237895757463017,-2.3788429729000122,-2.626413486503967,2.393346021595097,-1.4628226480737796,1.3075335085963995,1.1682752582086615,-1.418453208593416,2.0672325616926566,-0.9199544476140548,-0.1317097394801449,0.2687068454049111,-1.1160460337866585,-0.09048257141681493,-0.923192681404904,-1.0466762067013717,1.5173140163737175,-0.6770805542003939,-1.7351587613529749,-0.43618545748683896,-0.6073899818897107,0.10973381907760472,0.22952430728023462,-0.027365257786753285,-0.46963307082803984,-0.019802419283998476,0.29821477547170466,0.18441535084740102,-0.023526062824921375,-0.319862696511278,0.036776122969763014,-0.07505232382031143,-0.037234227786616274,-0.23015083062123273,-0.1494633261445386,-0.3269442412860449,0.1497504630447417,0.11117571299208177,0.08884670862979784,-0.018934565918002095,0.01898137298012937,-0.07442723819165259,0.022741629680278864,-0.03074927146230011,-1.0031457701361178e-14,3.6790966654383124e-15,-1.5894418086164865e-14,-4.363285644238929e-15,-1.598058023082427e-14,11.1166666666667
1.329101934765749,3.305607790353088,-2.6800575149054677,-3.377483340486475,-1.5404539985424472,-2.923245708823005,0.41790035352776284,0.9136940901360739,0.019159100460831517,-0.19941461730407475,1.7105000394289946,0.6799358000799621,-0.6423310251859407,-0.19495732732131715,0.368258028203641,0.5017679097047267,-0.6461387598403675,-0.07863213075902822,-0.6519738692023881,-0.12633616875008105,-0.197329453679398,0.6469084064633404,-0.8553485418740018,-0.1875431019737528,0.31478977605715763,-0.19503763301590196,-0.4836288431292569,0.15846480582912922,-0.3050235793530193,0.3438059325617247,-0.014543126329330087,-0.26216182604181115,0.2151935352520853,0.07826885940432439,0.02882368633422306,0.8878124775279115,-0.33722139612834245,0.07606338360543846,-0.09029778221674833,-0.11137204107309531,-0.0592438253318821,0.19309888506153158,0.008651974429672414,0.00036094420705990013,-0.06670766112212065,-2.0043876468198163e-14,1.7736150610818976e-14,-2.940872042083014e-14,9.55833280051197e-15,-2.4812782985002206e-14,27.65
2.9029517280519883,-3.2615167419826125,-1.4008301255976148,2.8223913544350947,2.928510623136267,-0.2679441094844613,-1.4905792386271133,0.1130755443747642,0.882035668912391,-0.3964800625689963,0.10088305058097226,-1.2558843424449544,-0.8552211891279791,0.5775243707016628,-0.6367107862441772,0.21881234289633095,-0.5814935672602335,0.3999699730361612,-0.002048722784410445,0.5844738568331898,-0.3432803344467696,0.14337877943401245,0.171206970048193,0.20633747022663632,0.04683670845909977,0.30278570027717083,0.03180617338361872,-0.02305303016858523,-0.04770601597368365,-0.10377023637341949,0.20349920677765662,-0.2802748084687836,0.07264239728816779,0.07552592854903278,-0.016525385264831334,0.02931989517265296,0.10501307179121924,-0.06167823280396773,-0.056502989068878615,-0.03824765241500102,-0.027686956308314414,-0.00409719979987635,0.05521301500200134,0.028016616584154334,0.0040906120756608235,-4.679199944263687e-15,-1.4450078964312676e-15,-5.906813920861357e-15,4.157466952824716e-15,-4.3563767712023698e-16,21.6666666666667
5.592478172364082,0.8315521144643029,-2.1190563276657155,1.1747440679165342,-2.0311595518845333,-1.693473488884826,0.43047764392774956,2.303615006417633,-0.892349492720364,1.1544567398688208,0.06726093969717074,0.490328752212685,-0.2984495479069101,1.087173609048919,-0.033511122605458625,-0.12832893687252206,0.4596534184152497,-0.3505924911256929,0.48399483660796966,0.4294590171321558,0.08850223680108486,0.40299814407072876,0.04347209205481514,-0.759853586831566,-0.5101130077990723,0.5194524526394669,-0.21138941821535182,0.2996290214689033,-0.1468647480220864,-0.03254960197349666,0.08797493110678269,-0.41648902589474607,-0.08799225378168508,-0.02604506776320783,-0.14698657356457265,0.13455345127403728,-0.033322405794443226,0.13990871809781982,-0.06885635744257688,0.04131751932585703,-0.06481989725062483,0.09134724286129893,-0.026398889282441575,0.029387338094184368,0.009053812908097364,-1.2783607600925385e-14,-1.2904528578964323e-14,-1.7010768892874152e-14,2.0338755915136368e-14,-1.618654210059911e-14,16.0
2.7740234555453687,-0.5961258930419251,-1.1161769881292285,-0.8008075149350888,0.4175097377869649,-0.20393375280229897,1.0752280941512875,0.9613257002244162,0.5386140867631265,-0.20424169591882152,1.3361329987847599,-0.06962154377311808,-0.08428376469889375,0.3647807903523587,-0.7585203294201455,-0.26327367384046185,-0.11313803550319457,0.13817981015724362,-0.17827294859930953,-0.4829462294130796,0.4187782977732881,-0.15626329530769312,-0.08999435367739894,0.3441162042796309,0.24938876681668148,-0.20868135055742085,-0.2118330059627163,-0.12931430296702318,0.2541225957149323,-0.1429878584346952,0.11454449035186198,0.09498499043551889,0.09463942953831751,-0.02810388569989408,-0.16563914811062797,-0.08078620839528397,-0.12191845605415677,0.13120553665658294,0.003337536144284906,-0.05932423321916509,-0.004677144043203299,-0.025755925548601566,0.032027951293005286,0.040023351607755026,-0.04089112972457493,-1.4883545371755458e-14,3.1907997341256205e-14,-9.286654439247372e-15,-1.273074190568425e-14,-1.5297757476713497e-14,23.0
3.8178262517774737,-0.1170731180202311,-1.4570844381965704,1.1969095100596243,-1.496255046873247,-1.3691181490903386,-0.21318531103163157,1.1182483957907274,-1.3173200108362453,1.0222240273363743,-0.1377383414429615,0.1529941619224659,-0.4254473672282201,1.0351230045600341,-0.5788325391936251,-0.4763856886171024,0.021090142550231117,-0.7456050152828686,0.5171631010824497,-0.6319801476288137,0.05286999876538156,-0.7854130843853986,0.12592760832255936,0.2523516564808378,0.2316720080942239,0.12575148070666728,0.046502777737618975,0.24711879129891118,-0.2312581721664951,0.13905616607970314,0.08086395499767578,0.5221173560233634,0.18432603921818635,0.22133980449200075,0.003356093066912571,0.3287063987642188,0.035369476172444965,-0.10709702622702373,0.13437374012603331,0.025982200747896957,-0.06584994896876849,-0.06282798282034718,0.0339773216791401,0.02922027637316757,-0.016841589055148355,1.5415596262161258e-14,-1.0989232062397542e-14,-1.0343832118013909e-16,-8.203799700478534e-15,1.7302721928116298e-14,26.0444444444444
2.725294114959664,-5.46641316499162,2.90343643050393,-2.795937334855048,2.8203660350999336,0.6557423129999826,-1.0291744543697612,-2.878142822567222,-0.13509240135730965,1.088980590517489,-0.7757663808232144,-0.49289990351343826,1.8533081799920121,0.3689881997774998,0.5681626642683266,0.20387721412226795,1.1442777825565067,0.5136456608082509,0.8065790413277856,0.04682583149732412,0.07843370777219594,0.641356628913938,-0.41768084089145924,-0.5087469323093353,0.07103741413365808,-0.32432815505629214,0.10170792532774349,-0.018238459568416285,0.31208212796461454,-0.4870573225831213,0.14158357403204402,0.1347184366669089,0.41703728448630806,0.02288422694476169,0.3205498064905978,0.6042459170669041,-0.40573599765838464,-0.019278124290283187,-0.1745853658723279,-0.13630334124094493,-0.0573826243047399,-0.08827672861984069,0.026900027792316733,-0.08951020513444513,0.008017983707909394,2.529216097790855e-14,1.7503946539147854e-14,2.2666195529211478e-14,-1.279813395136083e-14,3.7818127979068206e-14,20.0
3.887752930710213,0.44878489955692,-1.094266799023764,-3.754630718515747,-0.7688598052435062,0.5960465175413815,0.6410705124751351,0.9401110196407626,-0.09107693202646554,-0.6462146368540465,0.7981841608984691,-0.248685825415932,-0.3730128415700306,-0.30856190690982627,0.5372834714405513,-0.37297604229442227,0.10449875479388572,0.8829280933224732,-1.060619860518555,0.10338661939266092,0.2990286823907876,-0.12108067775871656,0.43118025603375765,0.13844274243694352,0.11295882443025246,0.1965153897923273,0.250608777147405,-0.029841759819317366,-0.09587303143362083,-0.2386595919987603,-0.29215219835947903,0.020903492451450845,-0.1938405340151945,-0.3693631211688863,0.1945864023954715,0.19439763363342563,0.167970386007682,-0.024968344068733706,-0.33668547625288847,-0.04580456098575351,-0.040593154758326845,0.07344002594829219,-0.10481950775758718,0.02655084078479569,0.006231606236529782,-3.2697141790376224e-16,8.478502045339409e-15,4.56226802550481e-15,7.904169165287968e-15,3.194231939080686e-15,17.3333333333333
-2.105830671789655,1.6468245996576998,-2.736252549559376,-3.8288520342551804,0.17790440594543191,-2.7819141049300273,-0.7178737866002377,-0.3984264323623126,0.295529368099813,3.222947491240336,-1.0739831963468902,-1.785022298468828,2.9118442663198887,0.9303100741913223,2.091292805887487,0.9071919259398199,-0.37177527147984807,-0.1335398945768507,1.3944115331510403,-0.20597271555263671,-0.5724366619944204,0.022609183734856327,-1.1882218610928093,0.3830525030105578,1.0264137559041726,-0.3420743793799046,-0.8616225228010287,0.34931919991591903,0.27906503543318373,0.43680397938518994,0.5319689141700265,-0.03191887803440231,-0.05497907313360558,0.013477384123286125,-0.3378881962610939,0.10320203095299231,0.03295427120012216,-0.15353384979221638,0.22785758830596814,-0.12250891989900174,0.04677732887560915,-0.02068499693629847,0.006406815497193841,0.0861745814642307,-0.04857426888047207,-1.1199431655079722e-14,6.511530701667653e-15,-2.0490630082599928e-14,-1.3092992081545762e-15,-2.2410132034484595e-14,13.0
3.842900242569532,2.092170404055346,-0.1734320665630578,2.3027838705035926,-1.6101580603262433,-0.23508949520909114,-0.8202507896487558,-0.863913028374832,1.4082539965248908,-1.2272092400542771,-2.3716460417186913,0.5702995566161624,0.31543304691513474,-2.045507721146332,0.958820380960441,0.18658294571221817,-0.31503265852181583,-0.6549732618248896,-0.1566461208725275,-0.005241552945943053,-0.45895385795639615,0.6056791045882852,0.3368715506174768,1.1714735418531592,-0.5308786006146701,-0.9670407695175565,-0.12890950267684326,-0.0869133993162742,-0.11232472866222362,-0.030642897423373124,0.18365394051424563,-0.30732410777306196,-0.0035596812690286816,-0.10757463336964429,0.042055367342594296,-0.014124931695916653,-0.17081542797408347,0.007164727821114208,0.14283519188573846,0.006737434321137326,0.0594916823272605,0.05520270636601679,-0.09563392221067761,-0.028001961990778732,-0.011214217938646383,-8.38503787069529e-15,-7.51903082192813e-15,-4.7971198142077424e-15,4.456189819994117e-15,-5.93982888268352e-15,12.4277777777778
1.6740152229294292,6.456696944106216,-1.4506626137347676,3.161624587301747,-0.19249033071925306,-1.3205534984042948,1.258003697667866,-1.7128273397369485,-1.719668632960502,-0.3670947593322781,1.2949132643280252,0.29759127510713856,-0.6347905350822538,0.8521997194784505,1.5976922918245746,-0.29810158548025495,-0.9426063243233658,0.450379164314544,-1.1602932671744095,-0.09881027095090524,-0.10004957071552538,0.33516895753445364,0.6253258701489577,-0.6236773171865451,0.35420226680639255,-0.8688899527570277,0.19526884725133295,-0.45165649014257364,0.26115946717467403,0.11773823525500303,-0.02732810447013029,-0.13351541749530646,0.12542718691784743,0.008518868990476294,-0.032787477803701094,0.1003024656167844,-0.026239499483453155,-0.023948322738330332,-0.010747689501757855,-0.0007496323869342857,0.1256938530253391,0.026730283846601467,-0.027498158226342245,-0.01950398046925752,0.03290502598354131,7.535802997358747e-15,-1.96120434361858e-15,6.3806936366692534e-15,1.0226734538016812e-14,9.905856271713805e-15,26.85
2.126714703361122,4.185599758027855,-1.7381027203239834,1.7150004938533827,-1.5203790447023284,-1.3703129216529066,-0.7115065595031015,-1.1195036745139944,-0.778103494735474,-1.0351809501506661,-2.0592613230086814,-0.030138364667636544,1.0355537517692435,-0.9214021357233615,-0.39330467851831497,-1.170570903744954,-1.5727601416090882,0.025654440263446186,-0.7594249469435946,0.052329011104808865,-0.8004389549974245,0.8823519601959617,0.1546944904444524,-0.10865458843964616,-0.12113511069473856,-0.46457169109406155,0.48459287184155114,-0.47779776933001583,0.29610372593259743,0.04922702564225847,0.34395869471371565,0.1084879162424984,0.25866062110742394,-0.4472258409135951,-0.10255212516760621,-0.08390841078909515,0.012642681466327755,0.037236453683590486,0.2111463994369849,0.13231726125711266,-0.13108144595365404,-0.05283823549938114,-0.04631741493835012,0.07611791077135781,0.05755423371102064,2.3806716724973184e-15,-2.1217953072166308e-14,-6.450021291518231e-15,1.7242586344649694e-14,2.37248798387213e-14,12.7222222222222
2.228435966523789,1.1756837421892634,-0.6159219309280459,0.2960713895037584,-0.8461345435031189,0.8560738567166697,0.6911149081690843,-0.6084312364738973,0.7821497886033214,-0.5114413319074905,-1.9283084577090293,-0.8345541068212866,0.8075374445345933,-1.0978673649945923,-1.2547245660387993,-0.3677240699537061,-0.08735860626552158,-0.026266524054057307,-0.4599404988907451,-0.859209057849917,-0.42068300807782155,0.05296669664756357,-0.14763583170181432,0.30124774732365583,0.18181248307846717,-0.5667205921202098,-0.48631876310517425,0.06713996770891416,-0.17697299769483044,-0.28104997691696754,-0.025430944992798816,0.08136472395033537,0.012239840413570327,0.03111988039213279,0.05241567884450015,-0.18287917228713482,0.04356470918726169,0.09350802508858752,0.043508470141595694,-0.05395937137825114,-0.04353913547551823,0.07451646160536868,0.060333054863707,0.09804439211075108,0.00983849917199824,-2.1226666131824453e-14,-1.3293653186406235e-14,-2.0976564803742526e-14,2.0003103390591836e-14,-2.1571199337558944e-14,12.4833333333333
3.0125808626211614,3.59963218380416,2.7557785415902627,-0.40920628237031575,-0.9776678868444602,1.201095350250118,0.26682589376735527,1.0407534170746193,1.0991293931344819,-2.514622307500738,-1.520631470154344,-0.5389393893390437,1.0300498181378093,-1.4921992590783542,-0.23134805196285005,-1.1421437384785986,0.8260510122790319,-0.6042645563470859,1.1995138273626027,1.1501780080442732,-0.10644650171918925,-0.31415561951155885,0.0017703249501759503,0.45337959863521893,0.26099627938233505,-0.23250372794345486,-0.6283585898119612,0.22079280399370577,0.04008092613858309,-0.14137201652536796,-0.1391322852760721,0.050244997958940454,-0.07150608933436625,0.06660376195269588,0.030092167292500974,0.08166203947063089,-0.15983815640831703,-0.09254783365010562,-0.3462218144004595,-0.12167122580892993,0.004410378817969332,-0.07949502224266712,-0.025519323383626325,-0.018056125149026245,0.010356984435317046,2.2497931670945324e-14,-4.057242040509194e-15,1.8873419388262093e-14,-6.5371791400451446e-15,1.9359345997211992e-14,21.05
3.3658592497108,2.3569853425771763,-1.2196578759943535,1.5165651500415624,-1.9996777613587657,-1.2608360526868738,-1.2624944443779245,-0.07407886332447476,-1.2388576826441184,-1.0335286240616433,-1.939755574456608,0.8579945446835369,0.7119273250978314,-0.4440426671403654,-1.0008645514722723,-0.35200480432294845,-1.7538886861730771,0.8442379504427526,-0.26087799693111574,-0.1265646161516048,-0.45363876282371135,0.2806460113666128,-0.08195949127568247,-0.32748901590357044,-0.31881533283602753,-0.4956006770092904,-0.3211082192007847,0.16823377233648215,0.29635501368448347,0.2990916013234177,-0.12306210483790984,0.10140798001383851,0.30981908387917473,-0.21200413289107992,-0.06353993421744107,0.0874994726206828,-0.030451460560430525,0.08542426382211504,0.15769410614157425,-0.005587887868597422,0.009057778420563403,0.018721108872265694,-0.07382325507565136,0.006561504627702466,0.06228155192052383,1.1530898925028024e-14,-1.3474664906621996e-14,1.2419571912488612e-14,1.2824813196709016e-14,1.4123689865543446e-14,13.3277777777778
3.0229099742504975,0.6972178802084601,-0.49793670185695194,0.36949606710389454,-0.759800525414027,0.8089056188381006,0.026480879357272835,0.04183074381971638,0.2072921689280916,-0.3257563849924279,-1.857874326555507,-0.6121631372986107,1.1773672493426777,-0.15223615836764284,-1.9958979549041669,-0.539223130359284,0.9154463630265409,0.08790095592805432,0.19848650764497305,-1.2751781712406645,-0.5306935657180537,-0.671064005798812,-0.08574735495819744,-0.13695708995472405,-0.5992502582073053,-0.21611203693742442,-0.383116965003023,0.38103724571336894,-0.6079169735577721,-0.28556574629215825,-0.41444966340967365,0.5173914128268652,-0.031732562050899076,0.5579206805771428,0.05032255385065213,0.1040848798477743,0.3489033867849719,0.009272909630928014,0.18918295083843414,0.06815445315589642,0.07951631409054007,0.1047215678867397,-0.05254097372288425,0.01590444965795622,0.05275761712450195,8.05541760170325e-15,-2.2344560515885717e-14,1.7336088429899184e-14,1.6804014891326476e-14,3.2930346182729067e-15,13.0833333333333
0.42811015879968856,5.075956062651857,-1.4273345210904302,0.7257039426965777,-0.5744415723432716,-0.5780593356194562,2.1910691794107726,-1.6365259335403939,0.1075084701201163,-0.7379262930691702,-1.34459291291385,-1.9717588682306482,1.2918610754219884,-1.0531100575646388,-1.0307007717748158,-1.0362223906938577,-0.5018002214053754,-0.9405706307783456,0.5216365640283285,-0.3289393317872934,-0.04690332377778165,-0.17513989491141943,-0.06511826133957078,-0.6143176169520271,0.2529473373021194,0.24386054404434324,-0.19837008500205872,0.1384299592949758,0.5111824073241475,-0.10534394642972007,-0.2747999055358491,0.4505935102752002,-0.29750591594313575,0.2300544818575795,-0.04358470343240751,-0.2436419615889114,0.10073562802037773,0.0035206339175952463,-0.10931793072902815,0.13954396333947652,-0.05172949192283133,0.041692940050420096,0.013596995789259726,0.019171217863524645,0.004979897211186351,-3.7981160460166826e-15,-2.862054911574385e-15,8.398946580005046e-16,3.4257279792270123e-15,-6.456861625609916e-15,14.8055555555556
2.3045737743009647,3.4151894822141857,-0.972084618828232,1.4123259974948816,-0.8073413938543729,-0.4274064220829561,-0.6730016870847706,-1.422396433288826,0.2851509227481125,-1.8448902168441734,-1.2877846970609115,-0.36400143796002016,1.0635668123787574,-0.8753615639081767,-0.6190900792194002,-0.07161338252630454,0.21323695748914911,0.4553590420235842,-0.20111085534433623,-0.7859192977890088,-0.2244735343626221,-0.5599207733281438,-0.1435806761222396,-0.11859298705276072,-0.6895406533056034,-0.6307364648613519,0.3695003485182188,-0.17898223175402853,-0.4093628715161493,0.0025585982549495554,-0.10971061296689441,-0.05985120291302919,0.2056093079861806,0.09960900361642318,-0.19528026760938008,0.10077370546058262,0.20172528907386977,0.08453045087365024,0.06401003489547753,-0.06405260210370309,0.06393143405332202,0.07685335201194246,-0.08307263895024902,-0.03635383601739544,0.01707298384532836,3.5411624065492476e-15,-2.5374605644515245e-14,-2.7413695118632326e-16,1.1095873437943797e-14,-1.747802580673885e-15,12.0388888888889
0.4807831026772496,6.48346796379499,-1.6806506688386433,1.942821836723683,-0.5615217652250153,-0.7125174647183644,0.48646797025623706,-2.042453269122637,-0.5859889355581653,0.25881057050322037,1.08630323698875,-0.3859644784472205,-0.8797638787160444,0.6358063784770703,1.8515671532437268,-0.8413858145184557,-0.20877828450656807,-0.19901317583189054,-1.289421584220816,-0.25042527897408895,-0.6243660997410047,-0.10155141726982214,0.8832762813854084,-0.8942029881411144,0.2710982239392154,-0.7871939155564668,0.15553430364071344,-0.4448372447911342,0.28251301540529244,-0.13387652201677505,0.0027997306299053647,-0.39653342768366123,0.15926720770002314,-0.10519714552011449,-0.06932853691737009,0.01663758972968625,0.17187157250853513,-0.09048173385050994,0.08954684603880468,0.05744988621497935,0.061358946623391655,0.016954906805354646,-0.04028000279285381,0.0209856838475629,0.07302326386411526,4.511250271616717e-15,-1.045414147145803e-14,6.8684436637480645e-15,2.3138400936160296e-14,1.702748628251212e-14,14.3111111111111
-1.2115206524387365,7.693299015864685,-2.2867764481303214,3.7832109600825223,1.852121952940788,0.24267747206225623,0.6778658438331264,-3.11236154458162,-0.15244052177453782,0.047028977126895084,1.4703609408544103,-0.14028313237122886,0.14036017525042133,1.3293722569107567,0.04029073645254755,0.3374811014714053,2.3551665750890516,0.9634723085872461,-0.21948016383290786,0.1505539355660997,-0.05147688356277054,-0.37169247349101003,0.038666665547170735,-0.4346509397097758,0.4808199397745972,0.1018417333263506,-0.22903710978548378,0.09379839900518341,-0.1296390548531343,0.04925847014403225,-0.337196197298768,0.1722834138456899,0.19836993348254434,0.030094756303361957,-0.14172008073214132,0.0874232493467974,0.05163427332134058,-0.06784417611146046,0.017240504373534315,0.05366737669311758,-0.019432357210753766,0.03351409159647,-0.0723796837002335,0.046755478552412987,-0.005769583976429715,-3.5463051595442754e-15,7.204589236569546e-15,4.0061493215490246e-16,-4.773795165702659e-16,-3.9419767870028666e-15,30.8555555555556
0.7806844197330296,1.0262450719548923,-0.8449007474353203,-1.3530882842799432,-1.3329552324354004,0.11431498534409072,-1.5068667746604911,-0.25886905128793747,0.1841209369839373,-0.721441682650628,-0.9534924145886621,-1.5041409122112919,1.620777085988393,-0.3597408572471667,-1.334680760753119,-0.30694463531897836,-0.09595070948702704,-0.23860085416874285,0.8424331127514699,-1.4268599986790311,-0.46396243420517863,0.003212373877576291,0.5498222522620185,0.22937775349281778,-0.0796405737456607,-0.19319187601966603,-0.791210345542747,0.4240034304684542,-0.21078226993940008,-0.1161644710175692,-0.3365809264473318,0.3046144963092107,-0.028262489979015332,0.3045702113638647,0.34298648187247294,-0.17003740532399267,-0.0315821775766427,-0.014462886378432556,0.227056381200244,0.04178456410599341,-0.006818713021641289,0.2382719420588475,-0.029662845009953205,0.05275313641675562,0.026467622292089703,-2.1864078166302048e-14,-1.9612491417859998e-14,-9.739102592168956e-15,2.6627186309041357e-14,-2.860515623049538e-14,10.1777777777778
6.662359498439733,0.3804178710195653,0.11771887149529454,5.323252029397521,0.384540114892422,-0.07638913560721507,-0.47046598777578025,1.2710673808743893,-0.30865591068934173,0.5647974730928521,-2.0895276823711555,1.8937273861570898,1.5329764413492744,0.684680516365173,0.467286949240581,0.6445191230205777,0.015483093773953415,0.8548562361918847,0.2552324220795,0.6663460667729888,-1.2813754121781689,1.8596277552107274,1.152780432435593,1.1530674571637995,-0.329169868410347,-0.6373947640608097,-0.37877845317661885,-0.22208658360115538,-0.20468663757553412,0.539468250860078,0.15343531092801854,0.30464771946467795,0.10667159084849635,-0.1966736032125497,0.049051904140690335,-0.06977178978925072,-0.06778886587807126,-0.1549826248764758,0.18648782707328176,-0.052267215925260985,0.06153426156844437,0.06694652025739077,-0.10273465541129774,-0.024727348347558353,-0.003198033309829194,-2.276487068853461e-15,1.5918777833664635e-14,1.292568822540387e-14,-7.39770188544501e-15,-5.645414770745257e-16,18.5944444444444
0.9495537747517836,5.0176000472730475,-0.9377108977726466,1.5263592056379234,-0.5668738362700705,-0.9399953675744415,1.1812058884355967,-0.9638206246848584,1.1725237871629859,-1.9656192322265964,-1.235783436872925,-2.305512042661023,0.07508563094323525,-0.8397139360824583,-0.8619490231898189,-1.2249135444361636,-0.34182304195625557,-0.5614374855857516,0.22115662830045668,-0.07050769436012805,-0.32386471250434623,-0.22209689485849618,-0.4084820786470517,-0.35264624205536144,0.4482861982457767,-0.21250857666935447,0.1911453911393483,-0.2903867623113813,-0.18695322545119347,-0.2691944040162633,0.22795925248445734,0.05305610952731823,-0.004882580063007702,0.25767808227920597,-0.16479215926277802,0.07877131994977149,0.13868201062031574,-0.023547774407680206,-0.09058639373187408,0.025958193820115615,-0.006556100428553365,-0.01139341372636488,-0.026326775255299292,-0.008338325987043807,0.02459306075679664,8.811075572464797e-15,7.249673887571805e-15,1.1198242370955183e-14,1.4946375015627301e-15,1.645503583867531e-14,20.1944444444444
0.9015225164455416,5.368853634082236,2.1313295343803302,-1.5910120484632906,-0.543174373857049,-0.6295808268726425,2.681948582563761,-1.1208344949602271,1.6251612140932605,-2.4754588341212505,-2.6690282416115285,-1.8490093083944565,0.6779786686516083,0.9232654631023709,-0.11963724401754772,-0.5102882960657377,-1.3169346791452747,-0.8465336922392167,1.4949697587890332,0.7095192430432413,0.023365340273180102,-0.14011916050917456,-0.24545950071325873,-0.02154692287060321,0.24251134055941556,-0.16906664222736073,-0.6728171500506226,0.17134093108355286,-0.015101532427015348,0.13473786596183338,-0.4563079934815755,-0.05760238552538008,-0.09935101133200909,0.1886914716663223,-0.2888123441348813,-0.4435971386743466,-0.021835677258363745,-0.19004877366503883,-0.21067241850923252,-0.04434057483993604,-0.18303058928283203,-0.06273557875851615,-0.015900706027356392,0.038988426415608145,-0.0272465167140308,-3.5356736137628293e-15,1.213436642630328e-14,2.0845739903877397e-15,-1.9511578734384465e-14,-6.448707279397575e-15,13.75
3.6530241528417817,3.1945548294804724,0.07611732583576404,3.1625900622117347,-0.7762409954326139,-0.9199373686644418,-0.2428240168898171,0.1875361803578079,0.8922476311989387,-2.1734642486730738,-0.5940008105516691,-0.9113362243903662,0.7661592231726713,-1.5610444247730824,-0.7518801595556829,0.01733135555420577,0.18439434613954447,-0.20872874156066568,0.13843015339966658,0.7856564466093359,-0.042549709595194926,-0.03248755952059475,-0.9034519373213512,0.25355739292204776,0.5558314723071464,-0.482805647300254,-0.07090962659332889,-0.2887633743097609,-0.015074874842498802,-0.4276305571148716,0.3666059348804709,-0.24646925833849953,0.024965139501602524,0.10237056805684239,-0.07601919788166484,0.19401862665443653,-0.036005365392842555,-0.009073447310524826,-0.18432235527605584,-0.0895012522682719,0.06326956602409714,0.017052396541470713,0.0004606030726732382,-0.03056304659942443,0.02149299074915056,7.425224391167444e-15,-5.770428688962196e-15,1.3292381282925845e-15,1.3779275705031997e-14,1.0036673379068786e-14,14.5833333333333
1.0329200415233402,6.993387968914886,-2.29932400520961,3.3363008519833075,-0.4452427654715283,-1.895240639520234,1.1416111208161768,-2.775928334321728,1.0616259513369697,-3.2800033504910724,-1.0420345606979504,-0.5057466976090306,0.5638742694044484,-1.2260434618218388,0.7851525051863943,-0.010863176089872799,0.7243899132307814,0.7030674941152688,-1.1974709441891558,-1.1273954155967076,0.786251529552572,-0.08465969418958011,-1.002066604018093,0.4500316635986196,-0.8781500107813837,-0.15217359962783447,0.37192221952250887,0.020940668942151377,-0.03461910265691584,-0.09268979361125915,0.3995477450352089,-0.34784696768540063,-0.0028890310923525915,-0.014044251359244668,-0.003394116333747198,0.0411250163194172,-0.08801577332177997,0.25966200042876075,-0.022353856058778546,0.031179679170499918,0.07164775254495906,0.006750427269110958,0.028980883912193514,0.02034705821587059,-0.017837800540993147,-1.5658339230287944e-14,1.5375624270582192e-15,-1.7300953335912367e-14,5.05978311054227e-15,-1.592842565692038e-14,14.7166666666667
3.7147205135093975,2.206195670475411,1.4247237906035535,1.0922789275136744,-1.2071115316679506,0.10994880032539585,-1.4152488260799114,0.7207356709298145,0.7469625536635937,-2.5642387604086343,-0.8763977490938333,0.10428952005002112,0.7366081044740176,-1.2422313832911736,-0.28692166208996844,-0.4326668031892087,0.20323741405123413,-0.7128176510231938,0.9414262958590843,0.822948676548949,-0.04631815475209461,-0.07283160066140329,0.28618687160227657,-0.4933293905282201,-0.5386421090291783,-0.5737252671319923,-0.4266164305276431,0.00011044205614495516,0.3943722926145571,0.008977535923980718,0.24636261569771808,-0.06726679498709905,-0.00882046310039812,-0.11586896938797493,0.15144289889021414,0.22960939581990222,-0.0965239423779001,-0.03887887444726679,0.0023458847169690526,-0.04953218401143906,0.11683510750091258,0.07639159465164312,-0.005328288971233187,-0.02532628969001614,0.005050572109955774,-2.0144702486165286e-15,-1.517613772222119e-14,-4.414836298062936e-15,1.6049542592096584e-14,-8.005374557535016e-15,16.1
4.102798715571793,0.0007963188365340626,0.8320387449243178,0.05530229442147755,-1.0873956132444018,1.0444522233639026,-0.22693912515782474,0.7303308427314775,-0.40580589005751316,0.18270929179851514,-0.7800443277490983,0.06946115260013139,0.37487630700516866,0.6171559122707831,-0.16920503067964943,-0.7599547333667938,0.8001466081114894,0.4305415752552527,-0.4875000806940583,-0.42220154065090865,-0.3927151837477089,0.6479471516318555,0.2500058499321341,-0.30376578843362007,0.07575067302661499,-0.9627522280725973,-0.6897778494155237,0.44140406592854814,0.8282999322159951,-0.07681614669330825,-0.21822504037339296,0.32562718621674225,-0.11324577241299921,-0.11931416085244821,0.1426007525189168,0.14364431442078687,0.12009110797274981,0.04439173093095204,0.05736299195952213,-0.10939016925073984,-0.0067491775403272555,0.07364035304515625,0.04864726633081118,-0.001809683810248405,0.06383438517461071,9.150987787480479e-15,-2.5912389142244498e-14,4.8321028733583994e-15,3.084002029688474e-14,7.887489128192088e-15,15.2444444444444
4.129715654131141,1.460630560310901,3.038083423116175,-0.13718779275250936,-1.1775178399460515,1.3268611914209807,-0.6340481846719196,0.17545058018626208,4.452458077167797,-1.7713647693185082,-0.8321327399250442,1.4132483357373824,1.4483110996427042,-1.661630979947437,-0.17328729413147576,-0.0875834218125618,0.49971763417970955,-0.30876377414986983,0.6461465887387325,0.2158665727731316,0.1508131705629684,-0.4362611577377213,0.5272525197593209,0.3226337732823634,0.23712018070262797,-0.43066863010917633,-0.9580312403615742,0.49483202175818863,-0.02255150957995369,-0.20837974415059582,-0.18654638662793324,-0.17927079327264214,-0.12879632966624413,0.17005868805651733,0.13734923215152497,0.08578005792140943,-0.04873973618800833,-0.12816010214616222,-0.10291968968632473,-0.025144575543860813,0.09988192049122112,-0.03550640805237123,-0.09661020871343484,-0.0234092206400972,-0.010438462717599186,1.482785284743138e-14,-9.401285018840883e-15,1.640511941952604e-14,-7.689348113051763e-15,2.714742124390567e-15,15.1611111111111
5.317863810904191,-0.8282076000496957,0.8128160976627541,1.2548783945849264,-0.7526821013567535,0.1465532187521269,-1.6474939962210162,0.4999516111801885,-0.22282727949353912,0.027886112503690184,-0.27304004661629505,-0.039732134841022136,0.23283758909941987,0.20051810810891627,0.5894104283773438,-0.37340456615109774,0.6308628351643156,-0.2764679651474612,-0.22031224668777935,0.050679171197039595,0.21775785544264908,0.6655330895919689,0.21655491853737574,-0.7611691542430161,-0.11392388262332005,-0.415709992624463,-0.889375797302164,0.2526530619275936,0.5003785010999601,-0.034156192948381854,-0.21846424362750647,0.6016391726950077,0.04705418484959771,-0.16791390145430943,0.04632457900096766,-0.007038233375354023,-0.3430935733163263,0.14184046962088476,-0.05032220723651248,-0.16668110327723523,-0.07697208187802117,0.1462759200160888,0.24462124353478854,0.007150398005375046,0.053462346022227186,-1.0407774379098398e-14,-4.314610403120186e-14,-2.955545280919373e-14,4.513097471186258e-14,-1.3949160105967691e-14,14.5166666666667
-0.722736374641118,5.5494481210481075,-1.9305823758456537,0.02480407450143067,-1.3270614186182377,0.09452771754987072,-0.6529161462704778,-2.2734033785624037,0.5745893751560059,-1.1022509526172035,-1.253132988705584,-1.3986547760424564,0.1193592462271726,-1.7563980326395316,-0.7402628507117468,-1.4769920785054051,-0.6014607314290575,-0.5723485007726962,-0.13496784815011395,-0.2590783511894751,-0.4404858277054715,-0.1344401587061406,0.48115728400350677,-1.4320641586622147,-0.09942271503631597,-0.22041127759662096,0.29700580052903697,-0.41824978027732757,0.18437819972604375,-0.05885364801893803,0.11318400814190634,0.06322241363617188,0.5123145098951756,-0.3874186593684729,-0.07109883353555017,0.09023433912498723,0.20674394384836242,0.1500058825505504,0.13551933634768834,0.13417369012629327,-0.15351814029710265,-0.0838731216945126,-0.07280154631820117,0.09982138132331674,0.056374875795665254,3.4255007717033503e-16,1.5762870120722595e-14,1.1080764591069247e-14,1.0784183715597888e-15,2.4503259565016877e-14,14.8777777777778
1.4673108746716264,7.345359669921563,-1.8171124240787135,4.815151282742666,1.207769249416363,-0.9306674958703867,2.6470452492753016,-2.233766185842695,-1.5419192753944795,-1.3646497355449205,1.841920718977642,0.6538498280281083,0.5575721582896239,2.137430031602139,0.9320550828911216,0.26551788410293947,1.5932641439481987,1.5020775166780331,-0.7688448519604474,-0.30373496697856833,0.5617651453895274,-1.0565746547432178,-0.7666920438503317,-0.7015668054408568,-0.19895699794747443,0.2786536781973363,-0.4310570877339831,0.5687229520226592,0.11368583109975837,-0.2725684307294651,-0.06373238122614407,-0.4090317348992761,-0.00915576995100397,0.03588615171176278,-0.010842396714549282,-0.10421047542887818,0.11485144656518846,-0.04855834964203087,-0.16151474254535747,-0.0506482214168205,0.06766157706845712,-0.008659558390703719,0.06943436960719436,-0.02682834241069538,0.034412863223560325,1.0089701595602853e-15,1.0047144762678405e-14,8.308033463195952e-15,6.630484921764454e-15,-5.6081658951938655e-15,24.4666666666666
3.349152995272214,0.2190482824702528,-0.06950186921178327,0.670820320792754,-0.8577082714779166,0.6364269427048259,-0.5568219176199442,0.21555734643564858,0.4076268171937258,0.4560951444888793,-0.7270797124990158,-0.13616948651572341,-0.05194078877726896,-0.10587410301027927,0.2345814972936879,-0.5336355855299058,0.15246027522525343,-0.3211283345354718,-1.2043955488223557,-0.8351988220491027,-0.49698409104857894,0.07503678562673426,0.22000084909189427,-0.06650285511190884,0.24365207850647483,-0.6325739797953757,-1.0045326543685011,0.3458222054727283,0.06763922123036425,-0.3579552124841815,-0.14867053751834544,-0.03581747698682545,-0.024459837938514428,-0.03343004139041989,0.10542243922845136,-0.06593098393602091,-0.16570964462260185,0.043260707112163774,0.03889484422219093,-0.12190732901592036,0.0002060034209791977,0.13805375039623366,0.11108359321850374,0.054231484121420724,0.03740108506922457,-1.7366839101139425e-14,-3.7029077859281865e-14,-2.6504228325238775e-14,4.0307883389612074e-14,-2.2133367258643764e-14,14.7222222222222
5.958783786847227,0.07860838148721587,-0.8524835079591916,4.372978775222154,-1.6466499543609385,-1.0047742307101986,-1.2671838431971394,0.7700677235904587,-0.5015964626620294,1.1940542598662651,-0.9023808368450318,0.6579043036395166,0.23811875425984166,0.8720473015905812,0.17753876514848835,0.36146652310795835,-0.18138568157109283,-0.1571702715493021,0.40631235780038244,-0.05495477451129164,-0.2956211947236149,0.8027913843281043,0.37031715224623696,-0.7660346782901107,-0.18922866933163304,-0.40557789380629183,-0.8847204017812725,0.4805081184871572,0.05079495867363021,-0.19957497704558416,-0.0008816910389503754,-0.3339115872502133,0.19050033637307662,-0.1397261459232008,0.052705348548133676,-0.048012104161078525,-0.0922471268668081,0.003931666939720599,-0.029555858651682237,-0.08513002156592471,-0.049425926321050105,0.11014776977529375,0.20478182056643107,0.08610545240656098,0.038950109025352085,-2.9414585258625687e-14,-1.0253929322511695e-14,-2.979485091126378e-14,3.568454665866809e-14,-2.7215263126881638e-14,17.9944444444444
1.3416726318656298,5.752664308837889,1.0906211466894444,0.11565670330183642,-0.8670721947647975,-0.6881412125400087,2.404637979389479,-1.2936029356074163,1.9763162190525825,-0.8475163653186627,-1.1489261476042465,1.5066979893916845,0.9485274998648935,-0.8718440686197303,-2.2646181020352225,-1.0843589111923586,-1.3106401661324312,-0.7709221801344476,0.8302191457048657,0.5798540805455142,-0.31896962448374666,0.2768063933449704,0.28892448449892955,-0.7807708689061066,0.49759018968408797,-0.10377152935971991,-0.4482066897492677,0.2558655113388644,0.4278004012556694,0.17624437700151632,-0.2837703115495171,0.019789526639457215,-0.03456665769456386,0.11070619804746591,-0.030482776441004687,-0.09261436403145655,-0.2677745656628209,-0.17074180662576025,-0.14520888924124395,0.11187546718153024,-0.07711086207937531,-0.11098692286277391,-0.04828162834861745,0.030525703132352644,-0.022468236807924175,9.907788901944444e-15,1.496325159916528e-14,1.1207151674322559e-14,-2.0742828274789413e-14,8.80514553028003e-15,23.8333333333333
4.922913726105385,-0.11654368101909089,0.2943076402396578,1.9950654032239585,-0.3475622035283107,0.5448765504600658,-0.7292700913533987,1.022386274002731,-0.3213680705796348,0.3260453392469749,-0.8387450571391805,0.03426411372470746,0.7563549397625974,0.7054264534441551,-0.3387790859653343,-0.15225634552904652,0.5710261284441759,-0.006166307223109508,-0.6714565362345427,-0.4141839733513602,-0.6940754320731325,0.7859224622154414,0.4057575267405889,0.1571633099220631,-0.08037578329829481,-1.1144834608381053,-0.34254768110891004,0.27013994927057167,0.5582328097932467,-0.20226905297676107,-0.24267508599701573,0.21371206743420496,0.015145664406238785,0.08620842948730016,0.1654184553654469,0.3355840159193274,0.4279093830403516,-0.010415553862431929,0.12512486349741772,-0.13719088127039025,-0.022032117944606862,0.012296139539170326,0.0701058402672241,0.0022887814190003766,0.045600000859842935,1.1230371869712396e-14,-5.761866065172722e-15,1.5100398360600788e-14,1.515973504553929e-14,1.7359338735400487e-14,14.2222222222222
2.6988513463061645,4.764619036975282,0.995850956065928,1.2219901576089367,-1.2626073400876545,-0.5584025216688505,2.730619480887743,-0.7576979230722679,-0.45518661356078594,-1.4224011074232856,-1.7912821267212515,-0.4800820836635867,0.305141560045155,-0.8475861602859902,-0.9181924771437379,-1.13665995137657,-1.3650137478874649,-1.8920434888695734,1.855549354609337,0.9129271733185721,-0.008119858513179128,-0.12257475723788197,-0.1173697365770856,-0.1843069816076043,-0.10937175505222145,-0.2682234172311084,-0.213835948659397,0.08809839491171187,-0.4115776161784146,0.074773701154533,-0.6988546664879443,0.1977831626017716,-0.3655481599599318,0.11394134489069403,-0.10886078011325358,-0.22832221914853248,0.0985959481160706,-0.14849306177308275,-0.1730133848099461,-0.023177048790828117,-0.21029289108991744,-0.17100981143202834,0.021115244275351372,0.020446973200103767,-0.01608513506966089,1.793290488729023e-14,2.819754049522323e-15,1.2230809724203092e-14,-2.2634511861830535e-14,1.7433049345784737e-14,33.1277777777778
6.66078061233054,-0.20940157328809908,-1.0174444699317413,5.578246551629978,-0.8951738421574059,-0.6694536907539063,-0.4451240091643837,1.4158368180004004,-0.40461877163158505,1.7735041685265471,-1.5190177531790996,0.7510915289322626,0.6939900880632177,0.9849469462634534,-0.0953656242806002,0.6835540100133428,-0.056282330051960414,-0.07180189403018807,0.0378148679927197,0.6096619899745549,-0.6479400923618905,1.1248882902607211,0.0084173622995502,-1.0953280980739322,-0.07636354768312914,0.11781460816740767,-1.2833112616850375,0.3037853931690939,0.0684397618045318,0.192860968955449,-0.03556720736623224,0.18360717021631662,0.16369039730052826,-0.17216020768987497,-0.024056208863189075,-0.10989168478771415,0.10189909872354404,0.0033348271087282597,0.05327203481376053,-0.12545572561545296,-0.04653494180152588,0.09019978480701374,0.11124140049810372,0.06641687863861051,0.0316966907830835,-1.9351998722690714e-14,-1.32844884524241e-15,-9.555812961160214e-15,1.9744240732393724e-14,-2.408692353208185e-14,15.6555555555556
2.1578363234384526,5.36706119506902,-1.5346521083889468,4.337957819008259,0.3488543791547914,-1.1050020824817774,1.5402084092037849,-2.4390372113725727,0.2546237071570236,-3.855179450359244,-0.44289785580641566,0.7628744664715588,1.7899290288431293,-0.8826496241676863,0.1318119591730564,0.7259159723924649,1.093117805654669,1.6613902684922839,0.2978450914391313,0.08924157792092523,0.24002657606038622,0.27773819000402883,-1.047409689721737,0.539131451216657,-0.9185287052207144,0.09300601391775758,0.1762221195533745,-0.13855371666984745,-0.0894189112693034,0.5026775768776992,0.6094192079149159,0.20500153601822108,0.1015061624600974,-0.1877290364370086,0.06990893156981853,0.009839187381761892,0.07157771811160764,0.08585747084891393,0.1638397858890526,0.011053724360710402,0.13728469280707195,0.02312824365575385,-0.054918804704446836,-0.039276572714727565,-0.025240997957256713,-3.9745925337903505e-15,4.303279869370213e-15,7.221224606782684e-16,-8.548316804615717e-15,-1.2235438785980087e-14,20.0166666666667
3.9893027680173345,2.5753796513566334,0.5225595229068918,1.7967480213578435,-0.7910286587146693,0.4755413944427538,0.744110015573964,-0.7035576850497641,0.020879813265768613,-2.4897076506151787,-1.8499801249869348,1.0248012368136863,1.6015500452476288,-0.15836737337872153,-0.4097134419920238,0.11414802676517231,0.455224223673009,0.8860989967481555,0.39750840776802926,-0.17140970938649552,0.4111332232099644,-0.2915064944698905,-0.027335777445693526,-0.4020936418136453,-0.8825523868657797,-0.2233718451050266,-0.46484665491381927,0.33012429201760446,-0.3810475099195038,0.1387975731027206,0.13081183684692635,-0.023328652568689382,0.0062591209983022264,-0.07026149552354069,0.07999916662378888,-0.06597047058760301,0.05971379726560746,-0.00820407451428053,0.037430457175475565,0.04308249527776178,0.07501520019115623,0.027284533420485105,-0.09891945560807498,-0.008118247687436866,-0.011874249273868471,-2.8035759037890926e-15,-1.8221702869780878e-15,4.953832284930154e-15,-5.342078712648832e-15,-1.4921027430640275e-14,18.5277777777778
5.752988673342858,-0.004637827384204137,-1.0493211678801198,4.275184955616528,-1.1568885812751672,-0.6588752406826398,-1.1803424091128705,0.6604337327264105,0.8647176613767921,-0.12555494225104502,-1.977945314356684,0.11274953490225842,1.1346935723152165,-0.8724360990072443,-0.6222938710973337,0.3257553797101112,0.15742867243606148,-0.023123451157387027,0.03651840964337288,0.25325349547112375,-0.6999067408371293,1.2922017330316955,-0.3672849067701291,0.8386381389444753,-0.2551954561891701,-0.6302510600468323,-0.11175363829780809,0.01717861756154148,0.20743855238117964,-0.2494069778984817,0.21371180295870057,-0.021964728976676888,0.13729224244197713,-0.11228567429960966,0.061884052227388596,0.026182494510971703,0.08331511172759222,0.10632038474319115,0.09801811684920506,-0.14565423138046638,-0.09142441228088681,0.057029633615974164,0.18312877733090116,0.06674842058483495,0.023412032748245944,-2.0392632590117483e-14,-1.7694871089397563e-14,-2.6103617910073557e-14,2.8882068134313085e-14,-1.094253704459955e-14,15.4333333333333
1.3680304709544848,7.9996087357592724,-1.4382054902810952,6.790942748247804,2.669128649644047,-0.693000585698964,2.208526969356799,-1.5075499088947504,-0.1303211734001586,-0.17052237592028838,1.0476409343688347,-0.03541842616014283,0.3541671302817808,0.6803899653277429,1.1642528981798241,0.41003541663911797,1.3310336416093165,0.12470631127856058,0.48964882575745994,0.010070343265711788,-0.6474716505651992,-0.097840254913155,-0.0638913131508438,2.110176003311689,0.2872936643308477,0.06648930281377839,-0.07274807744133346,0.4596249116663292,-0.5341070235938726,-0.32739809404260795,-0.9124259724031306,-0.2091236330214744,0.14859574823479585,0.18787524855939564,-0.1708714571146245,-0.055992966276785294,-0.09629732272003812,-0.06799046667700166,-0.058504957976077285,0.1015283208991467,-0.3216772609041207,-0.1700805282740138,0.05540709986953258,0.0956958812554173,-0.031912420564877,-7.030676152755766e-16,1.5650225170342196e-14,-6.7771798627886125e-15,-2.3043041136772114e-14,1.8085906368077056e-14,30.8777777777778
0.8229704034819383,4.264234073295892,-1.86032695080923,1.4397878243521274,-1.0119036209044174,-0.3580870757464558,2.084363876116448,-0.9554848022428611,-0.5864585755424833,-0.5476606802129728,-1.349711176007572,-1.3757448450711425,0.9789746831909221,-0.4993292568137273,-1.9784847055594936,-1.3102894172411188,-1.1255384637251986,-0.6997691393829378,0.6315595553458389,-0.7009564247111014,-0.28300627273206386,0.4470341673992086,0.4684965273443057,-0.9279599977413538,0.10869768178258195,-0.06583527074988292,0.011062206135868365,-0.055987365461395405,0.232513653520778,-0.10139265001803995,0.18142201497838395,0.2160410211262334,-0.009855231923578522,0.021212927203255807,0.028887612115814015,-0.16015600222422446,0.07815173556533278,-0.0025360342590435704,-0.06892691462713661,0.059864555604207774,-0.03315327244686753,0.02926744659145223,0.00669295490619752,0.030803058003237047,0.007933895603268714,-6.6618683171167e-15,1.576547352027639e-15,-1.6242686300871775e-15,3.4311177959428683e-15,-5.7033286180518044e-15,16.7333333333333
-0.0457034078456954,6.258629093337543,-0.4586442437142619,1.3496393805934719,1.2565887698789828,-0.8035484340666084,1.97487742074169,-2.3137497384221883,0.76576205092507,-1.80332992033452,-0.9118357470665945,0.8171604953428704,1.3447711794210808,-1.29111218115384,-2.0603096368228084,-0.8195143666262122,-0.6535901316005025,0.5578816266478461,0.9623051659678062,-0.1487140715077116,0.07022794267551521,-0.2466405461553462,0.11337905068172774,-0.5546554931724174,0.2525741592551414,0.39573585121161703,-0.44888460225032273,0.4303586613721521,-0.017479348067463128,0.09119228394852825,-0.20338430307124003,0.23142324900902206,0.08644711967199376,0.08755766896650356,-0.07298353825479749,-0.003630978723352735,-0.1704405717192948,-0.03787160382002699,-0.028171717140193463,0.16122822472392537,-0.09558123285395827,-0.12705389636282638,-0.017898553994256296,0.021306431699571363,-0.05018253983846563,4.042317849070303e-15,2.9343073116363654e-14,6.314733882397988e-15,-3.3519569757272744e-14,7.071907399104388e-16,26.9888888888889
0.9069809926705045,5.5021780222427195,-1.0995241068852228,0.9743711540430119,-0.9761905321997071,-1.3438579962562867,1.1803893891522914,-3.0715431362331054,-0.5150093794351263,-3.6663367164337624,-0.6156843005357558,0.436812648786971,0.7782441101481369,-0.7415618549257222,0.38718024406814033,-0.5118819712808359,0.317105288662926,-0.15656088199937485,-0.3711899294894577,-0.5009901572478053,1.0009603017773447,-0.23366671496907002,-0.566878916304042,-0.8894276524330773,-1.3467444373812638,0.05959515963987607,-0.16921779827400155,0.07071666447082135,0.033863300879797595,0.2801740134163138,0.3948093390182837,0.18753686049769575,0.1208172610455953,-0.07998636216551523,0.06839657462131521,0.11825548090340578,0.04101282062104922,0.07999538079417913,0.10674859384264053,0.0961871419444906,0.09417832796547636,0.057754661222286376,-0.001370270916544757,-0.02026739439032484,-0.011339469830638643,-9.976097958277392e-15,2.2748981917322536e-15,-3.590461200328136e-15,1.1105432946919736e-15,-1.555872861719283e-14,16.3833333333333
2.8661729374054294,1.9120608632346772,-1.7385949221285584,1.235716006278086,-1.6413729622817257,-0.48246429423600334,-1.80420378176981,0.09134212249845665,-0.5155576787955343,-0.4108827593810072,-2.128243531732524,0.3397735033113083,1.020647312256399,-0.13981154911307142,-1.231768371559333,-0.10659231552973183,-1.0122140476594736,0.2199601405834589,-0.403473712870072,-0.7263783529153804,-0.7376774681816889,-0.38349570828458607,0.15497867913168395,-0.39030352930444046,-0.822047670726156,-0.4723370469758933,-0.3596798336003208,0.3270901963169719,0.06343866917988425,-0.08478747748019912,-0.1593570967702189,-0.32585031324583247,0.36711872317425287,-0.2083952126510088,-0.12064467183585145,-0.03997594350672419,0.012979089709279145,0.11939782957683048,0.1103892310715999,-0.004837472674520519,-0.01878169344142795,0.06413753596488049,-0.061845354301104175,0.08200920798758936,0.06546868676764213,-8.69859313764831e-15,-2.5283822546099978e-14,-5.975916945930419e-15,2.7652316685271674e-14,-4.326525273112405e-15,17.2666666666667
4.582585528751134,2.474057998297918,3.7752022892860726,0.16043874298619076,-0.19438139590727463,2.7484540812928615,-0.04803315048618631,2.4865958025248633,2.155914176602916,-1.1820179421401793,-0.9097837904484091,0.6143891025010445,1.3335637022786992,-0.3627424586166685,0.8380469157520082,-0.6278186283618628,1.7339535237704435,0.6474548644677492,0.1275813781581821,0.5355992033864556,0.03710800233428043,-0.7269868010743903,0.9752515048170305,0.15926094194567258,0.5850049945523175,-0.3187168249876477,-1.2586267572504177,0.5571224265803209,-0.35015982127650896,0.23061105461625087,-0.4016804322724531,0.09714551569081006,-0.1622701421153844,0.17217854517122877,0.129568470679028,0.1301377905082033,-0.013181485634674733,-0.23677926960581033,-0.31460005342059405,-0.08849464643757868,0.14780670359723586,-0.039107768954425345,-0.061003958623153276,-0.010545854625645798,0.006444571902945788,2.721067845274844e-14,-1.0796744894198507e-14,2.4259925410665437e-14,-6.9954462708878586e-15,9.204553024423637e-15,16.3888888888889
1.6670709524516756,8.03975165716631,-1.1871796956639458,4.532028341519647,0.8618646924534422,-1.580945706241618,1.5379578741937807,-1.3379315394024411,-1.761839767677433,-2.071536764613512,2.229639577093703,0.2505741807369844,0.440264480084032,1.8240437896102635,1.385687843320352,0.2518949943484778,1.7096260233733378,0.7525774770511536,-0.8607710140540469,-0.7432328872507249,1.0160473713548566,-0.1653586642575273,0.043808254347477066,-0.7420161880765147,-0.40973581071158766,0.02576270130046899,-0.2511158510498728,0.2684037611925169,-0.019890730465708432,0.18277439067786522,-0.09032769120115285,-0.10471596510688322,-0.2119884062885722,0.20718343820111618,-0.01603311886396764,0.03787145311015041,0.053312812213991555,-0.009526360219050883,-0.1066345099960087,0.009885805770324345,0.11386936054170131,0.013079870218647911,0.13070605632345791,-0.01938060634275776,0.006307623361903023,1.6503741325265665e-15,-9.734880279397413e-15,-7.639523781569276e-15,1.043684471359503e-14,-1.1417327515684963e-14,28.9666666666667
2.881347313228405,1.6283272440170167,-0.7716831952283201,2.0936147408866135,-0.550048802981951,0.6297007217107932,0.5427830645726606,-0.4262906188182114,1.8866874961266444,-0.45937363236653606,-1.2649240207604235,-1.5761580572796172,0.4575556913015499,-2.206517818164071,-0.5682768281346167,0.03780645170895181,-0.22662911503162456,-0.8097861284771939,0.14010550046741355,-0.7459630235885062,-0.19486178636837856,-0.22063402337740798,0.05132704575546116,0.40508422746859124,0.07173275363780708,-0.5582049187835,-0.1723669987849244,-0.0836762387128181,-0.10613163007206525,-0.3983205381380088,-0.17768663180402075,0.14434491146303985,-0.032514183419745726,0.2506660661976324,0.0892158722493666,0.00142686836049539,0.16851747495548947,0.037707299565838355,0.07988178400884077,-0.08589282685807374,0.05497840687059655,0.07055055663236318,0.036364690943211354,-0.0052010368302765455,0.018745397277324088,-3.1956610077321868e-15,-1.342216911338607e-14,2.1231842227456362e-17,1.3383072922565935e-14,-4.012794912239275e-15,15.2833333333333
-2.4025267328796915,7.851511961480969,-1.6139461828196071,1.7134576590737811,1.655884710072746,0.9439848464821685,-0.47094422940392366,-2.74769982074997,0.32436740575955003,1.3692571499473745,0.3930243442410529,-0.42092481084415545,-0.33516545424675276,0.5277037186539292,0.6055679173536833,-0.098001264776499,0.8998270202175707,-0.1905463021876246,0.11615739210586856,-0.27497659462412605,-0.12829703766711648,-0.21463515813072295,1.326823140326564,-0.5963580735615768,0.4132161966691478,-1.0291076338455067,0.25775967100091135,-0.11511532636063175,-0.25538327619228585,0.3244607367990423,-0.4536283644652496,0.07098523567453972,0.09440725691316335,-0.12214858570367393,-0.07644604392280203,0.09961873374220259,-0.22061671981825462,-0.022470196403937714,0.03383776269451622,0.0001300371107660088,-0.03875835154445246,0.01921985684805577,-0.16076524272820925,0.09730871446325509,0.002286586813900612,-4.638721825752066e-16,8.313253041175879e-15,-6.697721863198477e-16,2.2830577144654794e-15,5.271236914511217e-15,21.0
-4.322010976267231,7.0353695360088375,-2.6873767469805645,0.09893720184155681,0.5351017902013729,2.041631311941732,-1.3722952205077807,-3.3529193196560887,-0.04373207567250817,1.5459426900719293,0.11187976726955284,-0.655603584840627,1.9803510814405596,2.694698560815356,1.5687709971666433,-0.5348228995132353,-0.1238107472719735,0.3707185434739784,0.023203548079589565,1.6689338899149042,1.8467249844978932,-0.5043461153745092,0.3890418134281141,-0.827618385210012,0.8913243371061238,-1.1309967985138865,-0.36607179702553494,-0.10678247158294267,-0.4377516637408456,0.20999944492708514,0.04973931641819706,-0.03690061486018031,0.1488016445844657,-0.4510346425284234,-0.01235731557938336,0.26054564682722015,0.04299152705239369,-0.22802936092013779,0.24630611526610843,-0.03950367803319088,0.0005314583360641861,-0.08754884895668937,-0.12158208429501703,0.10803425833032333,0.04851914687447047,1.4402470002773958e-14,1.3495219808778028e-14,1.0016734569509799e-14,8.631588418902185e-15,2.4929136342819432e-14,15.3333333333333
4.341374482669214,1.1296579076046127,0.18336465529167748,1.7854928754579087,-1.9037360858357497,-0.14362345527507603,-1.3207181554800516,0.3747519066023437,0.8704164191497081,-0.9300584788835428,-1.962740198718127,-0.23650842407965444,0.9024800354343521,-1.525523870182231,0.008690842139235593,-0.5844931384192038,0.1664936851101057,0.42367716835117325,-0.315054523396298,-0.3244875536984982,-0.4664536351021336,0.47154761144819285,-0.1660541107439324,0.8792743267699163,0.3811950882939066,-0.6911965248148398,-0.12443852157325978,0.07599724036899934,-0.017248635462067546,-0.2835427500117739,0.20525547771425948,0.03260909217786712,0.0357276057944239,0.04174255164699228,-0.027872526790719734,0.09473730291354353,-0.1100441686998693,0.05982611373642348,-0.019852250895234787,-0.02806191872305642,0.02491564819621297,0.06872299051026265,-0.07085521516075345,-0.020404756960491988,0.028744818201873995,5.1515938099012006e-15,-1.635307422316777e-14,1.5436684442996852e-15,1.617766250716349e-14,8.407098297592688e-15,13.05
2.0348244028207003,3.15518080224546,-0.7002361957456388,1.1317930446003288,-0.527196184392457,-0.031432678018811666,1.8489948843079025,-0.9109614812253636,-0.04040285735475095,-0.9898327281302941,-1.2864240578475725,-1.3723429480861213,0.8470210804424436,-1.1263337891142142,-1.39494580253432,-0.9643153157598484,-0.99025890228294,-0.8500022091016881,0.10196414681936042,-0.33624110401311325,0.19077151297485337,0.2978944509467076,0.2120269903960085,-0.5134810600035421,0.1785839363851399,-0.24103501662377882,-0.06755575205676749,-0.14631229890646633,0.4130755521132902,-0.30465937084149797,0.056544594382180506,0.27820932322592157,-0.009879532291096367,0.01038703023031629,0.12188618915798934,-0.09663654101436119,-0.06125517846434088,0.013871373106687306,-0.1548596005452706,-0.035613628149442085,-0.036897765072811305,0.025767356243526916,0.08842460675673322,0.017087139979921416,0.005792302249130064,-6.252424921220004e-15,-2.280050265267736e-15,-6.83466460627832e-15,7.872880398009713e-15,-3.735742121974486e-15,14.3388888888889
0.08705761216846446,7.4890326558302345,-2.5635921112607103,4.572368693493068,1.1973822837121297,-0.5312947566058633,0.8489013595315359,-3.0938528162185555,0.6052823466526939,-0.24673362868537865,1.0577657787724373,-0.05792008179842275,-0.07032843393768567,0.15552173005953343,2.02909498567309,-0.018014313596372563,0.9267616919810954,0.6095541206049395,-1.982663444443042,-0.4643688476803112,-0.5099560550175869,0.6153862868142201,0.4923486643199469,1.5421580257558956,0.5536107963769048,-0.659890151532425,0.5005421848595343,-0.47566150608466967,-0.09170318142085832,-0.47621089904704655,0.04467871716397714,-0.5366327618206925,0.0042881671476445015,-0.08504698103609601,-0.03599589821408103,-0.014935762910571615,-0.1608130017654394,0.0035006648988893585,0.007497375740201628,0.01679280008673145,0.035351788269344354,0.020686411773461293,-0.08288224647573887,0.009410630164145395,-0.0018484538379756144,-1.2407482615481283e-14,2.8224928993772935e-14,-1.7030529326018832e-15,2.0173588791550033e-15,4.817674244171542e-15,21.1277777777778
2.1774417778029775,6.232996507447588,-1.761189411327226,2.341561930407271,-1.6480597770678138,-1.967885037439054,1.1029867470580927,-1.357630939328547,-0.3905521192915145,-1.6635204353199644,-1.2271275989589967,-0.008096249601703132,1.026586175780787,-0.771537456340209,-0.2287195564127631,-0.9193645000975091,-1.1432924984453303,-0.04040264444221493,-0.3184935049378759,-0.34688976813126915,0.015396738960557646,0.2756212994927501,-0.29406838917970934,-0.6044460467863855,-0.7937446348712517,-0.8287084324542074,0.9577805863236357,-0.3512045223716723,0.3193577156765382,-0.20179894007003893,0.48163674371510584,-0.5661687539507235,0.10236058543757807,-0.11669618479680935,-0.04936157634395726,0.09562443262773879,0.06665660667627846,0.16751679728421293,-0.046351982274177764,0.01026238641364449,0.05543888216859909,-0.025010518554302145,-0.05004682817823342,0.032299584518749425,0.027867984695654033,-6.272733078216648e-16,-2.0120778801816922e-14,-8.17887860330075e-15,1.732009527020904e-14,5.9931203407289404e-15,18.2888888888889
-3.708610550918002,7.887657913026922,-1.217155800216614,-0.3688449388181324,-0.012309827920555651,0.757292798035269,-0.47755993565626365,-2.344129438260589,-0.4308885277390299,0.9539261513356255,0.6045357552905188,-1.6144582932326699,1.8854402073154386,1.922000609743048,1.8594330674149102,0.2982556947932062,-1.879624414160211,-0.46314516598090405,0.4953169626854193,-0.32905051083585624,-0.3102346788605264,0.2635896589215044,1.7742755116373736,-0.5422673114500347,1.1710070112197184,-0.5264262288428635,-0.7872236625039983,0.10374108220709546,0.12123241509048467,0.06752769952136492,-0.6719135076047219,-0.2938611230324826,0.36419673022594024,0.04141291070235639,0.15270688970309737,0.1503634628634969,-0.06292615336299695,-0.2081916385585487,0.20442186380471336,0.09180436059510483,-0.08375132620031103,-0.03784240362837652,-0.06343248138033027,0.1350728834823413,-0.0047592405267192096,-6.2840541527572086e-15,1.1446543588356442e-14,-1.1674568462383511e-15,-5.946377436061168e-15,1.4504371457307204e-15,16.0
-2.395353809951491,7.92822261471679,-2.119439897973714,2.665810402591265,2.454776589187087,0.3436286237576589,-0.10281620308006689,-3.4142931644745818,0.6553218307289668,1.2201478537395767,0.7385685719506939,0.26257348443656037,0.08557352018849053,0.8657051462491694,0.20502396255691885,-0.05344017072090993,1.7890960681006047,0.7912047919927602,0.6187053707704698,0.9489476853615553,0.08036090055032458,-0.1699804230391267,0.3727478350754772,0.46599878723291344,0.6470528749361044,-0.9509317974685084,0.24144542503665986,-0.07743004267903572,-0.24751900258240986,0.23701847666450312,-0.38598290036480326,0.0023978677017739342,0.012219253438424242,-0.2904213418732349,-0.07157605221617568,-0.08796494811007703,-0.473312144319888,-0.18773964919293695,0.10399382141256845,0.07599387252786532,-0.09931556646567,-0.01581221635071163,-0.09383932050821657,0.030447556038990995,0.004113231831218958,3.1037299095526934e-15,3.608676702039324e-15,-7.958351739556015e-15,3.171452480024915e-15,1.3205056499501274e-14,38.6666666666667
-2.6347007850841826,7.350354865177062,-1.917859039915798,0.18475028590827755,1.094303576969139,0.7411344433562893,-1.8981136588207606,-2.149997182544423,-0.653484812322681,1.0324047086254655,0.30768986123291175,-0.4289678423360343,-0.3723931824538345,1.371636804544254,-0.3216670488482367,-0.5595777752046442,0.14183588420528911,-1.5809857098970777,-1.6253071563206032,1.0608761508068798,-0.47891176961128756,-0.12648930154739083,1.6704740831214733,-1.3668290851153417,0.365955276135909,-1.1687434797170368,-0.1376908130671924,-0.5109799605601539,0.22472149415999892,0.21281013748936892,-0.5759386222911728,-0.11028678504799191,0.09520297799912213,0.16215938007708383,0.06214261232277097,0.1630637058977906,-0.007201454000643416,-0.1617304898517549,0.22752726651693456,0.10717737230681021,0.01404791900820451,-0.01831717294132626,-0.09926248260583867,0.0457195380941009,0.029526477824433902,8.97315804506551e-15,7.35807832501921e-15,1.64660378991354e-14,2.5980655544413394e-15,1.832521093049843e-14,15.0
1.3704385440766385,7.606445156019021,-1.5931586448275294,5.679925662406873,1.202764503549498,-0.4862617534684072,2.5154704345795182,-2.139201550613566,-0.04422152427278371,-0.419583551408752,1.147597364173201,0.8587798634054941,0.3376944163787458,1.18818576055143,1.43714604916303,0.23566885816412536,0.5856801296697709,0.3895836470742398,-0.46596290456886397,-0.14846118717705142,-0.3587305622580852,-0.26780723887847663,0.04432596342881887,0.7308640661225614,0.21822363132993453,0.15648810892485196,-0.3665837749158668,0.4649196965902436,-0.23188763172634774,-0.44540171789301086,-0.3805609990776818,-0.6142062541225759,-0.03672339149138348,0.04874578138540718,0.018471345897869796,-0.1588758008852803,-0.23235403828593146,-0.1315820943819167,-0.14503003666455253,-0.02090883668733449,-0.049186775915395435,-0.009045336815319027,0.04010665975301323,0.01433889206788469,-0.02770054362788956,-9.008079990237478e-15,-2.788362618618119e-14,-2.3197843015388785e-14,5.934093756183056e-15,-1.5476710202963854e-14,28.9666666666667
2.449581150905418,4.0028120529226285,1.2812271619199522,0.3513580199986045,-1.4980198267107392,-0.4919517851308401,1.1979066288280433,-0.48142692740733073,0.20534283236636108,-1.874913973523765,-1.2309339802755415,-0.20101136256896443,0.5099555968575991,-1.0163565461602608,-0.529363165198082,-0.905575204404675,-0.7117971286368804,-1.2507549682179693,1.8839676064883286,1.087528453998411,-0.3559084010183863,-0.26567117508125354,-0.5664263158804166,-0.31129809515726475,0.1497332694980369,-0.03567970621628,-0.719766636164633,0.16394803433694374,-0.6314657424176496,-0.07438464423857796,-0.37816004008993775,0.18527374409721983,-0.004341027398010371,0.1379132906398541,0.062275443802956694,0.16511390379492363,-0.27517783757505104,-0.100478183872753,-0.17405665360982242,-0.04024050996590134,-0.11211566059631835,-0.09456338824271042,0.06117579984380038,-0.0038209190942882837,-0.018800925073407172,7.33194929372334e-15,4.055170304893165e-14,1.514304125491462e-14,-2.3587340857500882e-14,1.1148208246284597e-14,16.9222222222222
2.391770037585763,4.513077920505106,2.5207382374914102,-0.6407999110136459,-0.672730270366612,1.679056980380714,1.5295393628886886,0.36340262303222587,1.2248295026969471,-2.2567276906184794,-1.896818199750915,-0.38183994555402745,1.2783345906883614,-1.1543717713439043,-0.9559018593150854,-0.6699241725287968,0.8045679724887714,-0.38951864010991233,0.7800807670598089,1.000004326469987,-0.22153401317664714,-0.17793290733339537,0.3053729721699834,-0.00462682974574363,0.3440067838385665,-0.557213643088612,-0.24508018745312166,-0.005404956707631163,0.035483494875428616,0.029803738895306298,0.11231000233163849,-0.031745862828296785,0.06255184088037101,0.11220021097691363,0.0609114508998172,0.07768246323074317,-0.050558954494318825,-0.19847813957195193,-0.2615163873519905,0.023558869885769544,0.02709137513557965,-0.07690216082818845,-0.09539638127932297,0.007647046888726031,-0.02068658509487801,1.7103912665857154e-14,-9.587144753460095e-15,1.1754279324598702e-14,-1.2912573010208052e-14,1.37046472919155e-14,19.9944444444445
4.0544662619439205,1.9128440297160054,3.283620090973071,-0.1917995618177834,-0.9018439658578092,2.3409822929338286,-0.9069757397266288,0.4687254474981511,2.360703252723765,-1.4111641170383193,-0.7165961612839865,0.17427027322530453,-0.009927721320078424,-1.1032404080157532,1.821711182954833,0.679423120570201,1.6440293581495606,0.11552383879477406,0.2700697357823726,0.19138277211361596,0.565066116471133,-0.5813078819800316,1.0913573122019804,-0.21260877390951954,0.31760125377622683,-0.7375717144878181,-1.2642662013584953,0.3658288740039679,-0.09200537624739265,0.07334203530922688,-0.2311275901504592,-0.052197676597967056,-0.06717361292895364,0.16855811236853646,0.17486235596156763,0.13825585449994984,-0.062363711796146463,-0.15667490127331998,-0.18774669084137027,-0.08505987771525665,0.21008330363704172,0.061180997293054734,-0.09108970173778325,-0.05087385257192878,-0.003186577455164229,1.039310378742977e-14,5.00770706603955e-15,2.157021388799545e-14,-3.947818009828853e-15,-6.111194662311286e-15,14.0
3.2365724868491452,4.032164866428848,0.9705587095818241,2.3994457789419106,0.06563611458592514,0.49265116161311323,1.0273991409852563,-0.8237377324787346,2.07194650027867,-3.0164375209926693,-0.38915922611267384,0.7414855110614089,1.7329183224387676,-1.0720245681616452,-0.6027163869271057,0.28696773958373056,0.6203915350897317,0.6038237097913789,0.9539967356845535,0.25094168093795166,0.4795482602904339,-0.42070471124434294,0.017943493501253564,-0.07232002802352529,-0.42668623767783925,-0.3749723543372659,-0.060591531429672225,0.2538019618448292,0.4549838504864714,-0.17541311847252006,0.28001908433092,-0.2645912936486999,-0.08476318812243427,-0.11867276162931585,0.24933206921569032,0.10114660252392405,0.030886106840113583,-0.0751246985859231,-0.0896752088380148,-0.016650663917631463,0.12799893840985602,-0.013141830060761292,-0.057240579684272305,-0.022396066887732095,-0.02666758060812632,7.480571508880733e-16,1.9724729486761468e-15,4.062762776611585e-15,-4.764475186241519e-15,-7.845622718615403e-15,26.2888888888889
0.934473819292423,7.191797107535375,-1.7433675476128294,3.3170395763378338,0.2699520262866197,-1.012936590493251,2.2340765312730895,-2.3953323240213598,-1.8628242988721093,-0.8491591344720674,1.4173556059500045,0.5463902880050117,0.030415651636502894,1.8866355206960344,1.0702706691544879,-0.17172552860733864,0.6282690988273899,1.0282996776582842,-1.0404388643494302,-0.6785422559673161,0.3066120308186322,-0.3645256598430572,0.03207344275170243,-0.7413112628444849,-0.05899047482301405,-0.0717787563176179,-0.28962722365227267,0.2573642334058371,0.05811665229976982,0.09642727322095784,-0.2636769658491525,-0.10425491430661848,-0.03146997771617789,0.029486595202196084,-0.03177216543224984,-0.06135002656313835,0.07524240209969904,-0.035062976383709005,-0.057193031435904144,0.003524990532160936,0.051947861915907514,-0.02146735473938231,0.031014300000315527,-0.030572202015219256,0.03791239055891154,1.2173608712139795e-14,-7.065094376823497e-15,9.74638104178709e-15,5.602499334652798e-15,5.778002462207362e-15,21.5333333333333
1.3363862553722077,7.341857874555906,-1.842791078769828,4.417057385517615,0.4825010460263732,-1.2824746752776448,1.5974075990644216,-1.8970925104543734,-1.145883750840875,-0.5470916569680457,1.3334943580780019,0.2821769828165777,-0.10604219417550287,1.2067431286119743,1.2671613496557201,0.12311561827948253,0.3509885166972645,0.5798296698233977,-1.060688211051513,-0.13807383077199842,-0.3570282831081796,0.6427799633377379,0.3300809247783599,-0.05431578889186619,0.3493362706094869,-0.14455762905683053,-0.11947794939530079,-0.18576444401756392,-0.01741434216129318,0.11562256621613638,-0.23372982328701958,-0.058821273888291094,0.028039748424498794,0.062178554366827926,-0.0484109158352599,-0.0007469341070740502,0.011159331431710004,-0.024448449891220397,-0.006838278771105017,0.005513121153518408,0.02234539687389283,0.008432258307085267,-0.0018749981081086211,-0.00950948862082749,0.007857877322798783,2.4746617164989698e-15,1.7999480690624143e-15,3.0772027496891366e-15,9.494188534997492e-16,2.0839191043258623e-15,24.8555555555555
1.539094963631904,1.2275245085639785,-0.686524199097976,-0.2673879977946997,-0.8134899930242324,0.1759171186618483,-1.0416144256168847,0.29118591051231196,-0.002758531668041867,-1.1091446118183028,-1.4039416164160496,-1.0053284158373723,1.0690885855712102,-1.0587037889188116,-1.0956563445016128,-0.854918211140681,-0.3050712879120911,-0.34764822757223535,-0.6539935226743137,-0.992209699669574,-0.019205531474051823,0.44125338816553256,0.13132774529846752,0.2531291697094783,0.09129534760197171,-0.08742820018795737,-0.9448595147751454,0.29598621635092587,-0.07770270645607967,0.030937058093408156,-0.10551596121780853,0.4000283883396992,-0.11469424555238107,0.00031804993050578775,0.03116664600089561,-0.15590464113085264,-0.08496677538921088,0.07401936986177056,0.12765866848562765,-0.14223737356605096,-0.02122969570666288,0.1274102701219195,0.17880576325594036,0.054912842558483714,0.035433899783827195,-1.523278635561504e-14,-3.548616307354251e-14,-2.7503162804404584e-14,3.6238755019109394e-14,-2.3695385250348915e-14,11.9111111111111
1.7098290119514283,5.473441373478818,-1.2645522934928068,1.9949852701301836,-1.2650034929561536,-1.1746868395032546,1.240380816332477,-1.5591287766739825,-0.7990268043783693,-1.7034724210666754,-2.0063155136345263,0.6015771253495626,0.7119771909668049,-0.23358164364192774,-0.9620281818912685,0.025638718862768962,-0.875535368817506,-0.9677852158478708,0.08865886516509061,-0.20343188652763944,0.09520007387150993,0.1565699996164868,0.24012702077607007,-0.735232531556298,-0.9674723674695715,-0.42803334029694556,-0.15036975591259227,0.15265986019091363,0.0708398982542892,0.13342756971022507,0.1974245365021104,-0.28861801032632073,0.04862136520756216,0.045681016739396486,0.13451594986461526,-0.027933412381264656,-0.09551219385288309,-0.06093653903221765,0.018430123894293972,0.11847838933334613,0.06750745892237972,-0.04944419248200665,-0.026568116337029674,0.015967834320257227,0.006014679298957504,9.733110689513181e-16,7.254878429114301e-16,6.7569934612381964e-15,-4.191531371672014e-15,1.2945634497213799e-15,22.3888888888889
0.8273202102291863,8.478471258335615,-1.1330574427343458,5.708703484731059,3.190005093073554,-0.5656794694759345,1.9660201378633693,-1.4895773317952343,0.27895544963949925,-0.284230563168573,1.1021855142574366,0.16962848006981215,0.5699442414473487,0.7162155014800197,1.0131702849499171,0.13356604646759307,2.9983655653143515,0.5506797209701206,0.2891946919998522,1.1625062813499787,-0.6934333206736415,-0.614321755891204,-0.9030242216184712,1.796848982709433,0.21838502067723162,0.08853569475876888,-0.03646360360217798,0.9313519969265788,1.2310824566521947,-0.1285126986155602,-0.8142809251406791,0.20954511370695167,-0.17385135636214635,0.02521205945494704,0.17485341021355033,0.286236174911049,0.231329751831735,-0.19331848444519537,-0.15090535847315664,-0.01358741473350282,-0.13856097321513744,-0.13972669539737362,0.034820363596168684,0.04758056838125374,-0.022101701049791297,1.4833991200937166e-14,2.6811681166149545e-14,2.150316455340581e-14,-1.895346998891198e-14,2.6508109987155898e-14,28.6166666666667
5.7641806680262375,2.1484699799665377,1.7235614951078118,2.8812908119363008,-0.761472046672911,-0.2874854593593227,-1.2319633438795456,2.1352515932853637,0.9456713618055831,-1.4056732558915825,-1.8277773272159832,-0.2398234816374433,2.0998427421508423,-1.0135444829080122,-0.7677305324246214,-0.4878451941182977,1.549524719748322,0.710931534237385,0.6921662538444063,0.8261329085393566,-0.4472670066836443,1.408232930563312,-0.0577648154797254,1.7622663533536564,0.7251753715730608,-0.25327788237250964,-0.026488959111345294,-0.04052474657400774,-0.054214118466070015,0.06351351010583356,-0.14919994237963247,0.6413673752338325,-0.3619047547356067,0.3229436948889655,-0.07519605199917902,0.0893167591862663,0.07709329451364946,0.0703765221846471,-0.22211386928393748,-0.10509797672767547,0.010185303208921727,-0.05028357866045353,-0.06963024774760303,-0.012734943632951228,0.004012738974000691,2.817618192043341e-14,-1.8011454510779143e-15,2.4711291826718423e-14,-8.470019617255007e-15,2.4480760736056553e-14,13.7277777777778
4.560175784805554,1.2461635295297273,2.5544314886931585,1.1910796752623596,-0.06556607537667514,0.7238934123824097,-2.160459434735264,1.8095480084613826,0.8986092318412447,-2.1852171626199066,0.6345213291943108,0.8836631227303127,0.7299048167447252,0.31475383087017444,-0.038711255127342796,0.13594328639215372,0.8691142478302485,-0.2278390930952699,0.2642610845950007,1.2756932457417645,-0.18668805313777628,-0.24880625794065628,0.6913010716394417,-0.4754692455261679,0.09203553277764753,-0.542019317026331,-1.1987521905610075,0.09194835739281365,-0.01202405715729651,0.21285098960985993,-0.1885493354302648,0.03362423936717198,-0.056499734766458976,0.1943284145460526,-0.014409010151824126,0.12723095143755503,-0.05213369852859168,-0.12923593741401398,0.05339729676726839,-0.054735206597743884,0.14667820081316404,0.14751047314786916,-0.02773300609505913,-0.0392552954782136,0.010298641288391506,1.2717995116341159e-15,-2.9380274692449044e-14,-3.3854422581597524e-15,2.0971552763352904e-14,-1.7080274367752946e-14,17.6611111111111
0.45276904293764014,6.6242486154844125,1.8027695282502398,-1.570168950213926,-1.2111674388204623,-0.9456101847582609,1.3743600556340434,0.15301302022552266,1.313498540898288,-2.678393889789635,-0.6511398953076319,-0.5418201930108806,0.6423905509593507,-1.0857917401039086,-0.6557445195371255,-1.023939749214552,0.06020636330038371,-1.364637521763602,1.2119974659266446,0.7367548957384177,-0.17569269168107193,0.46308476974641755,-0.4722674796946635,-0.1699207328284249,0.06262704255097296,-0.02517660279962149,-0.976416984847861,-0.04099512564228479,-0.692362494341493,0.31162323577558015,-0.47339547557179434,-0.10673410150574505,0.04626672926282022,0.26528807853449043,-0.14382541478891347,0.038887041877602765,-0.19525857274658698,-0.02526645149542653,-0.20711287295348213,-0.16057855930736326,-0.09648492927733383,-0.03794697905049106,0.05256019010450062,0.03467247008861049,-0.017804757873201,-1.7623182755465801e-15,2.953091042468328e-14,5.695637976926257e-15,-1.4597214117151867e-14,-5.554740500671587e-15,19.9166666666667
0.37493218599575057,7.19783829483833,-2.067858315737301,3.2857758580355876,0.316493975462307,-0.9624594008324181,0.7223542687814464,-2.0453078470368986,-0.9153063056460472,-0.16790991267190378,1.1262853653594462,0.38835589730587766,0.17343969216638794,1.0387452494212233,1.1437939099667567,-0.5443220255998815,-0.32606342206506184,0.8266730131963959,-1.8324586782090373,-0.05165952891685708,-1.1167568205301437,0.5755389466572467,0.6840438309570281,-0.3781172128910795,0.7603271397805367,-0.28463415206790016,0.02750469597135484,-0.43458129756711056,0.19614213062837701,0.32569179324810105,-0.18517558167663498,0.1118354847558034,0.10276587652154051,-0.012295018569203103,-0.008686592556760209,0.10862390673270704,0.048198979760392335,0.01837232223951843,0.15081539210593312,0.0801944853679903,0.018281551018391656,-0.035130393214702106,-0.08052066889382334,-0.016673792093145942,0.026660687535112873,1.4880850637008103e-14,1.0357682320655873e-14,1.930833324189032e-14,-5.8421714226110805e-15,2.061726910352056e-14,22.4722222222222
2.2717379604348644,7.674014700508668,-2.722428323103213,8.040008933188577,1.284153776812886,-1.1744179096833662,2.229127838373756,-2.2655736621091638,-0.3893492351193508,-0.030601091828686977,0.6986297740644852,0.4621937714777656,0.6593834138047885,0.9679211124871518,2.0029918130077693,0.5422094280610992,1.426128689211182,1.2067273620858996,-0.8595216641231826,0.10662519460156848,-0.501869603394267,0.9394956173414158,-0.38614023029800093,1.505527066608047,0.5156504065863993,0.7043141281045148,-0.07586574617552823,0.08756276556342972,-0.2615482152579392,0.17749721704043656,-0.2872783433617723,0.31274035618631657,0.036288062123174473,-0.0500569222133756,-0.18685189893751705,-0.1793427222722372,-0.13389812864475456,-0.020684696675017024,-0.06429465459039675,-0.018944825770273028,-0.09071058996125364,-0.015505161808152108,0.004133959554028308,-0.0024155106462383307,-0.027430254810544022,-2.783771790928934e-15,8.098276723758248e-15,-3.3949185044239756e-15,-1.292493506622391e-14,-1.0835287421689751e-15,26.9388888888889
-4.515476337366,0.5538921501511532,-1.5373400767633227,0.006636927235097015,0.26376335733593553,1.7018625312886546,0.8811021355449897,0.7650260037120615,0.13924752560568568,-0.18977796228664318,-1.2562433402548678,1.1113254070470044,-0.3571210310332105,0.04813454932143821,0.2514654711101107,0.25700265641989495,-0.24952827550745013,0.3602449298906846,-0.42066728105612256,-0.43515654801719944,-1.1865369123756149,-0.1664180433612116,-0.3793415490775054,-0.4076343936867746,0.10859308514562273,0.24290590093428632,-0.09291446294199869,-0.3248787048528037,0.18395829364617686,0.05203773509421609,-0.06347041680553155,-0.21414327554884438,-0.08087408609197336,0.15335805537176506,0.19391117952836487,0.10312718975986436,-0.06599740559428646,0.1750339111159037,-0.021518923865014257,0.10903006019722278,-0.1142809236139222,-0.030214933362801417,0.051439274281865205,-0.029207261407901565,-0.007390470450389174,-3.65291936408243e-16,1.0437472901772813e-14,2.3949210702167376e-15,-8.065972890708092e-15,3.1996400520141765e-15,10.0
1.4562631162649897,-2.283301516784129,2.0961112152278067,0.23809340221632522,2.202496079519545,-1.8092983688314053,-1.8832537349783378,0.928838742676438,-0.9859967231856612,-1.5868695605392653,0.18723593605785596,0.6868689256350342,0.31312697192704364,-0.5039295085525236,1.090862268571639,-0.07622333501014528,1.123595413185589,-0.7391728698294766,0.17412880710455214,-0.007398914089491567,0.7834118424401015,-0.6753456426937163,-0.5831614350208706,-0.587758738710765,0.2639974199022689,-0.12183936950529872,0.7540394950096463,-0.3080169162788302,0.18054827118713232,-0.0781971687589113,-0.5022110853362401,0.34302787381636857,-0.01495747604759677,-0.17655618813077883,-0.10813191350052719,-0.2804665904728644,-0.0012982665216809907,-0.041648708202399305,0.042352099500565836,0.09033000636624117,0.2307464130389508,0.1843841001503753,0.011413627019413354,0.07323712875433129,0.04158318195449089,-2.0228409046736448e-14,-3.8754667690903577e-14,-2.4083529473090596e-14,4.258588287657502e-14,-2.4541374089398243e-14,12.6111111111111
0.4005995462785096,-3.1048477719673997,1.5590776725955515,-0.18274921634070998,0.6826852104980815,-0.6523929003335444,0.7957560307863256,0.12443414899508452,-1.389806616644646,-0.6336508773509876,-0.9509555523379941,0.7175102240496875,1.0727578721300843,0.8791094672711252,1.2321512107963433,0.11665930988001486,-0.67738411830929,-0.6869237428618479,-0.0574795597701009,-0.6056917262203237,0.10853107927192272,-0.14732147575796634,-0.8014233270710617,-0.01331784157720344,0.885793372591776,0.33873027294452374,0.16314016493394107,0.0851007916940987,0.09907672730713335,-0.18215803504543338,-0.17307367498988846,0.15270741200629862,0.17412503330412815,-0.26957703559040946,0.04588080392211116,0.046060238773510835,0.06526548121513234,0.25108643024662186,-0.05926294815315551,-0.15928261199042745,0.15416797810485794,-0.08349190562701707,-0.12177652668244905,0.021132393800113558,0.04600675738755964,2.169695479569648e-14,-5.2570047440333046e-15,2.85928537940503e-14,-2.278285838250089e-15,1.8429788380068455e-14,20.3333333333333
-4.788515482067001,0.6769620687508134,-1.724884223788346,0.4274353383793618,-0.5269843970174135,1.691209934860792,-0.34959476094073083,0.8167406086908533,-0.3641550590000309,-0.23331746068074646,-1.233305341027263,1.386108701008141,-0.17503818677517388,0.11249633469057674,0.6468064866488338,-0.8397901389408541,-0.5209064359867375,0.5658039940773705,0.021472989310809626,-0.050736336337071995,-0.49075696563852056,-0.7635824136768758,-0.7267027179460072,-0.12232708200597894,0.7637754896824356,0.28767447763253,-0.0699479266308755,0.05461675432225473,0.10402026107140386,-0.15611414272160742,0.08385285741938554,-0.09286661763174874,-0.20290418819145303,0.09668717105090224,-0.06800485255036225,-0.07790402775274857,0.05160802778135759,-0.001446291385325689,0.043950273518317325,-0.05922063592477629,0.05056574688053596,0.10638995576645037,-0.011086417244250768,0.02288427093205871,-0.027417777618898655,-1.9062864639366177e-14,-3.4034414076447845e-15,-1.6848990256554723e-14,1.0986438695842818e-14,-3.046253242612284e-14,46.55
-1.7611293636202776,-1.0106955352319684,-0.44372816560494144,0.6201045686113926,1.882893943293894,0.28988601215061094,1.0121481526112135,0.8908498307666914,-0.877874214933336,0.0017581984462148176,-0.9194033337743799,1.2322849321176084,-0.36574004036723645,-0.4314934817701643,-0.4481217456003457,0.6467138743857488,-0.24065435699809448,-0.23311917061821819,-0.49780930239304355,-0.858198698045627,0.3595049606102998,0.41236193865119836,0.080596809552161,-0.3838741493690044,0.05403255615714852,-0.0652836034535584,0.0839675240982513,-0.5965424732372644,0.3667803293440116,-0.24154683056251613,-0.2696818988880392,0.10943859454815315,-0.12151983997340501,0.26147032685947613,0.28318372875339576,-0.3348088426031793,-0.04586254688789384,0.1859681311670654,-0.0683707677908769,-0.09449403917591596,-0.052664791880631716,0.18143682170211245,0.045659773494453326,0.05594511382791776,-0.025414870843245556,-3.1809503183974076e-14,-1.9018281631548937e-14,-2.69807489133552e-14,1.8772345303219647e-14,-4.1556245515699145e-14,18.3333333333333
0.5140715854812398,-2.881600230940791,1.8026135819931963,-0.7637468755397023,1.268643571816694,-1.2752835261418187,0.5948018122386862,0.40820827718772246,0.4376607350981415,-0.9965081880306158,-0.17069402917376775,0.44682591043510145,0.15526885984340622,0.9913378953941541,0.5085955788475576,0.16849132005712494,0.36830011698722687,-1.272600320090056,0.26212854555314213,-0.16129880354078086,0.047734268830847824,0.4153126669037621,-0.31163802387335043,0.20663993753728638,0.5489279549443793,-0.00833058755638834,0.5920148277214726,-0.17612057176795545,-0.36705636931333346,0.09465639885562738,-0.24276454848883292,-0.14474291272566742,0.061555463901577075,-0.15904947115483958,0.012474741476054856,-0.05403186214455768,-0.013164028537498127,0.3208693898035508,-0.13030534232980914,0.06346683705145469,0.10738962041818186,0.018455727482886607,-0.08029275551628584,0.045799904407607256,0.020094494696097167,-2.451470963582846e-15,-6.535271656155758e-15,2.003805280029512e-15,5.845056802280926e-15,-1.5387772148130647e-15,24.8055555555556
-5.849049909426294,1.1256203999869987,-3.053849706728776,0.12609972416813559,0.3164035741946778,2.291067374664874,-0.9416393726099491,0.9012193610475935,1.1339728699299128,0.30761027451099293,-2.300589731991095,0.9601916946792562,-0.8170237985599805,1.4301615726189443,0.24873899504368807,-1.1044736679188132,-0.6591678679387363,0.9190710760337143,-0.16640072057961391,0.7149506269576428,1.1817203676539114,0.014909353457283805,-0.24024905622749684,-0.06503783242210764,0.37918160716302385,-0.4993984778926666,0.09577424918481219,0.11072252798023342,-0.05998685102273715,0.04269729259703407,-0.06625913174526175,-0.17349042129866038,-0.007363391186743895,0.21412499051160497,-0.13314432219073694,0.15265651952749548,-0.1257783243562793,0.12792090279240428,0.016264143444394395,0.16949559217728893,-0.08312650159194913,-0.07531670139909344,0.04355956419293121,0.013788039975872813,0.00409416418686153,8.609243322159323e-15,-1.14834967708797e-14,-7.204868697043148e-15,1.114350281673452e-16,1.3662996916739752e-14,31.2
-5.0212801435427075,0.46419896395083604,-2.025173399127138,-0.8277638900989196,0.14517941560539652,1.5597533084695714,-0.47798920548179463,0.6603064944660733,0.4401437607373951,0.6824712755342658,-1.019655137809643,0.3657154636879308,0.6537070246881423,0.7467354120382115,0.0979005644976191,0.48510575797036365,0.21726331075419805,-0.9548263632277765,-0.4664400463298828,0.20081393259546948,0.9104949974083854,0.5186611268001501,-0.4181263933308638,-0.1011007434476723,0.5018621583297046,-0.29311833760820033,0.0619097358509858,-0.5475340512752478,-0.10641449260349882,-0.0742724003109064,-0.06554392865718117,0.05405914900606636,-0.2632097664983774,0.14904358992244768,0.3028333982611186,-0.0760944039009846,0.02045438887594413,-0.05288459491817997,-0.11483499452177619,-0.15220030306269267,-0.08441041904583474,0.21223240475019092,0.09292133501064251,0.07434323627560109,-0.038273893084586494,-3.604599054198461e-14,-7.349317551141625e-15,-3.587764823271945e-14,2.542772367589959e-14,-4.072757342342276e-14,15.5277777777778
-4.09429741233193,0.7930511791931052,-2.3007408533201015,-1.1174584831796872,0.5766017656689606,1.4518471881693102,0.9615220740042021,0.5150525648894649,-0.012769730042269327,-0.0908825118132955,-0.8909975925430405,1.3803232308861133,-1.1370291268890045,-0.32174703510055425,-0.024093790074450363,0.34490489667158836,0.6344599070093518,-0.37453238057610755,-0.01408670217495695,-0.8650972791231394,-0.6623679567216061,0.7058707103090942,0.20942881205407426,-0.3508945458764196,-0.34101037809225104,0.07193093991613504,0.0986776279273616,-0.17132388255887745,0.17745890111127635,-0.15675753368097708,-0.05778299248221907,0.08838180825277005,0.07736766606130291,-0.035469577428672086,-0.2721117751747936,0.16554734470671986,0.009301619266914904,-0.19896858523140107,-0.13193136915576292,0.21331603187016984,-0.08944153984978587,-0.019544412477639835,0.05627375358739073,-0.04675420914594156,-0.039414379307656365,-8.155214302433265e-15,3.1619171906645386e-14,-1.692499737447578e-15,-1.6737426671033775e-14,5.310235647770079e-15,11.25
-4.255469972198823,0.40992966898309097,-1.2343381999855436,-1.368438092122443,1.2082452614820143,-1.2207944088685974,-0.7242592538229584,-0.11170870073594416,-0.45748778425685677,-1.0306695682277476,0.5299864264573491,0.231160407551618,2.0927816545173727,1.026068329909437,1.983444116245852,2.468422805551002,-1.2392889074297586,-0.9360540445433502,1.9012469524261597,-1.5255308611177123,0.18507220711649455,1.1992434589687782,-0.0772602694291283,0.04508290084951602,-0.33550210382915446,0.008857495135389644,-0.045690507904518375,-0.13737827412293435,0.27821875803047946,-0.14842363385370674,-0.07216020588150027,0.01596241178018691,0.11908349023393569,0.11316813304439535,-0.2501035654335309,-0.05512225216328974,0.12705627543445905,-0.4262194360809876,-0.0036670864260578196,-0.19860778401010834,0.13487747790721416,-0.005432558559740686,-0.08635764818232791,-0.08081059313934573,0.03860208704348999,2.3292007548115923e-14,-1.4765604949505265e-14,2.8058671096715822e-14,5.589655896547017e-16,2.0566300912170358e-14,27.7777777777778
-3.0031004399398507,-1.374975516355859,1.4132464491261394,-0.03869960549493303,-0.3850876829999975,-0.425341719137359,1.5009564458703704,0.2005986753614988,-1.236149078914516,-0.8483575438700159,-0.6022591764374523,1.121738153289127,-0.5282764960509586,-0.22402534960460743,0.5424880836662604,0.0631950988874747,-0.25223083746890523,-0.7009932782417786,1.5718850576804628,-1.9278326489634225,-0.18511841979210128,0.21628824816991576,1.0816618591897587,0.5779905890089615,0.5836230969352156,-0.08074133170924971,0.06784281434834995,0.09032858596292487,-0.05500973791650229,0.5620433052743243,0.2989742150082218,-0.21957778592073057,0.0764885159782395,0.06368495092454828,0.4273071141796946,-0.060634637133308716,0.28091581756702566,0.09421672787951502,-0.10638243141435685,0.17907230593792847,0.0021519775999187946,0.05917433011159604,0.09421149020109197,0.004759534010183203,-0.06493454799982007,-2.4909006656130227e-14,3.7787787224349956e-14,-7.2321376177813e-15,-2.369348000550099e-14,-2.7986167658186382e-14,43.8888888888889
-2.7290698955306483,-1.7495807913290418,1.3919621509509488,0.5021625631559083,0.02350599568260507,0.689611343367402,0.6284726262755768,-0.2562396785200355,-0.32497811843709173,-1.027934261641294,-0.535909677115651,0.9894316071431235,-0.27581453066567757,0.18691613602592266,0.1719878779626413,0.29531683808012604,0.653303124417786,-0.30792137200599423,0.5612545551117335,-0.5520806944940732,-1.151988831888963,-0.9231520925944102,-0.3804335210572596,-0.20589023222587005,0.6717956505769869,0.5332148717644964,0.3152079056761237,0.21501288180314534,-0.01780632729023245,0.4084839544492129,0.3377732255574982,-0.300767834027314,-0.14537308343067537,-0.10082543447306547,0.5556988517301626,0.004429901875569249,-0.00236546532782388,-0.006869321149109594,0.17875146483461418,0.09596097951264293,-0.08995576256019835,0.015239163073987263,0.06601042815002373,-0.09514313746388477,0.02574588356242451,8.958725545643353e-15,-8.707780825084655e-15,5.811842002234589e-15,2.7643252977310595e-15,9.752333018041168e-15,13.6277777777778
-5.519562867319843,0.41696010538728806,-2.4255631976827914,0.4926599231504453,0.142832377441364,2.4175139290072956,-0.2729504970408064,0.4002751921440475,0.22536014651212105,-0.2842086694777727,-0.1865934244421915,1.0358228830691791,-0.16170397468199876,0.11734220015355541,-0.027767830305438394,-0.045957267249983516,-0.05656808029868545,0.9091422025800554,1.5435252009957963,-0.1285088236020317,0.5273764533443944,0.05227132511977059,0.10480997044323141,-0.06642032076063259,0.4137265656470703,-0.15270986472302442,0.09844158664886625,-0.07648040653153139,-0.07149216507336226,-0.08161690422551164,0.031289386476897114,-0.11782977502983114,-0.047062894902770824,0.05006475098755831,-0.014855926224365415,0.08825343659719187,-0.044157163156029244,0.1692733892680315,0.03837610273730238,0.15487925864549987,-0.043947808998899336,0.0636843028866351,0.09686842457997721,0.08391857144646922,-0.030065819908953927,-2.7194126647616913e-14,4.8984455381889794e-15,-3.3415823066081167e-14,1.1078871352857625e-14,-2.59885719541763e-14,18.2777777777778
-4.932136322504893,0.4966092860203564,-1.5029213181874366,-0.5808231374433315,0.19478171417174553,1.5798191316620263,0.5933961070927608,0.16892956325310599,0.9764337055915159,-0.055489862100114876,-1.2848298964746119,0.5532157326568253,-0.28798716763098786,0.5381126508494198,0.7595150918939948,0.8240820100616305,0.15609153926029196,0.1763602325156584,0.780918734579741,-0.3078215530931629,-0.9085997640132738,-0.08544166715856834,-0.567706253029109,-0.3614029850901669,0.5181412396946039,0.36096426595582787,-0.23397731556910237,-0.2566066920390969,0.2292354323686359,-0.15681569150025276,0.2666226416746759,0.12711198914103336,-0.1089666109356313,0.09054074520452939,0.1215585070109005,-0.038330215228793645,0.06393295450394419,-0.005366520636293252,-0.014458285766923413,-0.08877793187551296,-0.07789841169637836,0.038450859814773475,-0.0006953989973408795,0.09580912431532454,-0.006850656202911043,-1.3137634982409362e-14,-4.350346080808457e-15,-9.825883025653875e-15,9.901412493745253e-15,-1.3589393644605312e-14,11.1166666666667
0.4793146359476916,-2.269098101625602,2.2915801058221237,-0.1304328239724743,4.218272567216539,-4.263771037878888,-0.7112232963113697,0.5069001677493324,1.9722893597300886,-0.03090874252353528,0.40671050300886386,2.3434492368862982,0.5771142224713067,0.5204167187719815,-0.3514268330529307,-1.0462867615513143,0.5465468561030618,-1.243673630245376,0.6971745721683416,-0.5305399237344476,0.23677260998884808,-1.200852207105788,-0.6890417320256392,-0.029164526041650693,0.21414557068912965,0.20898712135591058,0.6143182903382728,0.16093427213255906,-0.5489465162967793,-0.12281228189014962,-0.42123996950130677,0.2355241657776084,0.19595510578856473,0.2642013198600947,0.12323382171335265,0.035175174009472183,0.1773028614392715,0.12685337144763248,0.09755104004539047,0.12329638055747823,0.10833916457256919,-0.08101096566492824,0.06747047861945915,0.08117645394704322,0.011479002606988111,3.701885097833942e-15,-4.7264145394620996e-15,5.298411248371425e-15,-5.011337329469005e-15,5.194362497601641e-15,25.0
-4.681923645166331,0.5570131821010371,-1.8116718778326033,0.5026939379951798,-0.07312955272518268,1.9575454610444107,0.3651766590901183,0.7223306241499702,-0.207961514496174,-0.4850683813467253,-0.9373775749276546,1.2488666027966189,0.003966668251758952,0.08310589933004484,0.6191328506830374,-0.4813892705353699,-0.098481907222495,0.9196895862923876,0.3111616393944188,-0.6101579005358861,-0.698771500574007,-0.9154341045196664,-0.621165041479393,-0.13659849430455331,0.615315323743495,0.5771156029846081,-0.05281475222730096,0.01955922363840417,0.07720905525351887,-0.20572770252952957,0.30338016177837945,0.08442475469488381,-0.13321186880476138,0.014176356216650084,0.03619671565038111,-0.12647313939866373,0.07714406608746723,-0.024671669879132652,0.020110785995161633,-0.16257693312496885,-0.038781460643306544,0.08633606206954267,0.0541620174549172,0.017931490092944598,0.018436204959267982,-4.780078922777624e-15,-4.2036805507092214e-14,-1.9226147133785218e-14,2.6937842062097534e-14,-1.4739423608120567e-14,37.9333333333333
2.048370978622219,-2.9405155757730292,0.45794141245695397,3.0124530551436797,-0.2002379825859859,-0.22413701147571072,0.0011239488852295267,0.3205018999603556,-0.11969220586818627,-0.30522236945297626,-0.270159124925114,0.9428290922947643,-0.7217428625543774,-0.12254297373745208,0.6999127084350255,0.7727026597351765,0.05023951969860811,-0.6327159546044895,0.7746045241035181,0.22479033930721562,-0.4778150712843782,0.26254954953673276,-0.8132470812408095,-0.13115157341068975,0.5153489811349052,-0.2769491459058967,0.8999223562722481,-0.6762176360692747,-0.0366172516223741,-0.5140031632982102,-0.36854684384986036,-0.1320758159627507,0.32015433751190714,-0.3729651350794983,-0.012414560155197272,-0.1552840684440754,-0.03160520806458346,-0.007266021102755243,0.24751208957969142,-0.014206963439120474,0.19817256714451825,0.2159905257677761,0.023387281808963288,0.13991351105632824,0.002727271381053793,-5.5079105106263604e-14,4.772001159227523e-15,-3.756779099169806e-14,3.6597458846645276e-14,-4.530800821819891e-14,16.5111111111111
-3.787300217413611,0.4175892469313628,-0.9413557470549783,0.1920831400872776,1.246879655427316,1.1725070683071053,-0.35783629673920647,1.5003129348911088,-0.1795743855910801,-0.9893915767573758,-0.3455622543271952,0.9174760247765427,-0.309241754427135,-0.24583285387400705,-0.15816510840539783,0.00015481333618807077,0.08172945273886713,-0.32640729321012396,-0.1888039711262899,-0.3902885819901418,-0.530307036850954,-0.3315405894828285,-0.15152514649338272,-0.273522664962847,0.14596774928193562,-0.1134264970613571,0.17032136773036255,-0.46519995850462886,-0.14302202360926597,0.11384992277951143,-0.17077578311207675,-0.06654777931718783,-0.03234421972076742,0.11294420812659482,0.0915955916600929,-0.09033450150198868,-0.160866729231139,0.1753604791368749,0.024883685259537797,-0.09495890431572071,-0.028812803612591517,0.054525698468727284,-0.04747180156555828,-0.0012122832936031266,0.029520792605984027,3.2279896303005535e-15,-1.6975610981932045e-14,1.607852696017897e-15,1.2222349665861552e-14,3.026160393907044e-16,20.1055555555555
-1.2820821124112567,-2.0978999002054755,0.8034809315255458,-1.0023949419445264,8.822906193743837,-7.802164856675946,-1.1500059474632578,1.8856492809350869,8.50401415137478,-4.252758521215492,-7.401200417454111,-5.62995531336429,-9.394913611207132,9.730628739374616,-0.10922306933377582,-0.894807221023884,-1.5818381191150912,2.5821320441795876,0.590241187853693,0.049581967721831946,-0.04035959153610748,0.34005423859143485,0.23340777748120053,-0.09044559660388672,-0.2407049549487385,-0.057952793394891296,0.011291290574165684,-0.24196054586938553,-0.018488258831719295,0.20560282895644616,-0.031921791855648585,0.08640059689647137,0.024101808844246658,-0.07062286851621485,0.25038688524515296,0.026056870256477016,0.012891564898857535,-0.07525642625381396,-0.05252728302505627,-0.0889649608128444,0.0269765671348742,0.026866362107063987,0.0068749145399650425,0.004874888838163633,0.010174554378511919,3.4537334070145097e-15,-1.0643702622325024e-14,5.885259253746819e-15,-4.235309543197524e-15,6.691278389429543e-15,15.3333333333333
-4.826453853129698,0.8899132127073051,-1.7897220706115509,-0.5518996784990007,0.08071635379304073,1.0678165223276972,-0.19431676915178278,0.21879334837577635,0.14834630302165605,-0.44107233134683893,-0.354791327208195,0.9665761211862566,-0.13232604254655622,0.12942300673508253,0.4338378768814237,0.9105926494864414,0.3448965594429975,-0.19734008427719302,0.8696929331778598,-0.4262426672911098,-0.47160523549366895,0.5169287354494955,-0.13897813965251196,-0.4446032097205246,0.16129481100192744,-0.1302511493878702,0.005634017021677647,-0.14660162051125958,0.14065627517313717,0.04691146664232046,0.01778076439799953,-0.06970681608340235,-0.024152225179686307,0.18250566163658177,0.12647883410918778,0.27199754313841673,-0.20636815634611946,0.14747849266562213,-0.08872208501787063,0.09321627711067464,-0.07890191684417883,-0.10415169056804363,-0.013336603504461813,-0.043186657634027535,0.016112945435805836,1.8885881254857784e-14,3.373887487552811e-14,2.713955815001197e-14,-1.823541833031407e-14,2.9670494838095305e-14,30.0
1.6414016858825968,-4.159673731659939,1.3363743524657836,1.0987680644655373,0.5034769271560995,0.8549130402512751,0.8447139740672476,-0.7103296750249791,-0.5895600836593854,-0.3501493628242704,-0.5544778285023444,1.1185600231255992,-0.33316581015057484,0.42124049316504475,0.0407597542820546,0.5160057742039295,0.34945523579427573,-0.004736724760391976,0.8731524768600444,-0.15427389176283796,-0.16627546060543544,0.6915934243914247,-0.44715388333195344,-0.32274426180043847,0.4783048204554518,-0.18178110031068465,0.8131513917538544,-0.5269489236461529,0.09699351528714963,-0.3284910062728225,-0.6938397276442423,0.5056451620407103,0.49514009939919823,-0.31102313502004725,-0.008101856258934448,0.001638242538749751,0.08747252695717761,0.0546566084177693,0.27383034632165754,0.04388574512739279,0.11591999215044022,0.17732900264752355,-0.0026609260359268787,0.11991906185636358,0.00585143469888561,-3.5702690891925075e-14,-1.2874214890820628e-14,-2.6067361659803957e-14,2.7274626008090716e-14,-2.7446579231195577e-14,12.9444444444444
-5.6681822026576105,1.0688183745783715,-2.017317532264339,-0.2175920621826294,0.08514664006002585,1.3987086828648674,-0.46487564003889587,1.1939267794759834,0.46492889205133986,0.36638508227733224,-1.2549004697871313,0.8485572176560228,0.03501899692437025,0.2898378499355362,0.5545887017100953,-0.13632842466141196,-0.16727081745773925,-0.12968531539099373,-0.14718723465781638,0.8022941957569939,-0.11254619073331681,0.02536371858084483,-0.6349349946248272,0.0374598926978326,0.1908632560015498,0.15885886907305768,-0.06665795298447187,-0.3950861597420773,-0.10584212360405619,0.21629982533309663,0.1731706800262245,-0.1982642776673657,-0.11924990530208852,0.0921592308455376,-0.008601946047070083,0.26997768859593085,0.04964871083741062,-0.06855309109718667,-0.05420043164170224,0.03805113347580359,-0.049680162241719554,-0.17263536833714813,0.08110682497732588,-0.15756899659464874,0.07502788619980919,4.7724235781236014e-14,6.254587444776809e-15,4.0138989768902723e-14,-8.783058705947632e-15,6.039058447288406e-14,23.0833333333333
-3.999880444432686,1.3173203540843488,-2.313186765566451,-0.6988183150029037,-0.047253149525205235,0.04169448232063501,-0.885180439893679,1.0383642259608563,0.14185927274482923,-0.8420794158723435,0.21749725241322487,1.7051722088032033,-1.1105607756113864,0.02916204168953999,0.029217340949147307,-0.07867873230355882,-0.3243300134623976,-1.0058597156001363,-0.020639976461456565,-0.33850621803116693,-0.5699941616289588,0.5032794764418983,-0.0962153274067936,-0.32121740649805425,-0.1238227965777501,0.19548059080462166,0.1817441602114486,-0.12733604922327296,0.08283764178131371,-0.21630862720587862,-0.1362869802461209,0.006628207107997678,-0.002006646163806306,-0.04898890116093254,-0.33810492106382734,0.09322239794602286,-0.011356446039529853,-0.3645848213357127,-0.14420164206776415,0.08430374841732081,-0.026707646282829976,-0.024508113390552436,-0.04428434316401191,-0.08363492727669858,-0.03590391305923375,3.650765421029746e-15,2.5571793572605534e-14,1.0846465087043341e-14,-1.9267096762824982e-14,1.0755174929130157e-14,20.3
-2.5957949253078376,-1.4463164664726913,1.2743381217777425,1.1659218669269766,0.11700039519928647,-0.5418460820829669,0.21776561620618637,0.47990828663502816,-0.53582769711467,-0.9161877602279145,-0.6181324657091394,1.2761947851332156,-0.522063747878217,-0.055809538812798126,0.040373567674272255,0.10319335249949935,0.5194031436017239,-1.2558030679994352,0.47276497990690486,-0.09904843120219625,-0.6901608913047642,-0.016744764174342522,0.15654320200891844,0.36311770419293893,0.7832184887690309,0.2270839192307012,0.03632308463471636,-0.08417530807463863,-0.01744275393941276,0.5240105783232775,0.4855242716305994,-0.38323863090330607,-0.03587438114100464,0.03381397821135923,0.34057066099765493,-0.130877807762776,0.1513222441267994,-0.01871178368978959,0.08768589867560454,0.21107528277320617,-0.01221188239579993,0.014040477397907238,0.10243322414983586,-0.04094754252161745,-0.011278731372245422,-6.9431133158929104e-15,-2.7527469229436954e-15,-6.676472804523024e-15,-3.668244073812293e-15,-6.9364420510098224e-15,15.3055555555556
-3.8068617469124257,0.9947846298814202,-2.4774527281431484,-0.568062045006949,0.028687841981192026,1.1590469770181544,0.5517996146527094,0.6357412017169539,-0.11029120666955056,-0.8089306899305736,-0.7173952006758182,1.4373585204506385,-1.281280818479795,0.1601360429115557,0.5884610214054278,-0.4302432782786786,0.19062115736452515,0.32819682636008224,0.007048718490196879,-0.7703953189539997,-0.7074690957830714,0.00555176491131691,-0.6329500452914195,-0.16528287392338536,-0.21488574865170465,0.6239073690299949,0.06253181249009968,0.13340399654623383,0.1196906075591196,-0.41355812598396613,-0.04227092937760649,0.14685845823674956,0.12200450810808876,-0.20082804189204806,-0.428561376272172,-0.00934975288808182,0.04861480291477131,-0.413350097490948,-0.10832225646932087,-0.11104636980557338,-0.02865443721083007,-0.09778746272663588,-0.05433558044686905,-0.18246999605826328,-0.04954776324023918,1.5417272082266594e-14,3.577028317278056e-14,2.7283855035823147e-14,-4.021164717073211e-14,1.5756982871365085e-14,10.0
-4.703686459985048,0.6869842123686266,-1.8433957722947654,0.2761453695271942,0.06618377505535902,2.38276436616188,0.7205415620154763,0.7882434240281879,0.4145693259430817,0.26350370027478526,-1.550283062990963,1.0283048224319529,-0.18539439510108116,-0.3436079603948687,0.9128262474291712,-0.281860570524134,-0.14476156576113164,0.5433839282923189,-0.5065232218249769,-0.7463174595511323,-0.5830932062265127,-0.6178956673022157,-0.33201646695037756,-0.44480122072705575,-0.002221869025400502,0.28991187946543046,0.018793273000996008,-0.03867868304412888,0.08338018058084183,0.1606330146058467,-0.14424733036279933,-0.09580417677933267,-0.06565024337930594,0.05502429105562582,0.042035821104981025,0.1820295172689499,-0.09145876978831688,0.19406938809137234,-0.10395768126623212,0.07670769875040523,-0.10622920543452272,-0.0705775244382805,0.02166550323218579,-0.015035473032561447,-0.028169798895885632,1.7898172401106745e-15,2.3405850415103033e-14,4.343735045586062e-15,-1.912375007305435e-14,3.645766930401648e-15,11.2777777777778
-4.991860636868944,1.2298790739680223,-2.0716611990856295,0.6919139854239662,-0.36492947778029705,1.2177532418210937,-0.9918850906000785,0.5084586223522275,-0.30934772827190565,-0.4225932394962519,-0.6630762596505484,1.4276435913413152,-0.1578604640495603,-0.00558968405004726,0.5501722453179506,-0.3657388245141441,0.01846045014867344,1.0903419099605542,0.8240164728560695,-0.4769730368215196,-0.13102308572031643,-0.1597601902952376,-0.10499830047881732,-0.4139389436852916,0.3008838138827002,0.03848080446076726,0.15591275939471008,0.03418504007031789,0.021101995872789638,0.05511059170307995,-0.059441496655182634,-0.08592314868750715,-0.18517462719236844,0.21635967630064545,0.12325463870455608,0.11934445566538936,-0.15012981338352308,0.1565123511380851,0.0356224998901459,0.16272616199024845,0.028214656345255686,-0.05614337600321652,0.08421458591637576,-0.03177234385668512,-0.012323199417318208,4.592753838051534e-15,4.492284942036442e-15,-1.4795715641638597e-15,-7.125372826413933e-15,4.464270269424064e-16,18.1055555555555
-1.2952255441836003,-1.62800413692253,-0.906315613083283,3.5336633223134526,2.8302009340713288,0.21642439437439479,-0.07837675297996091,0.8697785894252905,0.6939710852056992,-0.22868844571426666,-0.5805118524516748,0.671998472416148,-0.00797995898204973,-0.8466813198050824,-0.11860241644621353,1.3858591400974258,0.18331247088051178,-0.3018901405868701,-0.4157249412057739,0.7139335143740885,-0.2886522476319173,1.2205567025110857,-0.29925484827328425,0.7180374175484823,0.7355406690179812,-0.09757357418046937,0.39357164662095834,-0.8842369471896769,0.27576078308167035,-0.13598883456391508,0.14580018697542835,-0.14912468097603565,-0.028276456304804472,0.10018733691213767,0.09317274827091832,-0.1846122796965904,-0.15959446389500234,0.2442457838403209,0.0805035371950836,-0.04499270573796042,-0.12367435941359481,0.017844001469897525,-0.029608555220920197,-0.08237826018084335,0.005037975934021103,2.587738417670788e-15,-6.0597771382570676e-15,2.2056780225287046e-15,-4.828034809901343e-16,8.669746917403585e-15,22.5
-5.676375830290361,0.363710775178906,-2.3499934317604603,0.18272732711962802,0.7667921571436718,2.2761897326975875,-0.57341481802441,0.2939447391687036,0.7575929362056688,0.8104483070245584,-1.0745132538439766,1.8924419242440365,0.4283089539836187,0.6137015658064162,0.045646700480500374,-1.179155101620459,0.30561901618162063,0.23778883570386128,0.5377577454864634,0.17689123744961258,2.069477732337866,0.18413233772592252,-0.26884620515270813,0.37131365031019514,0.007439230445677755,-0.28106851738094835,0.06784642869396694,-0.018757571037312903,-0.2575382637655358,-0.11614399145636782,-0.03562919118801481,0.10045324876383137,-0.06666033169668707,-0.08998496054549816,-0.002529291667848426,0.02427808635504008,-0.053864359237483395,-0.06220674863341797,0.12328510694059286,-0.16456859188806705,-0.00484203375982199,0.12459116201628742,0.004435569828494489,-0.004507306713034158,-0.010453189694072784,-1.308402190169744e-14,-7.269029812994101e-15,-1.7149438864808787e-14,1.6350302079793622e-14,-1.7896585240820766e-14,18.3277777777778
-5.013358243890523,0.6637242299205088,-1.9349720169965041,0.6978254520546365,0.49784149790929666,1.7690673413479077,-0.17670456688459485,1.0705298415183995,-0.3625159364601123,-0.5205641231041984,-0.6206660852888654,1.0011692601535562,0.17816575539936813,-0.24561152452080182,0.37140505111639455,-0.29546821542904855,-0.9160804500706694,1.2232592704413567,0.7228309746075214,-0.7120523459543602,-0.6635294683980184,-0.610880354451209,-0.1050298304324694,-0.26326014373431117,0.7814069510609064,0.0551075833621238,0.08834699731962752,0.045608062166530225,-0.013613709169410458,-0.026406090993974222,0.02008461015137875,-0.16788646902339413,-0.148811838521346,-0.011584104553809534,-0.053182829724899655,0.08660130152530555,0.08041891357128624,0.19216550688833944,0.04829208836105411,0.0764207598718546,-0.03901337220956524,0.0022632054548018267,-0.043149277172537776,0.08207938476656619,-0.0027261460489008526,-8.043028354643225e-15,7.288376022474941e-15,-9.070156741828609e-15,4.9125685033938385e-15,-9.184362566661992e-15,20.3166666666667
-5.3738035944262945,0.618168185149241,-2.4665656706916317,0.3119196415242758,0.9669307282377027,1.6003865507392485,-0.8451492518014992,0.7290925744811205,-0.24354572884273076,-0.5382609997036464,-0.41503448338692445,0.8590422826727395,0.6853685526605217,0.6008590763185852,0.5418210908886018,-0.3372282556687324,0.11980453861628444,-0.0961760145311108,0.46705395187878707,-0.6794841367819277,1.1447093364077368,-0.06488882794837916,0.008915517978143021,0.3739597618002871,-0.1689160160858632,0.07428292995009751,0.14233692074061072,0.1343906684906838,-0.06568345205169698,0.019174217294027306,0.03802005629296337,0.09399280380957471,0.19566613168566108,0.08401343499671576,-0.05310506261004541,-0.15520881664436575,-0.07061187085865138,0.08116176846170031,-0.05540975810331999,-0.08207895189257909,0.06826738238601954,0.14700410315852275,-0.0794304642646111,0.018892093860602432,-0.00963013414473986,-1.4435813215922425e-14,-1.879474434147303e-14,-1.0576898435173185e-14,1.1038461334340941e-14,-2.3434880558655345e-14,25.2333333333333
-4.3593820727831805,-0.37613681608217514,-1.2290351392494272,0.031107329604836635,1.8344185648246518,1.7192200096658294,0.23192503909782808,0.012382998559651,0.2155433980263201,-0.4806543673961523,-0.6686936727069428,0.8951638353657786,0.21248734339576397,0.26316264201222184,-0.28452857015950095,0.8018779459057486,0.9152352749601419,-0.5271208091776911,-0.3980328980349978,-0.4819631758371852,-0.4186331822172992,-0.052776169475404984,-0.505907191366819,-0.5270077607182521,-0.23168650726871332,-0.19683439616479312,0.06834984452636626,-0.08643576047792947,0.34491239695517073,0.24647912307506664,-0.23674352032358936,-0.13301680233000313,0.03315849336774412,-0.03662631563043934,-0.0964065166956162,0.08368260588096468,-0.3076394283718659,0.20877830743478937,0.12845958820890838,0.008951190947755351,-0.21096518311165358,-0.053020638167383026,-0.06302740129310413,-0.13018297545317617,0.015682694079156442,1.907018109938139e-14,9.048585783651582e-15,1.7940588679059938e-14,-1.275006311595535e-14,2.5143633478938076e-14,10.7722222222222
-3.675300352010308,-0.021036074870136194,-0.5835746240112047,-0.39591903632178044,4.391570778260699,-0.33804851423793425,-0.1851027935654762,0.697357477762972,-0.591983749757974,0.30289602653062325,-1.3170811680131458,1.4916026591853184,0.4271769269275253,-1.3606765828401646,0.21983737302907147,0.06390380663274554,0.7346658924638009,0.9488258973080387,0.39665813534726135,-0.6886766052258773,-0.4067401630794718,-0.23015246337423464,-0.3437444115714924,-0.6693924706347166,-0.07872668374221269,-0.13801297953030084,0.058275251702413135,-0.04219810726273059,0.15016683439702608,-0.011364555054000587,-0.07682965894551208,-0.10527681507018637,-0.007578739179002913,0.05437105857238505,0.003998752283593607,-0.02942958440865628,-0.08775153533145476,0.20398605557851912,0.041532435204965835,-0.11182537594518926,-0.063716826049798,0.04147396146503224,-0.08881111379409083,-0.06857222625722031,0.009755675166805103,6.376873496588192e-15,-7.518308544233412e-15,7.465565500159712e-15,8.322405136334582e-16,-2.2375112209154065e-15,12.0555555555555
-4.714098591475606,0.2927924070558046,-1.5185831621670218,-0.7376234236964748,0.42322676378433993,0.6660383772048392,-0.7658893412215115,0.2527554477073052,0.39936986332452845,0.7149695938055468,-0.9224340350901363,0.5426944856520889,0.38123564853340575,0.2501112598764556,0.3438950414057021,-0.20145702881736105,1.3425390141001468,-0.34802153995746027,-0.0012744437041782724,-0.05581751465654264,0.16992426428814644,0.10440147820817665,-0.6328953630631832,-0.29615042191677104,0.2901969431971607,0.23634727860547391,0.14721970979928786,-0.2097633895716395,-0.19127811703078537,-0.0065023647992497,0.04026097254780512,0.024096671168680764,-0.20443860012798276,0.18171205615609884,0.26616085535403244,-0.07688795692922919,-0.08773768431752187,0.12380734882762914,-0.012791902148014197,0.04891426724806746,-0.1416657932159545,-0.0009101101150499707,0.03373380474231246,0.01403931449145957,0.07461710897294722,1.791164011365652e-14,-5.14485810193423e-14,-8.438089772854073e-16,2.8444557629487807e-14,2.1911864064207226e-14,15.5555555555556
-4.979807132422703,-0.23583283911069955,-2.0678885615343,-0.03083775051900835,0.92880159546253,1.8550209570346003,0.6028674982163401,-0.3035892219236759,0.5225029876445634,0.3010215723205481,-0.27765951888223894,0.5935056981036239,0.4676817071730698,0.48247035553215056,-0.15566276944343863,0.5267535721531251,1.1110320757836958,0.45388684913002797,0.7173078987270348,-0.49315244545062226,1.2001781647484928,0.38932896541373363,-0.43776259355272074,0.02571826938550195,0.09310872080205816,0.034060225915714885,0.10065306769962143,-0.1467800922928856,-0.027386516292887044,-0.11533861367126153,-0.027936931103218363,0.05986484731597914,-0.05949714223630213,0.05412275640548594,0.1781463261720704,-0.10190003395303782,0.033552878846827706,0.17445307036282168,-0.046233606624911855,-0.014213190222246458,-0.18200485480167833,-0.015013859204023549,0.061323229406421015,-0.04822296666869422,0.05665048018762434,1.4500452646537122e-14,-1.3627820833350947e-14,8.762516676032093e-15,9.7325471645679e-15,2.1106798404634012e-14,14.1777777777778
-1.5800994524305274,-2.59550924718531,0.9711644156377022,-2.4882570802507042,8.423940326096597,-4.261275193688379,-1.2140516008795126,0.46621473704094807,0.27798007797584995,1.2273102397767695,-3.360042313626413,-0.4590097823102216,0.2848860225719674,-0.164251786148182,0.3130899931382704,-0.46294870069514066,0.9832854014259222,-0.5500216223872199,-0.07462858631595203,-0.2774869166649257,0.3405212587367651,0.5598822777824145,0.6948810878637359,-0.22355047535807188,0.5042373159347636,-0.3318225163537868,0.1549647068272971,0.7701989134602198,-0.3551027803928827,0.375137515066808,-0.38343177451464694,-0.35673033990823644,0.1072016475493964,-0.1312924789613688,-0.38568749674517516,0.11619589506305138,0.11752468638196989,0.39001695023236704,-0.3463973800777066,0.39687138729428345,-0.12750628477255127,-0.06794369129375616,-0.1469688790046478,-0.06978366360096237,-0.015335313036660135,1.1130591640562095e-14,3.330134733143609e-14,1.9765046591933007e-14,-3.311879009753514e-14,1.7206874002669797e-14,17.7777777777778
-4.5170217118099325,0.22927913699776623,-2.0095420060563023,0.8805479942774027,1.2938117353157468,1.8906403289858051,0.628804646173013,1.1081034469713555,-0.4493737882439847,-0.26925212444465224,-0.6832505589541392,1.320510426869167,0.04321971624740438,0.16067373141831529,-0.17788006591763905,0.25584062576034033,-0.635004719249332,0.45153572107997914,0.26771058319931074,-0.30761224376360513,0.9218541028438783,-0.12024233379312602,-0.0643184481146174,0.0325722912208033,-0.22431070122101124,-0.26878462611803017,0.1713474677672756,-0.21101897109038573,-0.020700247117769664,0.1184745055504802,-0.0592562067389443,-0.07234716505071544,0.004643599966834158,0.20939570811517716,-0.034375424911812204,-0.10940907051124257,-0.1712658284599735,0.10694062680404241,-0.03352469298283429,0.09226862002371902,-0.031445855647484276,0.07741815141226847,0.06095496854037118,0.018440137552496138,-0.04033398714576807,-2.1690964714226097e-14,3.2311306821090236e-15,-2.406550237688998e-14,3.1071494841717985e-16,-2.512744109339686e-14,19.0055555555556
-4.478527853858255,-0.9155952337210965,-0.23313594551971298,0.509868360705347,2.456223315453661,0.6555947311012733,-1.1261200568598662,1.0822604603623933,-0.6161049436522461,-1.3980200269363605,-0.94028510395717,0.5708652049158147,0.7954897536616041,0.06990516280509443,0.11775746967893905,-0.6053133902158482,0.6574034521664277,-1.2163530706381167,-1.5052183176340244,0.029693242381134324,0.5616414667288663,-0.5992243128246104,0.285019212654631,0.33282762693103685,0.570610997483841,0.5143543671157668,-0.4070497462659679,0.10773703031304205,-0.06761193821403623,0.3400259608084524,0.33342846914095914,-0.22008975059962932,-0.011052748564907684,0.06246987836250302,0.20170464564053497,-0.06267477771335259,0.3395936089580251,0.04082427737868578,0.10531442737599811,0.18298412029505964,-0.016694260512428383,0.09360997964937433,0.029313489489662493,-0.005636164793452679,-0.020414955077069787,-1.66717548873989e-14,-3.540831468823423e-16,-9.255943411596544e-15,1.1109867753601059e-15,-2.0851124561079023e-14,16.9444444444444
-5.566844761896505,0.38503333350603175,-2.3858938160312406,0.6114486249875395,1.0361505823018338,2.249079425052322,-0.17283624348531187,1.0024290259345234,0.18799218048178087,-0.1283396421410039,-0.7567458119184428,0.8963382809283992,0.07156840184769961,0.08594360882802343,-0.3668787121059957,0.40839391357952226,-0.47551265184074465,-0.01281216723007762,-0.4607686336612802,0.7647510792485633,0.020605027425034235,-0.033814051592897486,-0.2677977777187373,-0.03578909779592667,0.24330177792731358,0.04595359895234561,-0.16069390538432418,-0.45694876877769536,0.14227575242617255,0.18348601317756955,-0.08181851140461839,-0.1349266419100288,0.03136137015429655,0.1381097473610656,0.1072892143533872,0.14514437299713093,0.043791629337601425,0.1469219125943291,-0.05456209134844133,0.12165759615071012,-0.05582274085481087,-0.06902323819701657,0.03176832235974802,-0.03198846337366695,0.02248636831030539,1.3967984358326114e-14,8.47580061547978e-15,1.5533434570921077e-14,-7.422689809673767e-15,2.1231359047981372e-14,10.1944444444444
-3.6018957243985614,-1.4674781461490065,0.9531676896254662,0.3547415953657862,-0.4581911670976493,-0.04946440119310016,0.7482639796421674,-0.38305410715905863,-0.6416570042279521,0.2507876406079906,-1.7293899550420957,1.7079475196547085,-0.602769143661823,0.10409109141774996,0.4904010362393699,-0.6578124396927527,0.38687095155633644,-0.9741295154036079,0.69409897560665,-0.14878720785960606,0.881508621946443,-0.47840832241934295,0.050907111148261956,0.653277189478811,0.8501597758472677,-0.3229712534331363,-0.07368297514696123,0.33159311868899805,-0.013521292702422525,0.700708241064279,0.3506586471598402,-0.2456736230630094,-0.1369967451375141,-0.034410857019181916,0.0020235088447478613,-0.08005641587681389,0.23522706413313627,-0.00786671786339104,0.04042196731080145,0.2693346308513748,0.008283505443380265,-0.08971519582627209,0.07603245363580348,-0.05380747783098588,0.0012741518748847038,7.403164455436415e-15,3.7346789495651225e-14,1.488771034228893e-14,-2.0887262453325123e-14,1.2963462210885366e-14,14.7166666666667
-0.8832347647710235,-3.6060187540831232,2.7912701227674224,-1.9463779752404424,6.864098268078717,-2.5705585988344177,0.3915486192879683,0.4398680010125907,-0.21568285942754792,-0.32557328866663454,-1.7812270408274007,-0.5326023618998647,1.1347363679887799,0.16209406142820618,0.12720012160520416,1.4697465835842536,-0.2778647339382559,-1.5895927620673151,-0.7811866871798007,0.290071012309631,0.6085050477987997,0.32432097430346907,-0.1494378138201586,0.2845669039706999,0.6619012170703354,0.18960195482781952,-0.3804406833498072,-0.1531800752633736,-0.00023552894905960286,-0.1257874914415479,-0.08755636315794697,-0.23499981537746206,0.33378096322012424,0.04753930197547784,0.005006458165218153,0.01932853085146759,0.11395074588959032,0.017983842975048465,0.1855610256700656,0.10485621491785135,0.007790721406550884,-0.09824992515927347,0.0029253508752318655,0.003116091553322862,-0.07724211736319228,-1.627273589693074e-14,5.920581234399574e-14,7.517798090770553e-15,-4.3084805682233616e-14,-1.1902250554462246e-14,12.5083333333334
-4.039856376599307,0.8774566731540762,-2.4961986849057944,-1.316722194912679,-0.38280690123639627,0.737890537596961,0.11116924160629763,0.36467461847004,0.46868571428365197,-0.32236348779825286,-0.37907073717217327,1.4336480704091763,-1.430268068393759,0.09568042729141775,0.5060535658692811,0.07671357791358929,0.30161050645656096,-0.858983841489376,0.24986513243184408,-0.2997514437607698,-0.3220819904184318,0.8543282532915875,-0.16390714653025434,-0.20214449740322302,-0.4027168618554091,0.34175732541733134,0.02280618468610152,-0.13988474523233993,0.18317628071896808,-0.3373328479138229,-0.0799598081662701,0.1742743775675615,0.14463645335737646,-0.05259604755966579,-0.3543403045057044,0.01664472522449169,0.022922466550498455,-0.4143595788006425,-0.08952759084011731,0.07374873727667257,-0.052792829047818075,0.010611474974498783,0.0077096286899508565,-0.08599781434375878,-0.031379762324549795,-4.150975484765068e-15,1.978762718158714e-14,5.421497246498981e-15,-1.4456539588107108e-14,6.075597519862902e-15,12.2444444444445
0.446566818212609,-3.585445441064429,3.46648715316879,-1.590828829467654,2.69688926228395,-1.2025593232615601,-0.8401167476135123,-0.1920705859950704,-0.17497644734491213,-0.5771850996413801,-0.05093966992937151,1.2843946135704833,-0.3145021107089613,-1.18596664773837,-0.06520080104284211,-0.9349011634883331,2.120659700800714,-0.5407072692755689,1.5301550721277521,0.9237345452879371,0.6120223250850374,0.14269290346306587,0.0920906212055503,0.008630273823163984,0.9445485071255785,-0.21469460550481118,0.16718472304267404,-0.1785225890594141,0.7519891486006183,-0.3973206983488471,-0.5460636556218192,0.010640047824085142,-0.2038990549611525,-0.8609223345147761,0.3138729803857043,0.012016884550429475,0.13553831022108162,-0.27776667031742414,0.1274998142571781,0.007137096526179427,0.19432633872820773,0.008253476357518006,-0.023421322351056574,-0.1757456921336262,0.010056155009687678,1.116594328964335e-14,1.517326254000125e-14,2.1190749576484555e-14,-2.0483876661890037e-15,9.69989117038651e-15,22.7777777777778
-4.086475004536179,0.9185571798831929,-1.1322958091485922,-0.8301909907007957,-0.21034531112625962,-0.09390793373690759,0.14570861886285305,0.4475339487206495,0.8620559892178943,-0.8034025674076379,0.19891170162075653,1.5359433869122432,-0.7381481599541189,0.14223034250990377,0.3056966926748888,0.20181983683096796,0.021746735360502187,-0.4420260991351011,0.7603310925428847,-0.9275763460106415,-1.2424180518562082,0.43878425141318794,-0.18467104622092356,-0.3856026508457291,0.1095366607712076,0.4461613892176327,-0.12456633034563468,-0.2044028327618626,0.23883772672085915,-0.16635653940166215,-0.08073798182240022,0.01872715850690511,0.051028096558437666,-0.011082927371174733,-0.09264391339584277,-0.08475556333818908,-0.015735166475135197,-0.3310916716080656,0.008029486117994844,-0.0024749929447499307,0.09067042348475142,0.04114792611837942,-0.033504877383991265,-0.013185203815379408,0.007132798860647234,-1.2282915793128156e-15,-1.0546980769076036e-14,3.995719461043873e-15,5.847412181446447e-15,-2.5032007585217756e-15,16.1111111111111
-4.322166205833332,-0.18676951047951618,-1.3538109970124508,0.7245055913709337,2.8381368185655895,1.6884172777492297,-0.5415652346916697,1.0746501864924338,-0.10033891123975604,-1.1317672125971123,-0.14103499747294326,0.6747538867411348,0.3678544822618027,-0.04960642391305965,-0.6812138871026066,0.6748889009530592,0.7206426726551797,-0.5559266402839413,-0.47409727551176795,-0.21613494299547362,0.38760918069050404,0.11067933680184303,0.08318792406175654,-0.4152577141299564,-0.2095505433023962,-0.12533811398853728,-0.06363229052028258,-0.3656193347934903,-0.11645854702363749,0.1913274074999304,-0.21461794891742078,-0.21128265013218034,-0.10682885229145907,-0.06662001958849938,0.04906095081763639,0.045264966881731,-0.14793414985515552,0.23022272137766314,0.04950747869764643,-0.06608082666038084,-0.11259911050285083,0.0003677641195335832,-0.06886705648580041,-0.05497777080570382,0.034112770216105405,1.3517128139295523e-14,-6.104108061450201e-15,1.067609975524473e-14,4.7127452399990904e-15,1.3569578455742243e-14,24.0
-5.720062492899111,0.8198235114315306,-2.4122892988851175,0.3131966153435963,0.5772828042895226,2.539052109308962,-0.027033673487455074,1.1826521452992464,0.3165445587931597,0.3465321320583552,-1.2087440595613512,0.9848633002944078,0.28918963276993215,0.32589955709230495,0.13426793234014725,-0.3217304942657287,-0.3194846061158596,0.3823704891946908,-0.15304376469428613,0.06234478038698356,0.6470760001630826,0.005915109041236653,-0.05471174713308067,0.1608316793880368,-0.05177515192449352,-0.0826586338737109,0.16506338226469064,-0.3124349285996984,-0.2938618482543549,0.18064665610889177,-0.006162473189026432,-0.16582502691717016,-0.06818923271232272,0.0006162405998482454,-0.02039555656071905,0.22702790487004096,0.040286781383875134,0.0444322905418765,-0.09763789824413983,0.02988864628568271,-0.04948890922841732,-0.10967478238998311,0.06599937299264726,-0.05223635575993978,0.027867875184508874,1.7234068799647747e-14,4.1630791780545293e-14,2.3523359071210592e-14,-1.4884300792862353e-14,3.033646513368956e-14,10.9555555555556
-0.2737989040525296,-2.873633419802009,1.4670011744314613,-0.3707825676205134,-0.13983746147834017,-1.2299093380149677,0.7363897469916982,-0.26157391137728836,-1.9319429422880465,-1.0638366423098875,0.1060669772285167,0.7947576119729588,-0.3914659322194669,0.46846922608759023,0.5940751828362839,0.29941259808059384,-1.0367236208947879,-1.1370184641803551,0.671498621605276,-1.0170921057431703,0.7173832196000357,0.3568936724822434,-0.2569307284772662,0.6009812994265814,0.5505306068666974,0.34005015129053134,0.48882594739634305,0.16562978135011247,-0.17994574971289495,-0.23366343985014226,-0.1466636792845737,0.04831184812665242,0.08323219597508826,-0.11427702529886573,0.04049784021274009,0.042969334016893804,-0.014288928499210738,0.19495636873069722,0.10163207666431709,-0.011902002259558862,0.29233103016836226,0.06680360996648528,-0.002674388360480604,0.023987430817053925,0.0589247493586637,2.4761572579365648e-15,-2.9159736869299445e-14,6.913215014620734e-16,2.719352831503444e-14,-1.8371067900837089e-16,21.0277777777778
-5.0012359289736,0.9838528265693205,-2.1443196467972196,0.9976635903715143,2.201856980617101,0.9579635643239355,-0.5151558001647932,0.5985818971290832,-0.0312657141209945,-2.0675867983778624,-0.36131067014227175,0.9924315151049192,-0.35156546333150956,0.7111085026259193,0.19685342833718797,-0.2700913722492588,0.9764390062905215,0.7633010211546267,-0.39314696162791374,-1.0420998422733312,1.004620931536176,-0.7235793293572516,-0.5120663397184129,0.1736236068813451,-0.43961910010748323,0.8495298400442911,-0.3125907114917299,-0.10958286672047463,-0.10421628115840474,-0.24517094250323568,0.10577509255200213,0.19412483525412394,-0.12147195114154043,-0.06367782667761682,-0.031257230764145036,-0.1418476230817434,0.06651366377247117,-0.07891168112503641,-0.05671511522058853,-0.4110020038152956,0.17143922512690984,0.1295421900702743,-0.0669750399760139,0.018147102834764606,0.0009629819823604445,-2.563471528958434e-15,-5.388012341532998e-14,-1.2794452091479736e-14,2.6579774677747898e-14,-2.911322536542332e-14,27.2722222222222
-5.614049327680917,0.6177638922037761,-2.624436340809966,0.5137552444187196,0.1598183676850603,2.5709846313371227,0.022405274747886415,0.9705964032608498,-0.07976628950321536,0.41236374781810947,-1.3272720656958523,1.2600937485674486,0.3769531662424585,0.4446855672800908,0.37272902830871957,-0.6687401429563381,-1.0523751996703186,0.9554106669311218,0.32399797974101285,0.019623643693973725,1.1930953810663145,-0.18470018410052633,0.03886261973367738,0.27529682220991764,0.1862223774300391,-0.3729527832770345,0.1488423552500286,-0.07681074213778238,-0.24404646617074588,0.0599140783471129,-0.12039627007275115,-0.1427650022311217,-0.086318118829009,0.13469182901967444,0.16199957252088096,0.055373432085707365,-0.037415712808325605,0.16590847249659488,0.03936274187314034,0.14230697440565174,-0.0469314669223103,-0.0024617090193907133,0.07706056016740054,0.03565167276211347,0.022581436956544503,-1.6737312703843404e-15,-2.189045247662944e-15,-8.163817228945276e-15,8.754893421136823e-15,3.772272147800419e-15,8.77777777777778
-5.161500014314826,0.6822115659030106,-1.9307821619312004,0.7912201900245056,0.4078600817679595,1.986066121372006,-0.7997175311106831,1.347875092131957,-0.44427677452748343,-0.5124147560662271,-1.1115177855164184,1.1260389560663895,0.1939871447322062,0.38020419324713667,0.03487397627814622,-0.43237573949808056,-0.9346255949627756,-0.21979464255618508,-0.9019475886265436,0.06002580568296644,0.38365448190847257,-0.620168833414773,-0.3413199987212405,0.028319568024347472,0.5833522052025454,-0.09871404998639446,-0.027261110457182068,-0.16007057706163455,-0.024580982755713514,-0.027476175139902474,-0.022879500885735586,-0.06726850139172234,-0.27860371331205697,0.09678604703140457,0.04546810723533364,-0.040307266447462714,-0.06006897412183117,0.008209052808050574,0.07668390378086397,-0.010535863404933515,-0.009342736341707944,0.1052843574525092,0.03732246360280412,0.08943301380291958,-0.022674261556659112,-2.4368682711651288e-14,-3.1191145109429084e-15,-2.8052425223572016e-14,1.8619739396797667e-14,-2.860552109342128e-14,27.3083333333333
-3.6492844409556984,1.0450936813526652,-2.6836988694467654,-0.7202769564625092,0.8357968124137454,1.180172576363848,0.6868622667388896,1.2038646810894387,-0.41495077253935364,-1.1134554732984194,0.19011086135328945,1.1150802451681996,-0.9763383492099041,-0.3380009374252002,0.17097094274866464,0.12242550843683386,0.2829127234213513,-0.352968878409834,0.02077785221210247,-1.592363139225316,-0.9172385912205667,0.47155590468183645,0.0806838914159297,-0.19397328365294023,-0.712299928878601,0.5261991015967589,0.2949146962311742,-0.08203565838460358,-0.09099717605569703,-0.30280825176619425,-0.22165087201792485,0.19393673354944055,-0.02943546894559068,-0.28657221074858535,-0.45086266939788044,0.04289106481829918,0.07956365384158864,-0.15665535114107815,-0.23037015340201056,-0.06395177657362308,-0.026354475733096978,-0.060550141579607634,-0.1208757766530564,-0.05133107737114862,0.014837768544962184,1.633431997345464e-14,1.6374981520271788e-14,2.5038499379451217e-14,-1.2226273383770794e-14,2.414808549895335e-14,10.0
-6.037968947297718,0.8958707378866879,-2.2259332323320375,-0.5400082412521234,-0.16973054542926788,1.3311045605110896,-0.5413924725516931,0.05294022878412299,0.5327624390358253,0.5918147121751347,-0.9613873853776663,1.1111152834308422,-0.12889609877211575,0.39002016073776696,0.35965329435203325,0.29393137548263526,0.9036073297737538,-0.540626446288873,0.4989846453778414,1.0352003367738818,0.5509491213738114,0.34733258846834064,-0.7858965127631201,-0.08411593932020969,-0.09595741777735885,-0.16056529282805093,-0.17042728689476236,-0.26714061085974566,-0.0851793870399157,0.26317764672465843,-0.03293731234215751,-0.15622246685127406,-0.142016981422346,0.20277193032314125,0.10055564648412091,-0.008955253655712401,-0.05996684789501978,0.09147642361373998,-0.0058218217400978255,0.16259885903673327,-0.012039412599781458,-0.010523612924397567,-0.011146335150283692,-0.051952601009270176,0.03430121095608776,1.3011516700700344e-14,-1.1624303150748033e-14,1.2268890954913425e-14,4.025995452925712e-15,1.5273018752342698e-14,21.6666666666667
-4.581687372604311,0.8085425364685956,-1.7803192557269565,-0.6416197864803376,-0.5769793363973351,1.0586565705796722,-0.2318262734652573,0.7671525889490061,-0.23462018964476983,0.2270102622325731,-1.0590242212796803,1.5525204004571378,-0.6520365359292923,0.14905586536377705,0.3368254486760396,-0.6255774130087581,-0.24430763090641086,-0.838325968083522,0.04045300543939126,-0.53369955433648,0.3412522649934336,0.8238087118070702,0.23166265942134381,0.12463909899489639,-0.11318153811108232,-0.26436160541706527,0.02650894784089649,-0.12567794529666262,0.2679205720382196,-0.03455340666030223,-0.20316148624126415,-0.019868394332466566,0.14726868926377548,-0.04810230688570719,-0.07722752947290089,0.024251475059743642,-0.0015344983759395623,-0.2834674588450724,0.07437667925913216,0.06612229974440613,0.12907801797867788,0.01152989818843641,-0.07285526892955048,0.06175820800115184,0.02771268131704686,4.7668615246169355e-15,-3.48280077114662e-14,-5.021366477807581e-16,1.7517891510358976e-14,8.454032351037404e-15,17.2222222222222
-4.488543751449565,1.3394078333655595,-1.7036097041583882,-0.7456752312993491,0.5104005853626434,0.7466187478341173,1.3492184447980788,0.7705929328540486,0.16832696457881002,-0.7906918108538952,-0.41294796859417593,1.031813702566708,0.4610671513433693,0.4188511947781455,1.0430724673106455,0.9404121833544884,0.3084875031243167,-0.14198772145917185,-0.13927096930129218,-1.6445586562457695,-0.7925622750337895,-0.022594337197182825,-0.5209163689855162,-0.14413244535613415,-0.46276305172139337,0.8334451329961263,-0.033476920665733066,-0.13498579668727761,0.13566687810212388,-0.1269799339861027,0.3752012742330794,0.21642746743986427,-0.063570347454115,0.12392953002429985,-0.19384554349388305,0.1909082936538047,0.07998271569730443,-0.0243930842376742,-0.31280948931891756,-0.16134114965818974,-0.021751106164095663,-0.11480227501240757,0.07519598758161966,-0.07310329422882264,0.04444957214144066,3.501927894443539e-14,-2.3592711475521057e-14,2.0490832162447234e-14,1.0169823667480956e-15,3.524797663733205e-14,25.1166666666667
1.3621604480507865,-3.317008932235775,2.6203013447668613,-0.2691845056966645,-0.34021907229021076,-0.1761592354108828,0.8742780776937448,0.2792298290170752,-0.9117023453884444,-1.5026683796846263,0.049087274081025374,1.2008961860440908,-0.4785391108100722,0.18504864085802958,0.7042328349066432,-0.5404022566534097,0.2512776799921495,-0.6307020463028551,0.4826346382417094,-0.4167020435548746,0.9088002722457331,0.1780601069501508,-0.1784940381413212,0.06840306521667308,0.6776820436281787,-0.15649287457120062,0.4736759833840684,-0.23872793134932216,-0.08341892860842921,-0.19546444056373652,-0.32794352223067885,0.24352675662569276,0.29064112760747096,-0.08141028081706478,0.2666880070266396,0.013643617008173537,0.006278926203055519,0.3559854464701507,-0.03794604728338025,-0.013442888122824759,0.16006132625560474,-0.07693015366936796,-0.0692436824769709,0.03372908661500739,0.020303111680274894,1.161891386695474e-14,4.627172956223045e-15,2.258800458409913e-14,-1.0804473688228409e-14,1.1836742286142522e-14,20.1166666666667
-6.533318196275952,1.1249866313761963,-3.125346817572141,0.3449257418008437,0.6831506573717684,2.542002179971951,-0.08249467091710279,1.4130319083467353,0.07988974301572419,0.521238558746102,-0.9145533607938748,1.215707788764881,-0.353378480145796,0.20483408042804843,-0.349737462465338,-0.4401098290181074,-0.5086221425514437,-0.25909448399411794,0.04507145268284205,0.41508949488407526,1.6225668540606282,0.4659528203116066,-0.11316112920075684,0.47357404212129117,-0.13080526285600624,-0.4853730985570947,0.229100834179323,0.06630803828389077,0.16425999658234294,0.31049417902814996,0.14642616340405343,-0.16252647090631572,0.186366599357815,0.0794917144518894,-0.3512196565811994,0.26301481788030395,0.12336246256902543,0.015431437677530916,-0.3153572790647035,-0.04437554345645151,0.060779208679996206,-0.06403294525383178,-0.06847275018796654,0.02195148660078412,-0.038963136819979254,9.252042241380909e-15,4.410653681072947e-15,3.485423356580001e-15,-1.541462270639954e-14,6.984214735199715e-15,10.0666666666667
-0.11617069274961567,-2.855645910596916,2.354634964972571,-0.698309460998188,2.450723054639211,-1.517094977924055,-0.29805681471171386,1.4076038732261442,-1.453951040718484,-2.1818784215769105,0.653208709988512,-0.28560689190173566,1.2473981874629463,0.16447750086378768,0.8249184276919407,0.6663129491823087,-0.7697809178293755,-1.5996270680422795,0.34816201539754604,-0.6336883882214773,0.5605345202799421,-0.10500733720625216,0.16054164446916278,0.4690809480105974,0.7460422880233444,-0.11455445352389276,0.28383234950503466,-0.3562186956451721,-0.33604557187366113,-0.013900012196819174,-0.17497759978214547,-0.003343147088685662,0.32631221399526394,-0.09557200582327423,0.027451919006685612,-0.022125938580437564,-0.05145572359067345,0.21466380443608743,-0.07944475411823074,0.043564021568116965,0.15147605122057878,0.009723535645585302,0.0001312024728307498,0.03186309626600057,0.006415867498622271,-2.9781028067643512e-15,-6.170215302163011e-15,-3.047368626885218e-15,8.955294183597015e-16,-3.1169415463761026e-15,18.3055555555555
-4.149027895217222,0.7899813233535091,-2.0131107736307676,-0.1381848447226849,0.11573758075057458,0.3174474087461507,-0.44305118117869524,0.2753104213673593,-0.8368950313419782,-1.4872879206881233,0.05381072536371955,1.092523795467612,0.4043909236183964,0.7054548941296781,1.1338203938722677,0.4774968219136111,-0.312314356845867,-0.37317828934067715,0.32928740182361854,-1.3249688678099012,0.4645940747039446,0.22921185132516586,-0.1589611370043355,0.17886394261675892,-0.3823984627923024,0.29332305535617015,0.018460927093638647,0.15057934002377937,0.09982713406331671,-0.19954078678780102,-0.15029220644073055,0.065822263783707,0.041466732932218406,-0.04113103203491438,-0.17359088623236332,-0.1477872986197997,0.08075356594043992,-0.3153007985198851,-0.012931654765963812,-0.02104829435701406,0.09721108759928297,-0.0044433902490325005,-0.026602143327814843,0.014789006647418378,0.01680284307129649,2.5867945479134337e-15,-9.09595891744353e-15,6.71601014487074e-15,4.1484621110301174e-15,2.787890590139965e-15,13.6111111111111
-3.026075414710158,1.299622704696314,-1.070243104433111,-0.6480931868777059,-0.6519891486292703,-0.5586310346393143,-0.1267803236565551,1.4692891053403707,-1.3787085691835474,-1.3466760320858477,-0.5595165929741419,1.622549841654594,-1.3730087649244922,-0.4056048743979467,0.6743579783754448,-0.2777010553233308,-0.6714854263089174,-1.2307865014740509,-0.8097002784134306,-1.332094792545645,-1.167610627628822,0.3945117117059408,0.02434275160376346,-0.13891407758694135,-0.03679788212642437,0.36352354876355397,-0.04003023118307414,-0.1713815475979785,0.1469177682166907,-0.2284005338464019,-0.10636995888286233,0.0741687240548076,-0.096322076748484,0.003358604761488783,-0.16091719138749028,-0.0014627270574571428,0.06896516389329957,-0.39690840033878216,-0.06732359891917897,-0.03241936601584715,0.08616688892152392,-0.03749870875161594,-0.030859910477873048,-0.0640317986993787,0.006186005346440598,1.77859484383394e-14,-2.106631719438348e-14,1.3600028966000177e-14,-1.2076688864528001e-15,1.5926813453098616e-14,13.7777777777778
-4.254843865781486,0.7504597357052268,-1.7199207989179395,0.3882640454080041,0.8958981108982139,0.22641624778457198,-0.8078720773581305,0.6984036015030705,-0.39227419521048434,-0.9941077357151198,-0.12618837228644816,1.913613495610948,-0.6454135569174189,-0.12118883609222872,-0.07814777720680421,-0.40474341371759004,-0.13332644234800176,-0.38453772102688755,-0.39206550095639614,0.1136903650221535,0.14120320292850827,-0.4325021957719502,-0.934370471253063,-0.08273310735855591,0.22183257739223536,0.16280304537859533,-0.1543605299768468,0.038316272816692504,0.23105228818935278,-0.11188485275385729,-0.12254573901349597,-0.031767594428872184,0.07629999190426517,-0.12646328263408674,-0.28695799971364033,-0.17663906157154008,-0.01734729906379011,-0.4360089383105734,0.04453870298282678,-0.12791150585485297,0.10190324575672192,-0.04780957654305881,-0.11598955698728301,-0.04100906060642672,0.11956210441260787,3.864842659221903e-14,-3.2897504725964626e-14,3.537629568706755e-14,2.2989373488407807e-14,4.420159716071397e-14,12.2222222222222
-2.5715611991846585,-0.7989139033399051,-0.791971251144811,0.4606246037435862,2.011500602006265,1.1125434604990871,0.9229396987098607,1.386276036270988,-0.5754935761369321,-1.220715796942924,-0.5841127622277855,1.1109697734009385,0.050288161248372244,-0.1197023789307834,-0.5368127459845677,-0.09112598443159367,-0.3544262418919892,-0.1435777008966033,-2.4881630190284576,-0.33578163000854,-0.07218190697511775,-0.9170155506311038,-0.866716418553096,-0.4622024287489742,0.5443107695124378,0.1394443196662449,0.025025578778831804,-0.2831648254485826,-0.010863622420333128,-0.19935288238613383,-0.13228507004228926,-0.09829198420416975,-0.09153700792590855,0.22593191778540297,0.17789255271757454,-0.24436446394601485,0.10132474352262864,0.22512230800038668,-0.09364141742863676,-0.045822065861009835,-0.10096589849401455,0.21469112427615197,0.08640117858739697,0.07290787922403627,-0.06620293360783214,-5.01076024719797e-14,2.4958657216009964e-15,-4.193239748109697e-14,1.3074053885104707e-14,-6.107480117241295e-14,17.5
-4.166022535990452,0.10843361262933393,-1.3924244629579712,1.1702458109699005,0.5080835690605473,1.0475259895920659,0.07984595496650378,0.4856105961540301,0.3753364767385572,-0.6080222972831978,-0.08311661499730402,0.8629722368786116,-0.8196633473633493,-0.7203360859409372,0.5217067305562529,1.0170850521470896,-0.39401946842430474,-0.0036242902952928007,1.0069420822146828,-0.11601893706448944,-0.20248462832714437,0.42096839887517173,-0.07251931098430237,-0.12204203636675784,0.2087071012434882,0.42246288872687543,-0.11531822410549004,-0.2814021131008678,0.18775767499475748,0.22420821277591158,-0.09585730891095284,0.15578483396501167,-0.12676768175225497,0.16562052309616207,0.2689351367480504,-0.1657992436699752,0.019801478917282032,-0.03125496250283364,0.07906141057214114,-0.10189735149203462,-0.035318627448058096,0.07471621515673559,0.002618862085965185,-0.06902377829152538,-0.04455645969919207,-6.742950333541645e-15,-1.8098822123725297e-15,2.6545695136829002e-18,-1.1647009217469763e-14,-2.012423429277024e-14,7.71666666666667
-7.1414558199161275,0.7058598752699539,-3.0414803556006684,0.8652990799339045,1.2319838493218895,3.121605869167867,-1.051253649553804,1.072358982322645,0.5748320980923802,0.6110411214890418,-0.7381235311277936,0.7996296852449957,0.9306992803677082,0.5780191117577042,-0.20880037623591788,-0.1895248795482398,-0.8110925821463704,0.23655130221106743,0.2865402334306305,0.6465597419165686,2.7391106151719535,0.09823413119692043,0.3028388016674169,0.61813099519686,-0.13902662956134357,-0.3671753844864241,0.11511436741509644,-0.2632404453715378,-0.16015270739266388,0.20315043329498286,-0.008285518261516635,-0.1690287966952647,-0.06493220551637766,0.005182805963752392,-0.11895400366090517,0.22933805256666598,0.10986269087464932,-0.12144031998993855,-0.00011114305951965556,0.010102647448814438,0.03847055845868104,-0.15448292507237651,0.08872985096108288,-0.13681771637039394,0.05752976774479379,4.153717466091968e-14,8.889688276884054e-15,3.033283060297515e-14,-8.34329618877564e-15,5.064224179061458e-14,12.8111111111111
-5.394766222501962,0.3960117186129726,-1.9882428350770702,0.5891028163059858,1.228412322621634,2.07058317515628,0.24371058773532303,0.8619057710910774,0.05399206834730705,-0.7864962456197951,-0.294844119890428,0.7996270000140945,-0.15471751161685668,-0.0434034071695443,-0.48462808067282637,0.7889460832650238,-0.25480716478822957,-0.03509089845513543,-0.4282909194660685,0.0028003279793031755,-0.23147398110035367,-0.003892278679901515,-0.09506620956803377,-0.060936235380646665,0.02669551868791182,0.24747002110295485,-0.18545662327874407,-0.45068159605006564,0.16891585102756396,0.04693530537732972,-0.027973694260916337,-0.14765159543632575,0.04292022629725817,0.1538093054883247,0.12280490432280838,0.14660635357013033,-0.02008156510978618,0.15547543213190837,-0.02494302249603761,0.11398831746457772,-0.06262706064980775,-0.09928981191033318,0.060822695161809374,-0.06310776219886734,0.02829718172179794,1.8888026998734614e-14,6.002246604264419e-15,1.8557488785282386e-14,-9.748349999173768e-15,2.6909108873704472e-14,15.0
-3.8815523946867465,1.798259119950243,-2.3660387632635054,-1.5806418414141692,-1.041447950436792,-0.029460715579665155,-0.1089417802709627,0.7529043708088251,0.006475317178548001,-0.44817729659135,0.04560090679845301,1.4838231694349067,-1.7169301480756203,-0.48207854577004755,0.42379695103873477,0.3597471664680885,0.5654137116932346,-0.680043498972991,0.8287080991435882,-0.5229467833711583,-1.329742112900361,0.8861247807096941,0.12144469598939295,-0.4564835597370946,-0.37179759812290347,0.3289134694307558,0.20349373798369258,-0.40122937325151786,0.05683092597316224,-0.22660389184230897,-0.17230487830329913,0.1076910182716169,-0.23741094945184885,0.057412512456177206,-0.2396263668533837,0.12239622449670257,-0.03934294575472782,-0.19134634957685243,-0.25576975978616784,0.06794459322783214,-0.0003106507817560848,0.08899344413019866,0.08615732454816587,-0.016427492609302725,-0.01394815575447299,-1.3139318413817067e-14,2.975245554431892e-15,-1.3379149798266643e-14,1.2245458364257415e-14,-8.242615167819703e-15,8.25555555555555
-5.100873791324118,0.10144640289986712,-1.6634236354081129,0.15903559673730913,0.5352864851573829,1.9386215934228714,-0.09324773869837824,0.3203283631518186,0.33036574790229567,-0.5534252873973871,-0.3258174275983407,0.9555022578298257,-0.17921960685769375,0.3057016445153962,-0.12909750482425464,0.4964220156809596,0.29561521853168715,-0.30596364747705845,0.15426894424547957,0.3107715499777141,-0.02206767673092107,0.024779972212724117,-0.4432504011808502,-0.11604566297326481,0.020667642461664287,0.35897050361798627,-0.11132056861939993,-0.21254525747903774,0.06805381073640539,-0.08824909626811074,0.011264093513608072,-0.1657752529402767,-0.0646595099857797,0.21517601048313775,0.19021584642787354,-0.09257438112490105,-0.03769977828532167,-0.05919836229441985,0.06625435180656408,-0.13899371558866128,-0.029911920346366607,0.12850898902260915,0.0019271596091630242,-0.04831502306495531,-0.03813637984954018,-1.6834989355685483e-14,-6.8534097110655826e-15,-1.0652624592545212e-14,3.0854488553295233e-15,-2.737501019712009e-14,16.1111111111111
1.4119910379130427,-3.447633408725891,3.1497248840568997,-1.8528463567251092,-1.0858361062224209,-1.611747680639338,-0.010190625249472608,-0.3212220780645815,-1.1998347052205351,-1.035711767578155,-0.46163521881998143,0.9504025034534846,0.3246049504986635,0.6791820974794957,1.9170263851857707,-0.5622604758744806,0.2802546936691965,-1.3608800793061766,0.7078716793478799,0.25690529217673147,0.6483802779055449,0.031675806744084614,-0.7693374814933376,0.30106765502630745,0.8886568535826683,-0.1267933756418933,0.3456222273944899,-0.2849152930865562,-0.39069985576127997,-0.37445939729849814,-0.29127452549474003,0.2013340997851556,0.3413101107354232,-0.03825177512259677,0.09458227089836008,-0.27315491629328953,-0.21631127776934791,0.03050821849500286,0.11067429987668513,0.20062600852850992,0.10292171650759058,0.0729248211748815,-0.03062552544066445,-0.021497325938528235,0.02775641179762028,-6.610079825949876e-15,-1.902215500418825e-14,-2.5405855987259945e-15,9.654966405023713e-15,-2.9814630614274124e-16,22.2222222222222
-4.69607854414726,0.6025910629510322,-1.8654280334151763,0.12955522759642038,0.36614144374289304,2.00914125600934,0.01680621553153818,1.1712920082301876,0.09460313070715104,0.21641426279125311,-2.0173445191782955,1.187335328082074,0.403509366082549,0.5566037203127113,0.7759284220351153,-0.9763599050274832,-0.8484182293266823,0.6571450181859309,-0.5475919540814161,-0.48575702461689046,-0.30372020724056353,-0.7670863318316166,-0.3067747704874897,0.016558000680148115,0.5721350179740278,0.3204889421708161,0.00995935677208252,-0.02668733847560818,0.005116759266636737,-0.2736627197950084,0.0984032376833417,0.10623794024221164,-0.19788526022596106,0.056969560296923856,-0.01477668741257946,-0.13583566962551546,0.04267030003114865,0.003919026504581606,0.059769454909944536,-0.1306181193827666,-0.031123134361125376,0.09732923641940523,1.0422718637830074e-05,0.12674955191269177,-0.016805393802624937,-2.575988429968438e-14,-5.673405775083726e-15,-2.4358917289961047e-14,1.8468394074758797e-14,-3.0641785269036774e-14,46.975
-5.187605557045741,0.6504108198528082,-1.7021280946544644,0.7546640303045391,0.5785493114156826,1.599493292911484,-0.3134645335962558,0.6640602028934176,-0.31238683810834,-0.667690408340455,-0.23026536286268234,1.1228898574609978,0.08808119360068328,0.0605841832341546,0.10840947319845574,0.15435727600526955,-0.24562789869605134,0.6202461860412054,1.0374487240152324,-1.1032993436321308,0.5186410939503505,0.1714158522459415,0.3699159674301594,0.03322202859948033,0.07884999337652941,-0.06569676805858944,0.1644378801029926,-0.08178778109402818,0.19438364782459286,-0.10853796336247727,0.028159223842221137,0.059791009750501625,-0.18458340785530614,0.08696949495853822,0.0964908786363319,0.12716019392101088,-0.07075758438376509,0.07390204303347955,0.06403638992349668,0.11149266670019882,0.0030263834534112796,0.02186557864963267,0.09559532320063718,0.07389218335812217,-0.04147552142937168,-1.953472830444174e-14,7.123554531043514e-15,-2.5118126276248803e-14,4.084115177994835e-15,-2.0459193815414546e-14,10.0
-2.036586030319429,-2.4562085343291065,1.236742205727655,0.29057085320555126,6.377757954582634,-0.9746647305587424,1.0516318508635727,2.434415465057094,1.1406697802218875,-1.537583601936613,0.4420956563005424,-1.3593474530499012,-0.7838876625040735,-0.31077181776116747,-2.495816193873922,-0.13642708232325712,-0.21652020370178296,-0.12443330660939546,-0.960722156688794,-0.2757332101918687,0.5890871118515264,-0.43030917910205835,-0.2349785717038412,0.3268577808525918,2.0146031828410056,0.1844776041208908,-0.14323794379990473,0.24149495431900822,0.4623217100330681,-0.09531399891794179,-0.1390602973170513,-0.28723743911208455,0.3926504999687943,-0.5959245824753246,-0.4039109822067282,0.37429386643814005,0.20998169501674685,-0.025533720903959306,0.2252256974006896,0.14655883847880158,0.2138723422112494,-0.05053428228456163,-0.017627635649106063,-0.07755558275235691,0.03278936774529224,1.5386853254318822e-14,1.644918558616591e-14,1.1226741247377761e-14,-4.916547190546694e-17,2.1908550328901974e-14,15.95
0.6756310384026698,-2.5407138457380656,2.4663255295892452,-2.0193253137036065,3.983136664565556,-3.9538776952106107,-0.6597211469361891,0.283300398786695,-1.5832684598914462,0.27068884912750385,-0.9598919296963725,1.7589019939984971,-0.1068322397948988,-1.5762786658451535,0.5869523106296375,-0.7467351876142267,0.9938404091571252,-1.0819480943161401,0.44122800603295625,-0.34924452567238906,0.5719884729566372,0.7308410712937596,0.16440274110179304,0.02819249810048031,0.5458870410107228,0.12729190760571468,0.1148145467571982,-0.20914090971877045,-0.4340663603972975,-0.2801887848615968,-0.19983513675482703,0.29037902631502915,0.0010949384819798694,-0.12622429676003494,0.21103926939957363,0.08361856069184041,-0.009937730016411232,0.1662410682749588,-0.11016789600826044,0.014752517379387375,0.10876983598658967,-0.08898402594886506,0.007907843839061788,0.15016581486317376,-0.030522181100169545,-7.23783813666522e-15,8.007536086053263e-15,-6.330930078302469e-15,-6.814038434177515e-15,-9.297079624543966e-15,23.3333333333333
-0.956964609863753,-1.745303471807465,2.611329569572715,-2.5377249834184634,0.4068594064917153,-1.9397085102919265,-0.4357737761391962,0.3927430065045381,0.6125972706805878,0.09976067923580395,-0.25286988865488763,-0.27463600777638864,2.5438188652634186,1.0559313298874626,2.153264516290293,0.37359112897211116,0.5782580394041826,-2.0821832167358743,0.9647229483170703,0.016843820786818172,-0.5404026742247862,0.1143330364051307,-0.5336212505785282,0.44481080845530707,0.5406338733989162,0.5574838576500735,0.5257370162951519,0.8116769301397315,0.8627530446260343,0.20702078674079355,-0.38363506270863296,-0.2220997677341966,-0.0873023734206713,-0.13121945989615125,0.29698098595659583,0.11294349935000444,-0.09666209132943593,0.10990241490615492,0.051752947920469576,0.12211814921353333,0.20907820169950395,0.13314833463740136,0.20533011734442938,-0.0427743529645615,0.0021163796687659,-1.8845575281415902e-14,-2.773780883391407e-14,-2.3530541159082443e-14,2.5769344294110495e-14,-2.4774296024315458e-14,22.7777777777778
-3.8929882693301856,0.5152240392993404,-0.8311146945777014,-1.2140265853717094,2.9630650717624083,-0.9757295413962159,-0.9055851081833436,1.4734821438836407,-0.05549785504717305,1.6383194161822252,-1.9063471539225696,0.5091986214450573,1.6077853858055775,-0.6413601281045606,0.9229434882807307,-0.20864375847663263,-0.1951792386164692,0.6519957241642036,0.016322787896101684,-0.6817263471361821,-0.7029063738243609,-0.3018296582446394,-0.30678858279532983,-0.7253541106003155,0.6130634895152358,-0.07730560028095174,0.36204905430916956,-0.25453800409562083,-0.175689399755514,-0.04685303282486242,0.040806646674716014,-0.04968814067484532,-0.35858676988849286,0.24476862792639795,0.16251531388378054,-0.09506415032634262,-0.08489830294966776,0.07381981171797493,-0.009292621593145329,-0.10243223144412579,-0.13765241994124325,0.037890655541130844,0.017539680702358052,-0.00011399681989070346,0.0393915381507341,7.101012249250569e-15,-1.5459315887907707e-14,-2.070076025316222e-15,1.7779995743338117e-14,5.457803825970811e-15,34.9416666666666
-4.125968382575727,0.41430653480717466,-1.1897831668117307,-0.23086666691321625,0.6780579926990653,0.7032036774101292,0.16916142806486953,1.1620017435863754,-0.6374553566476736,-1.7371691353001273,0.07006449979149883,0.8542702210386008,-1.0686226259625486,-0.2587387709785366,-0.27297198156645386,0.3776951062841081,0.2273070241787195,-1.7152605118986013,-1.0380718037173589,-0.9106160819294306,-0.9336557214872664,0.5048276099062824,0.032515742125527686,-0.0863923605542009,-0.14106718554875933,0.44193823711881147,-0.36213366301261185,-0.3658492448911803,0.1936589186149906,-0.002043193854233387,-0.11965447066066434,-0.0967808548919827,0.08342767318918556,0.04206417754429786,-0.029010129955872883,0.0050626180360166155,0.1397007627966156,0.14701178855130673,-0.10933374116648747,-0.28084336859776504,0.09586828888657753,0.07269092008996324,-0.18422044976335783,0.02441797639248681,-0.016111940922141365,-3.790044256416968e-15,-5.023628954263644e-15,1.443469039804082e-14,-2.1769380616362835e-15,-1.6719157863220585e-14,24.9722222222222
-3.1464359171312517,-2.6365889649766827,0.3764089056138669,-0.6376332226699986,1.1150628938975509,0.7270369936112115,1.096497213954644,0.08764894793514377,-0.15888613943169494,1.0114399269558527,-1.4377983939826744,-0.3037715910312923,0.6276263459512192,0.7606719165597776,0.15564859851176704,-0.6047495357550965,0.04460365975623939,-1.0839833066469264,0.5229604285212462,-1.0585624350886276,0.4552060465279958,0.057968565233806446,0.6812213165837785,0.9080858469960775,0.5904925309461801,0.2667202529251294,0.8693177163615099,1.0245647101067439,-0.3500611947660033,0.8038416269379696,0.0883501975353123,-0.4108273970110985,0.2304823067790082,-0.2710569987042858,-0.06948416922449066,-0.020823240040919667,0.12995095785327557,0.19399162024669211,0.03737990199137586,0.3040152116239739,0.1328521098664303,0.07008406567498306,-0.12287344914939342,0.09878979348753258,-0.04211180480363833,-2.5696793783479763e-14,1.3683019428309819e-14,-1.48494957835466e-14,-9.254514305160053e-15,-2.6044286456955335e-14,20.0
-3.7987161679316417,0.5441858724119027,-1.5800653569632552,-0.1881763303287608,-0.5010169240755625,0.7029886682704583,0.21900239254911003,0.7898954946848937,-0.3703348544775294,-0.7145401733405207,-0.5019932855452587,1.8772040177575773,-0.8072530997429657,0.1641639838961889,0.459348010497557,-0.8436504489855642,-0.6440935638163326,-0.3751648416040919,-0.14363462088393175,-0.7902977911832784,-0.053040930649200936,0.2368308843973874,-0.30792590719369783,0.019149721997331188,0.06918722351015574,0.07009805801695512,0.032827448777397086,0.1583658486796646,0.02940224549112149,-0.0761001211463971,-0.14900008884406293,-0.12490610151930874,0.0782223899803136,-0.10501804174221649,-0.43873791043514077,-0.15715521656718007,0.16262244790795435,-0.3342775970453773,0.057071563013558604,-0.12921046949184553,0.0955350461887864,-0.04608467650100178,-0.13893571030169802,0.01831255830682165,0.07073993134333392,2.0603929051411262e-14,-1.2699596089599453e-14,2.566986233090845e-14,1.078389823076226e-14,2.436902199009286e-14,16.0944444444445
-5.348254185300108,0.5685776435635963,-2.3347240577083945,0.7491189794255172,0.3022487447915365,1.968449936006558,-0.6129425961469647,0.8309488481844918,0.3260409144590746,-0.245956424005525,-0.504809121116185,0.676105230916173,-0.11076363716973787,-0.08426999665731891,0.7732053009002084,-0.25571321325145774,-0.9677877491376197,0.7502521212411909,1.2268510474829768,-0.45762000370821976,0.8428512382519842,-0.26863396683173646,0.08002012502032455,-0.03303747571574155,0.42515613279314995,-0.26441293235988517,0.08200013099030007,0.08739990553098477,-0.008985298145323922,0.05449168398522245,-0.13574650655813802,-0.06891327633370879,0.09641418275360497,0.032202401945666155,-0.1599819445300813,0.020931004745289222,-0.037376875167675225,0.08051324246647755,0.033640317618968185,-0.09111563305554989,0.08414665285053204,0.030152215152942863,-0.0885911813981141,0.003160637862130653,0.010896827396712133,4.8269519533517435e-15,-7.256299144467937e-15,3.612057194459966e-15,3.812940461079931e-15,-2.724999614082431e-15,47.25
-4.778986420187792,-0.47312028740121365,-1.2003052652205752,-1.006403550060813,1.1857262540405964,0.9443051563508851,-0.5368108403071367,0.717029131061892,0.2991176019963739,0.6359127991613002,-0.6028298483567032,-0.3443039137414302,2.177642114388251,0.8370026805040797,0.7526987796662561,1.185583327511015,-0.8473243497529003,-0.5681029070888227,0.6453198212715082,-0.35190635369593437,1.0088475447628198,0.8556193443121782,0.06131560940321919,-0.09830433209673715,0.5989206005782526,-0.6909891118195471,0.24508095677408223,-0.43543981245918917,-0.299738617910372,0.06148254926387983,-0.14734521274455825,-0.12144830280382486,-0.29176036364985347,0.004735879957477025,0.3371645248596795,0.18122699836991357,0.07106606678999856,0.043692074740463945,0.018999135431618082,-0.07190829013871285,-0.20771101875235579,-0.003940570092418417,0.048144035818006976,-0.023019382482693102,0.026936137314181652,7.031336356292747e-15,3.2430880296996115e-14,1.1432765179651466e-14,3.436770641021746e-16,2.0065128209505657e-14,19.2
-5.014594744093212,0.22572774036598553,-1.5214910840551827,-0.12383273926923383,0.41070310715471336,1.5891686125492228,0.45538057053981135,0.059780369741581074,0.5803792611140765,-0.16677237824595453,-0.07798085690157085,1.0110661035945865,-0.31324673902781797,-0.24252888750385362,-0.022323437873645297,1.1033075675087896,0.1906949165865053,0.46068944941785245,1.6480360468315531,0.0005063817029290971,-0.5695469495346445,0.7412551623274158,-0.04427921436710345,-0.24490587638587663,0.2404931875862275,-0.11590748424062877,-0.012763386345556588,-0.46981890586356223,0.1922308616953684,0.021406682172566655,-0.08858005360444886,-0.013546365111737074,-0.07621875693994072,0.13869049243468637,0.27302913991457534,0.08675093486546745,-0.09535667013018528,0.20609303613610122,0.029516022267172405,0.024194382056137095,-0.05014542771659715,0.09278125210620002,0.05946475797233339,0.040676606901258475,0.00775504096461864,-1.3033702903765582e-14,-1.360004889574232e-14,-1.598904232089932e-14,1.869484631295208e-14,-1.3141663455762253e-14,17.5
-5.246481463651614,0.6774854313207741,-1.6461283604907861,0.300393040916514,-0.13546189998889993,1.4488885671980671,-0.4850352640048354,1.2311809886882723,-0.2188009888602022,-0.134676164270755,-0.8850586447354616,0.7638890287448175,0.46209719612583755,0.3288832493702504,0.5911595410165397,-0.17644466730079478,-0.6753947405197903,-0.09841079290527117,0.24280760314172678,-0.3282822341519746,-0.30810931159352156,-0.37937772581830215,-0.0652554208926015,0.029598775770995595,0.25385894497292266,0.18209614429764218,0.025166498727111984,-0.2493833511760186,-0.11926593968840292,0.004015222183325318,0.015394299788189299,-0.08304534510086498,-0.13463337011906498,0.10190836756921835,0.17329749224796084,-0.011357490131388759,-0.06643968138834722,-0.0551695343639086,0.012664775629428865,0.1021910690775015,0.021295018155422517,0.07657352161950727,0.030093008062390052,-0.029192906896475294,0.016426721813273027,-2.4856861277143077e-15,-1.2238867670402562e-14,-4.428091499373317e-15,1.2109893028439375e-14,-2.2237168911937544e-15,8.85555555555556
-5.0393145951828435,0.6160901651395808,-1.8095466048633193,0.6040176338856088,0.46370250141046215,1.8915797509226895,-0.08007147357828705,1.1232720677586692,-0.04777735978214279,-0.44964204435976063,-0.43780424563591824,1.1298320138273101,-0.30320664344828074,-0.22888202516806333,-0.0340049878681873,-0.05271305680660655,-0.269504252200798,0.5940705619945559,0.6386060609376532,0.20606971611127708,-0.014274669266254772,-0.07182669013337013,-0.1208005174549693,-0.08781081507739119,0.31218750888839536,-0.10091553935765261,0.06204488537185444,-0.04530059781928323,0.5108215628878863,0.058893843128817736,-0.041872956636585926,-0.12416734503164058,-0.09903765020384903,0.14810064491233257,0.0691969443033833,-0.037657029767047934,0.006660064940192999,0.11932561977628975,0.005740882674386954,0.08065272426139283,-0.009576819850606625,0.04373457230765074,0.021183399997810548,0.020100670109116824,-0.02980613523425269,-1.3817521095449129e-14,1.4903814014328159e-15,-1.210367797684607e-14,4.243099137974994e-16,-1.8776306980427764e-14,10.6777777777778
-4.948193198653424,1.493724249150172,-3.2148243396274467,-1.4383896538682097,0.09255005549949616,0.7061408486879936,-0.12843745292959796,0.3169190899155166,0.5212680660990835,-0.2981125886687539,0.15144520888734053,0.9060021142229989,-1.065329430883264,-0.14559137194770155,0.5924199064967571,0.6241930058292953,1.0446018478689683,-0.450260185780696,1.1479416559546776,-0.5929260197660204,-0.03279686096649394,1.1570391127995234,0.30900702694238424,-0.11656770632534384,-0.8307996641550319,0.5234416496198583,0.06542573317656299,-0.2523341287639072,0.07644899040351608,-0.27799646194105154,-0.056517429415249384,0.2348264919746573,0.0870429095548436,-0.05948414446681965,-0.3035890206036044,0.07263837071533107,0.09036723098576252,-0.36802978476792503,-0.13124935188917175,0.06004285906663434,-0.028897283516830557,0.08689483505586515,0.13518644629830534,-0.07117253461503928,0.007282637522365113,-8.898303181866686e-15,-7.853419554572675e-16,-8.137729442470645e-15,1.1211180339502334e-14,2.1789397152359257e-15,15.0
2.089042648461579,-2.874607635023514,0.021459019986368823,4.120572838761162,0.6777639166132802,-0.984146406486507,0.33497832095754604,1.5813118488474485,-1.5885446248388777,-0.3552910132975831,0.01556933749250674,1.16492764595718,0.02798513354088646,1.1274336956780635,-0.8228814811277841,1.002578171494589,-0.4095666758906387,-0.8114626419928755,1.6360657347037633,0.2666523724643565,-0.10431811344754786,0.2947979215338791,-0.12780117974329522,-0.7949301106505411,0.48146022769518404,0.40554217507302337,0.4926987251524032,0.014587811293297807,-0.0877809749744014,0.0774840729320575,-0.20861238765147697,0.014739775825087002,0.27388448944659477,-0.34395458319110744,-0.1477689158035779,-0.14806457418728008,-0.05468859665695133,0.12708489013951418,-0.17133579940650945,0.034231299999728994,0.29728583757717464,0.037785613122191815,-0.0814084987909158,0.11376302290566842,0.004831334646014247,-1.3617555390998838e-14,-1.3121515329218277e-14,-7.755073577362329e-15,1.0291636157125427e-14,-2.3432141932437487e-14,19.8944444444444
-3.857345446373473,1.604377955237378,-2.1581887481614572,-1.2800076753947822,-0.2108793829129033,-0.0996797047486929,-0.3008324233552376,0.9496173143921159,-0.6164730442123078,0.4207692862943241,-0.9978591410942584,1.8673217852124426,-1.3927045876835105,-0.5613396942874135,0.5277156770562322,-0.32655141125974974,0.14017296872303653,-0.5497875094579214,0.6144786336259879,-0.8820954371400787,-0.43473808464070707,0.9588582710023066,0.22038532741070446,-0.32578829171551177,-0.3998499728743118,-0.16155071564816414,0.42811711384900913,-0.05319872496043745,0.004605067016417225,-0.16400805760711673,-0.033514383636194356,0.14577647677507416,0.037229980265903004,0.04747846569039735,-0.31882619446912674,0.08346909467137226,-0.13425352183162878,-0.2720007288020924,-0.2278513797891461,0.06326324851087846,0.035518692353241614,-0.04414570582981727,-0.09591927376765796,-0.022586861317163802,-0.0021473895998443656,1.2464553686805926e-14,1.1990510528433448e-14,1.699754882002376e-14,-1.0813500765519904e-14,2.0974978230866027e-14,11.9333333333333
2.9622051913931466,-3.8615544610943657,1.0114517397833829,2.9145895788535583,3.1303548448011376,-0.7831118497131371,-0.6039988741322377,0.8646436032132819,-1.0160331451890794,-0.17828470810897507,-0.7119199593985326,1.0858960967578564,1.0028717352757694,0.44076511588849737,-0.2669380215636503,0.7321120515601415,0.876978144855748,-0.14951320081118866,0.7177935390793222,0.5182718529501871,-0.4049933508412204,0.0924802779727367,-0.30642736762172734,-0.5827831892556766,0.20095523072448218,0.0911566182619161,0.9840552091954402,-0.4779867100651048,-0.10156809465864328,-0.5144773825860416,-0.4231034322900257,0.17688977913180604,0.34813412867269733,-0.32085151512444193,0.0423505915915347,-0.09406064378763983,0.10547259383562735,-0.02580350630968708,0.010242704258426652,0.02204273486064397,0.169618593049715,0.13066158679677867,-0.02570452120293842,0.15185961183837393,0.0026680582126095715,-3.362414379669317e-14,-1.7160435038964797e-14,-2.5568965080976407e-14,2.7162585294973542e-14,-2.944462841051644e-14,25.7222222222222
-1.288491958297761,-3.2772539878498885,2.2645876448007884,0.08967123937092493,0.4493883983990281,1.7445388241036925,1.650257326505813,0.13184055639601366,-0.32137167884144996,-0.6287447359845227,-1.4117715492334075,1.054940243200187,-0.14455378607516972,0.6561294941315594,-0.20568399447305377,0.24054029737374816,0.7658913396662778,-1.6186998961716113,-0.5355145605468404,-0.4297381841214128,-0.2081523735489373,-0.2901416912329431,0.4233581783710824,-0.1783559226405066,0.22673599732858446,-0.14487960151590382,0.45552925138686423,0.04286358097470779,-0.04777094589100887,0.36894138610171867,0.36044621666105936,-0.4176026590977915,0.0892578669428798,-0.1718643767042991,0.2890291567064029,0.06350315821848893,-0.0769008149797687,0.1749539143737898,0.03575407990534116,0.274037034343604,-0.25611754984195956,-0.04476813503379201,0.07511899831339627,-0.028765299669114498,-0.00965356597368832,-6.7700943071464e-15,2.197765750842082e-14,-6.133343987022537e-15,-1.1828324952129745e-14,1.1598597418987192e-14,15.7333333333333
1.6727355904024068,-3.4231337917019315,1.669781262351728,0.6676324528042179,-0.36679444797696137,-0.10240790620693585,1.2630390895958272,0.5284061563241613,-0.7026649781553962,-0.17342453560593885,-1.0437941484807016,1.2723918935610108,-0.08548047772642388,0.911778059023177,0.5115297471540227,-0.749338678319441,0.3113661916162187,-0.9838765575394585,-0.013242261862260827,-0.21162665544674455,-0.05249766153697901,0.3124514715765972,-0.3981494067833172,0.09465475068234082,0.46412883465107896,0.2605051793294641,0.7683000827898698,0.10812731493838798,-0.3610480031813912,-0.014098738100347619,-0.2877760086793808,0.11257237576136668,0.14433446131088656,-0.22946751143079824,-0.1184545197406232,-0.00703346916293691,0.1179154806734582,0.2740723030904487,-0.016936928204387667,0.04807512187900112,0.1773586063983797,-0.01159523414742419,-0.1090509679231415,0.07744741354550073,0.03898393171001307,2.4788696031187573e-15,-8.684984727019942e-15,1.029683016899294e-14,8.043489720116069e-15,5.2125589149049405e-15,26.6666666666667
0.36146505686016206,-2.968387204274192,1.2137028746398983,-0.19926187026994846,-1.4542483722626358,-1.0729049505107078,-0.3119992544429096,-1.1988402313018072,1.0317473746410326,-0.3506901707632621,0.08741787398333606,0.8440196076833515,-1.7324798824579746,-1.149076851364164,2.2890641863621823,-0.45695119887425034,0.12623729511569348,-2.174492143401999,0.26414560091686207,-0.5538431066055894,0.9208558113376005,-0.17615386387125542,-0.13080266515988961,-0.24892297543805736,0.6175971939995548,0.6284775117777814,-0.02173463464634489,0.33764778493691777,-0.11451417931893683,-0.08448744659330208,-0.6258269877424721,0.1944265864094997,0.16154702608197885,-0.15467276385467546,0.07653221818173638,-0.08909500935815666,-0.03703773890563539,0.33913312506129617,0.025319462236808872,0.04515695448884691,0.17288333532092276,0.02247210600422298,-0.025498496561616207,0.021054447451313917,0.032059421384129545,7.725015925878099e-17,-2.3968469052974703e-14,5.858580975658456e-15,8.551817379949374e-15,-6.397750806682568e-15,22.5
-2.7033352667321533,-1.9252367375289585,0.993810098872173,1.9316453565816685,1.195794598004075,-0.9174396424962804,0.6123244774748012,-0.6888809174145843,-1.1106597174516035,-1.9472112147375946,0.12095077915778375,1.3404860073188618,-0.05150861482251155,0.0562768305218793,0.38492244695782557,0.8110456586827075,0.8847479417907586,-0.23103603443832293,1.219719574164976,-0.7196051200281381,0.5024463267953796,-0.531056663916005,-0.1318637255510293,0.15614908121883844,0.5709586099895456,0.4255205772215605,-0.2468033744522088,0.5474519365653564,-0.178710389768984,0.7296372325357391,0.4047048234923793,-0.22436061497601406,0.013133418339946272,-0.1490704335673508,0.17237323168825328,-0.12695867398314897,0.2611465406792482,0.06956142766791298,0.10433144088221659,0.25626348262474824,-0.0922289835829589,-0.16731843746972322,0.07752400111274559,-0.1790320429048231,-0.0012213331106651615,2.7976802014751197e-14,1.592357455455293e-14,2.6256378698219663e-14,-3.778002375206753e-14,2.404910775998689e-14,15.6388888888889
1.0617779515367771,-2.5022111333865076,0.6004603977719037,1.16297180172301,4.805872029736209,-1.4997427856638201,-1.1146417479419048,1.0874060339642655,-1.0517940165782815,-0.715095529407611,0.0192104190294156,0.5698474609168681,0.6907846142015928,-0.7221344680506888,-0.19267119997441426,0.9452915357795797,0.8123177958766115,-0.20095871777206387,0.16200519573546604,-0.23257520642153756,0.0481644618191526,-0.9530914878631016,-0.5351968659410956,-0.9424637418950895,-0.03761384160490576,-0.034987007000743704,0.7358442754845111,-0.4416028475294895,-0.08343298747405198,-0.5613771352517599,-0.48737105520783175,0.1345599715235576,0.2594807461170429,-0.31055694408785256,-0.013244385495249537,-0.025814179321613045,0.07508088743571673,-0.06183241261497262,0.03343123763637089,-0.07990939090961915,0.20348676358697693,0.19032681834400295,0.04441986057344792,0.1950903738374914,0.012717128131655679,-4.6862883839894633e-14,5.389983214771526e-15,-3.318334442526995e-14,3.8890874744397586e-14,-4.253365929965197e-14,22.3
-1.7335840443986483,-2.75512883123643,1.6923839727015846,0.2762115110331106,1.222704627641877,1.2674883209016181,1.3412140460684774,0.24616614587950683,-0.021100329589547752,-0.9437388396340232,-0.8016292398864459,0.984318951062511,-0.1481333644600725,0.05967538898061319,-0.12348084249603461,0.29508328545726037,1.615747726381249,-1.096272041975394,-0.07212382633082078,0.20562757181917218,-0.33960549939512136,0.14465111191761038,0.20106112861619968,-0.026769274067677217,0.233739477375506,0.10395629126877032,0.244030265150386,0.08902256253973656,0.48240314843541515,0.5974541461509986,0.29999731122123197,-0.10564337170579402,0.07396801086218564,-0.03550890992245801,0.12042221188371034,-0.03747834200917785,0.12740856936113132,0.2702072020807808,0.11758108727783302,0.3157241133178466,-0.2282795626805715,-0.006839205088302333,0.06924357489373673,-0.04149613516523023,0.011830529888027888,-3.1542467040540723e-15,7.641146578096212e-15,-5.717246067742364e-16,-5.152729570130521e-15,1.0696015972297197e-14,15.2722222222222
-4.5837172486390125,1.486650798413543,-2.7791044584352655,-2.0205147184578776,-0.5580202531756332,0.5148780939632258,0.1686980281034964,0.4757290162946314,0.2981784714634304,0.20208228355114496,-0.24726752824518972,1.0337815843253249,-1.1468473274407596,-0.25990182767789277,0.5980003698279226,0.5923007492834023,1.0743075765342658,-0.8956151893695341,0.9887164246138943,-0.4510254924537254,-0.9436790364781646,1.270093731478794,0.16874105543130824,-0.28097764386595925,-0.6490204915184105,0.42994137935611665,0.12999341595245875,-0.35292472893170285,0.08841756277912848,-0.2375551168849143,0.024395836257655488,0.19290832283143322,0.08430831739488263,-0.06580945204693268,-0.24668994359406088,0.09640593365308485,0.06490510021878551,-0.40555910888323404,-0.15732173230590554,0.03968848784859701,-0.040241310052526666,0.04427848018576361,0.09265576105591745,-0.04011145922526358,0.008217011038350841,-4.916223571039134e-15,3.673969894372597e-15,-1.6660675136717905e-15,7.203172513220864e-15,9.1386114088818e-15,15.0
-5.248348009421748,0.12329883264742453,-1.6895865145859914,-1.4562509519403215,0.6112971718499841,0.4837373114456659,-0.061991285278872627,-0.30614405587610544,1.9824191488415612,1.342545825730663,-0.6836967229994106,0.6056807071074001,1.4959373735368924,1.4139172495372392,0.4824703793820798,0.8970632639613093,0.3888572994486806,-0.6908842124636975,0.3345435094847702,0.21221273229438536,0.7964079143698356,0.7050482261695571,-0.7713923585951393,-0.15140254601432768,0.17946867867283742,0.1278940307221842,0.06879390573020101,-0.2344495431910577,0.12307981491335444,-0.11270272712874776,0.0807924212402766,0.05871751534380893,-0.22831014025068214,0.3288067031632826,0.3063174526289176,-0.09290690099473602,-0.059028558060139444,-0.04014878439900452,0.06427286866476951,-0.16641607661012991,-0.12917158283753122,0.10368209006894213,0.0676046874415569,0.05784598923714859,0.018813078336009925,-1.059658458538531e-14,-2.431332945246496e-14,-1.4913124124379897e-14,2.6550585565458157e-14,-1.083368476643298e-14,17.2222222222222
-5.7681884446975955,0.7054467588552888,-2.2696061500348774,-0.06661963342949158,0.8436581172783442,1.8381244140115243,0.2740156728029804,0.4428211697760372,0.6628578182533391,-0.018500389953556254,-0.596605851501648,0.8714587512916409,-0.32384175091928397,0.1405172368045266,-0.16628777398799,0.9882637294070162,0.5711245145751376,-0.8233564847505246,-0.310018690920906,0.5073748284405276,0.3606078811690254,0.48977475001584886,-0.4110377504712659,-0.02707010598925659,-0.30981643213896143,0.25432136328503663,-0.2747016652459304,-0.4224333599286694,0.037660274982400294,0.191014517103619,0.01856342752624447,-0.06248534775535853,-0.0032328936111102186,0.12391115821989893,-0.15201230678997416,0.17380873727086377,0.05721750638664625,0.03255162124164593,-0.1176868408922879,-0.009613935184439173,-0.09401696727190456,-0.1377287146672844,0.07102424790573923,-0.0911636462861285,0.02901503992695897,2.7090311319326214e-14,1.3117172149229355e-14,2.6235807992624366e-14,-1.4579774835423132e-14,3.595938604744486e-14,19.4333333333333
-4.592174216698992,1.052153179866405,-3.2949387919934225,-1.8091883609287747,-0.6233300177985233,1.0007228312220655,-0.0916110994881537,0.30910690679929864,0.4814157903457213,0.5475691274860204,-0.7711773943204285,1.0655719904282337,-0.394922255306701,0.33265073319102895,1.180545627257483,0.3736706383878605,0.3512910998682208,-0.9101148670849027,0.3251071642083249,0.4546664130493354,-0.15674953882417883,0.7760932370661004,-0.6241414972180344,-0.27629920635364535,-0.4530064416659457,0.10015818944447359,0.07739646412448874,-0.10363151165845158,0.07472998857010947,-0.2085917755183761,-0.1137819843261828,0.08508000169771991,0.10278832205733074,-0.1170090120030138,-0.3913369832640208,0.022200479151933444,0.08592295672108669,-0.3830318901763166,-0.08689859704501647,0.01345581868326606,-0.07143043466689071,0.06012828765010507,0.008412397119216757,-0.03570391542718802,-0.0010752755186857947,-5.128901597572847e-15,-1.599972523133816e-14,-8.663516740417057e-15,1.0870464916311954e-14,3.2185202562343776e-15,6.45555555555556
-5.010239009318671,-0.09194288435434811,-1.5417337112748761,0.20911763767176159,1.4923497322050745,1.545105500934217,-0.4445740591894034,0.9361228767155237,-0.15643780333356155,-1.2032789814352343,0.212574993080733,0.38419725576059793,0.1583366952002516,0.30001406784233536,-0.4291029261918974,1.0558187393002776,-0.5170856904061715,-1.3542689029730541,-0.20249984533426427,0.006074304165845045,0.12559758441830987,0.424745090590822,-0.18509258719339303,0.038938112056427804,0.12020595324717254,-0.11050816975493698,-0.27453408111700783,-0.4061027489773702,0.21782596024603423,-0.005835677520568282,-0.22831580060310955,-0.18059828413070375,0.29079388429164676,0.17150024871983643,-0.310845274528361,-0.0887398504305037,0.022113958101870404,0.11500002314087715,0.021958150633817387,-0.36174109366819857,0.11939297794252245,0.09466377786205869,-0.16999772148964126,-0.06075627677506546,-0.04125192768387051,-5.708026824182138e-15,-9.129314604793355e-16,9.174276353253555e-15,-1.0507156030191832e-14,-2.436703345759664e-14,24.0166666666667
-0.4692992833869511,-2.609572430127599,2.0687705321236596,-2.0220290496395177,0.28894888659919554,-2.1461309936756847,-0.9337542045605443,-0.4587110264554736,-0.3391434955750424,-0.35869332941934123,-0.39808860580467276,0.9121447493423016,0.20830810895918117,0.2518336050274915,1.1267524263720006,-0.5185129673863776,1.3840667343427302,-2.2665626041770226,0.36312976167892946,1.0037982118060158,-0.16940662008431442,0.0063980481598641115,-0.9008073833846384,0.21211484100797404,0.8180171160270248,0.2180840951254217,-0.013353784775885141,0.17518318764045063,0.40817815338942565,-0.09418523870026436,-0.39948842681004404,-0.0077103492232830405,-0.0423846773942213,-0.4483713829735349,0.2122559969991357,0.015614676645723654,-0.044518004642965306,0.06302740877346327,-0.008607917873269673,0.013334518162253216,0.10273225650782705,-0.05873354070980268,-0.0064106911297416025,0.008317772286186974,-0.026126354422565855,-6.830975062229502e-15,2.948339371038714e-14,9.873784268711129e-15,-1.3968376153447409e-14,-5.764245843665845e-15,20.0
-1.626793953395015,-1.5591556089075105,-0.9437923476305571,2.571411948310608,2.277697621742849,0.4504520838329575,0.20895155713281915,1.3143406921623408,-0.34286045416960564,-0.3110766186072212,-0.4692433374095858,0.9571612012101794,0.41681779460072277,-0.28856569868453225,-0.25934539437646714,0.48242582894292607,-0.9212822107078485,0.02226924651953773,-0.7700784348851754,-0.0976094971312721,0.085635419346941,-0.6225015422328773,-0.3524521230160497,-0.4194289360810436,0.5669456572769601,0.2578089872897784,0.2008030374333561,-0.1298307937974581,0.24079752050865444,-0.11998397218427886,-0.07115744168539848,-0.08844371600052299,0.019554859517441056,0.1585976909565318,0.13142396558185454,-0.18366281754848865,-0.10955175789741045,0.24028141411691736,-0.012024464731625821,-0.007503106039782425,-0.12195142814348356,-0.010649288389472343,0.029669470472215433,-0.01092702313667709,0.01937584108626364,2.5507965789126607e-15,-8.37256674106114e-15,1.9017214366713568e-16,2.051503701347025e-15,2.6278543972700955e-15,17.4444444444444
-3.9060682044384905,-1.2236796086715611,-0.2675034174327493,0.6546523135981638,1.6569427948224655,1.1061512710483916,-0.39067252221593124,1.1276942803437202,-0.5804555964703597,-1.3021821972217549,-0.34617234853941325,0.5752878327519482,-0.12556261328350093,-0.7219866904024821,-0.3896164114682452,-0.5289276348722667,-0.27111986507212077,0.28237586373575513,-0.002016333865405739,-0.17875457283342247,-0.5555941257919136,-0.5535128207803566,0.898908700646084,-0.201404271443398,0.941504840634527,-0.10811591804076275,-0.034067524203573056,-0.031861488381693934,-0.2856715840011201,0.4427579740116899,-0.13307846824473943,-0.5504240434899282,0.01838840290853354,-0.07872512326061121,0.35698422519716105,0.08606935866585826,0.17062926461160202,0.24746174703847265,0.13296961085604217,0.28481924927591606,-0.12067613378855092,0.0014820867427619558,0.11673904814698936,-0.063533501602146,-0.04133657621825962,-1.3415860093845593e-14,2.355119294992916e-14,-1.2072597914421321e-14,-1.8067609962597173e-14,-1.437911751099484e-14,12.1333333333333
-2.6182482804654836,-2.6142023686435976,0.16898941578037394,0.31430150621077313,-0.6242061871914686,0.39641463862056964,1.2724873502991527,-0.4024420001169819,-0.21211467835678752,0.020980590148064627,0.2829755531153713,-0.094136319945008,-0.7912243404345963,-0.3615059652037899,-0.772496275138565,0.3850919664216495,0.2674406000645608,0.602259634272845,0.012013184292940895,0.9798570476475198,-0.7681516456717837,0.021112648225580274,-0.05853383570344158,-0.350000020542593,0.28693963669246525,-0.13695825746352208,0.2088089974166624,0.57820282170409,-0.0693971067851087,-0.12974368652466528,0.04797370445498274,-0.13202788484595096,0.13377793223374862,-0.07796322846882758,-0.03863681030469038,-0.1177714208221144,0.026052973987251118,0.0760460603183516,0.04690310204177583,-0.12989150895531745,0.003989001313921444,0.045744208016141735,0.047199631341983836,-0.00982365754613387,0.02705655210896567,-5.088850069743076e-15,-1.3644555677150366e-14,-5.635438004120556e-15,1.429212751426279e-14,-8.097476043504988e-15,22.8666666666667
-5.622812500262038,-0.7242820496113045,1.3672730922634497,0.4783847300188589,-2.2384901961451176,-3.1146169891768998,0.012538051473257837,0.3067736662813512,3.4499513443910406,1.1435740944237287,2.8494304339896224,2.2972070598705936,0.7351233212155657,0.1484563931320099,-1.1667484056976818,-2.434456701054542,-0.56678524069704,-0.07149585433417582,-0.3422470905359595,-0.14596748949033717,0.07348783266752931,0.33499771229113395,-0.2783682523171264,-0.05143252254247368,-0.4134644254261806,0.5196312876697842,-0.40550399665162956,-0.24931852359974702,-0.00715596707922066,0.1323206491373139,-0.2171657264531892,-0.280565989719419,0.11108273811010556,-0.07329469628810485,0.2325291308342214,-0.2890914189081182,0.21951525248636541,-0.008261561616890649,0.11410854576251424,0.142415909270264,-0.13947041948709357,-0.024847103553201865,-0.05575336086212635,-0.0066116804253693005,0.009062569097557692,-3.708336615589387e-15,1.2961187625242493e-14,1.296953907526519e-14,-1.3654752735920958e-14,1.2616750444099422e-16,15.2555555555556
-4.346903206072513,-0.07897487230686323,0.28154570870290313,-0.022430126514826173,-0.9186881796885553,-2.0434576552378685,-1.0319636022702248,0.8856854203066996,-0.36819486033987225,-1.1012554659027907,1.281284754300013,-0.8587930311013001,-0.1583922278329409,-0.3125116123726009,-0.14933415017515325,0.7348875502964941,0.5316406270104245,-0.9658070770304,-0.9785896595978433,0.15318330289251622,-1.173875678092697,0.2574561049580871,-0.42240507629815877,-0.4693837040825632,-0.012920395357490845,0.10632549388110234,-0.3066945991954905,-0.09691359742577535,-0.02146829658775727,-0.23772359771525695,-0.03575329563643195,0.16627411584425775,-0.24705067166493871,0.12858587799531254,0.35583408759659696,-0.04837213404243709,-0.08187011485810416,-0.027565265629158484,-0.20713614901130548,0.057538741246159306,-0.001389562983179756,-0.11175040211805787,-0.00912226979537205,0.0021487340236293383,0.01668749550588651,1.6814441232545616e-14,1.6308935942859414e-14,2.8022771938115875e-14,-1.4110126718284452e-14,2.0965166521908495e-14,12.2888888888889
-4.795610172075689,0.25547925034501856,-1.6467346061702361,0.11371105478019479,-0.9250342920734943,-0.9005465770323043,-1.7118973608218908,1.0795266120740161,0.23708615242331837,0.4275288324907322,0.5983577004508889,-1.0825259463851722,1.0879857899568353,-0.08200554923704868,1.158885633554954,0.004603668631464686,-0.11330165358817813,0.3948779835066017,0.9027287685649135,0.5032301701715152,-0.3149384501943063,-0.48129474295514885,-0.20555510079330425,-0.3616359330266959,0.1404581902390221,-0.400537847537774,0.4607110845214225,0.6341064598674511,-0.5649588268961641,0.09386401573162619,0.07369729190533822,0.2278642124547869,-0.3110476559975616,-0.05735806928699511,-0.03995016023313793,-0.059794586692390225,-0.17526257521686062,-0.07620723787609662,-0.09391706822975342,-0.09761935947016108,0.04967884759074533,-0.020376229701209395,-0.03179599852180207,-0.02076876223430137,0.00334235623135826,1.3242879675907424e-14,-8.3814414919581e-15,2.6259071142882836e-15,6.344064770601227e-16,4.238085610062694e-15,26.0
-3.7699402957836794,-2.8131267405485074,5.143878723394037,1.2792990246812734,-1.7537838843440001,-1.2375127102836943,2.538745951567956,-1.6093098752730424,-0.19961313505418674,1.227027114172007,-0.41632422640808936,0.2932591670557298,0.5356225300582762,0.32987909792553,-1.053789137155627,1.585035210139256,-0.9187546493779716,0.9223747026619268,0.16038020167489556,-0.4703457482153219,0.9682813996707663,-0.5379697110571099,-0.04210276073070278,0.7713195610993724,0.09032251225333277,0.22233169666228952,-0.34793770643358923,-0.9608432337867807,0.3648367277412033,0.12561887736937125,-0.2997275938449617,-0.32747040958341594,0.2506185648760659,0.23870070147971098,-0.24208158781014674,0.19638642619089833,-0.1065396133423919,-0.01723212086788404,-0.019217856064021786,-0.1830196645265363,-0.25378526779683946,0.14998556447707748,0.029703180848409186,0.03137789956631962,0.008175273752617389,-1.7019855760248122e-14,2.0712676040805404e-14,-1.8238002657890276e-14,1.684851155261198e-14,-5.768420329945455e-15,22.4333333333334
-0.7252094057044356,-3.5495215188711633,2.1513567646261147,1.4109674743544378,-0.5306022302289484,-0.9491501166232824,0.8116715232358748,-0.44793751990108344,0.684362862603216,-0.5305838234951256,0.19122168877062312,0.2186930931951422,-0.4435726179152206,0.06909211449963476,0.3448000047710747,0.5372091236995254,-0.3593833975707125,0.5782693697192021,0.04897662212468376,0.7396978358557922,-0.21772937050419805,0.0068035964582382905,-0.08615737012564723,-0.1245029360481168,0.021071463604692482,-0.3235414838522213,0.46905341884097357,0.0812384588351286,-0.09142416628398944,-0.26190331742068024,0.08336096045129956,0.024251791503310673,-0.18735971312538696,-0.018450299243465803,-0.08716123177740136,-0.07437750239798945,-0.1668669010605837,0.10071179347158664,0.05646866555672687,0.15631991396986683,-0.08813466475232946,-0.026728310811741682,-0.01990816981687042,-0.029805385369130046,0.0047753027452818704,-2.2685474437979896e-15,2.864294615583887e-14,3.975133446379187e-15,-6.7519237230880524e-15,9.91965676096992e-15,26.1222222222222
-2.411406340511179,-3.426807472983449,1.5765826400911476,0.6976452255428854,0.19993210628042243,0.5363528438714075,0.17548169339457362,-0.2525242085339833,1.1490627086582417,-0.16041729335983948,-0.33188551972538594,-1.1961376575094491,0.07169292158529905,-0.0159177385435347,0.8640372660685246,0.31808390439809464,-0.33346404130758217,0.37034158502827563,-0.19409214578273762,0.021274158758911386,0.33309426827238314,-0.38101918354117603,0.604356178814915,-0.3127221273978838,-0.15685997591003992,0.15065976855194782,0.12194352293570491,0.25924800640991813,0.07024813293851903,-0.3390727318778142,-0.04707322785742933,0.31350208610407587,-0.044307275122789,-0.01773899272891516,-0.07389207248464146,-0.07732443480620534,-0.11052251014054501,0.11213059182428944,0.1322701082972557,0.11769961032163902,-0.09157469255459914,0.021016078853793408,0.022996220348731285,0.013797108047604614,-0.006352406644895068,-1.0625417434668548e-14,-1.913667188051029e-15,-1.3011645812767865e-14,2.7449645376507307e-15,-5.354259804827659e-15,21.6611111111111
-2.890763958346817,-2.4298988336828846,3.198476478398663,0.03131121180227858,-1.9863759107834462,-1.8859675056817307,-0.5565279408223246,-0.8709928101471184,-0.6619597967752381,0.03349463310351973,-0.5710248968928752,-0.11476364193969778,1.153867375158149,0.47556218698384933,0.8682480302022839,0.5081017386687955,0.0008169813239999998,-0.09908597968007263,0.09165511166227802,-0.043777768086046547,-0.3095928321090596,-0.36526997113367204,0.6909650334517679,-0.022565913936035333,0.3295455271150477,0.008365976719535456,-0.046435457571965544,-0.22536312937311676,-0.2078346095715751,0.08521142047001637,0.17022767400915564,-0.019333738595071606,-0.16965239418881803,0.12755917283292087,0.19390577761232514,-0.12330648052806265,0.09310262408492169,-0.12749390656316023,-0.1745086551863822,0.07239643565988507,0.08480570937839024,0.005051864451838497,-0.04031607532228145,-0.02576353564923078,-0.000813025883792941,8.362543234400002e-15,-7.203069294423255e-15,9.259920333917512e-15,-4.383638527279942e-15,1.8301768206829578e-15,16.3388888888889
-3.7164837096846544,-2.1325011080107825,2.4223499062505094,0.950117642330732,-1.3374661650297441,-0.6068831329841315,0.2322550277425471,-0.2116783704261169,0.24982269722768025,0.0017008176399272632,0.09298689012917831,0.6595490075303382,0.3162036290535368,-0.09557382882898392,0.250900402843478,-0.33985455180126567,-0.6748780253992733,0.7069604861876576,0.12504850654909597,0.5513271863460638,-0.6125311227048786,-0.9234998585114566,0.041214968409983635,0.10827992900324902,-0.5041892223769963,0.2877438427738477,-0.23877616778250127,-0.36334655021487006,0.041420932070106616,-0.06630580695045094,-0.28539314880942185,-0.09690284127153613,-0.019762285476306592,-0.0422117512329835,-0.09882564093880687,0.11182532880129775,-0.22646872004431465,-0.00654192684602366,0.12708603530067694,0.1501529865553337,0.08591564157821244,0.015443642699924891,0.022907006731626274,-0.028185863938242812,-0.03180459355435083,-1.028156983208587e-14,2.648439309888913e-15,-1.4155994214055141e-14,-2.4570457986920717e-15,-1.2851398757877722e-14,21.8222222222222
-2.599955856868724,-3.060181483711939,4.39030235955515,0.29925179924146333,-1.6534248437065504,-0.1765524034652764,2.251774036633163,-1.2141640183591762,-0.7954311831545899,1.0678425602721353,-2.0228885806300116,0.6631798830326443,0.4597477980661654,0.4735604384209487,-0.1778572079760279,0.7934510470165407,-0.42464822670464464,0.16439170152417573,-0.6036859561037586,-0.9046560644522764,0.8580771950722073,-0.24019374510505095,1.1209813335766854,0.49022939670099347,0.249245436335708,-0.22447061240216515,0.07076097312325041,-0.3336776579681228,-0.06499018232837765,0.11909498429981166,0.48401676660367565,0.05510240631975803,0.18768342168292895,0.0775324249187858,0.08946005388940727,0.13841137543222343,0.14754708645155687,-0.27125562113739576,-0.1442660232811093,-0.19398397327334768,0.017916974871691454,0.09197495126874958,-0.060159439930624156,0.08565861583686764,-0.04941908954488926,-1.1471255655576254e-14,-1.1368318419384131e-14,-1.8232661519547344e-14,4.39983187644854e-15,-1.6892855084625585e-14,13.4222222222222
-3.134318904190758,-2.075528493752735,0.18602190006810948,0.07076530389293387,0.04532371969517872,-0.24516756299600553,0.13943474851058582,0.04022290829432168,-0.3497932427834544,-0.6086082532374991,0.3457023485814734,-0.36455563425251025,-0.29791675664094597,-0.35298550952998886,-0.3190075396845631,0.022194647494085954,0.28572726046222785,-0.2653257728433153,-1.1159974322828692,0.349593058433346,-0.2391104635780257,-0.05829515822776399,0.29774439286338455,-0.05360217553327252,-0.026237673821196572,0.19105718585431306,-0.0734056144207185,0.41820402169897025,-0.11479794331794797,-0.3260432740881262,-0.02950703215477761,0.16297500725701272,-0.10743522761445007,0.04423715482656651,-0.05854828275978732,0.011319106806711169,-0.04581428548676929,0.07332596114753093,0.029949105374034925,-0.010699916646617166,-0.05739991168529441,-0.007775748447309465,0.028987491876075525,-0.012378454939655236,0.014538845901165231,3.358375090016959e-15,-5.2618430575632826e-15,5.876390791102017e-16,5.179583758753272e-15,5.350943963745487e-15,22.6333333333333
-4.473688911797224,-2.453133021410065,-0.10224205465758318,0.1586781918560366,-0.1135967825698313,0.7359517660575424,-0.600218503507029,-0.3398575493852314,0.6070945919650979,0.41599110889113755,0.06863192831867244,-1.0867539846575585,1.5449162882207235,0.6980333050602746,0.3158566512626269,0.794476602436157,-0.21775696272551426,0.15373239902133895,0.047868327389713666,1.4799787212405484,0.30883779491326707,-0.326529739095156,-0.21652726191458288,-0.1033711096284945,0.28208910637376927,-0.15374109503465852,0.028017561566383464,0.33759341133619925,-0.031723889260961646,-0.32473505176895356,0.1481725347502263,0.08449624040746731,-0.11324857261485005,0.03999476094684645,-0.07166900079317462,0.07164936562719133,0.00797543572241737,-0.016811080837701647,0.07813963895216441,0.09061590380638222,-0.021526292302008563,-0.022517415881699185,-0.01964898537900811,0.013688698091170397,0.023045105148379357,5.39195315189878e-15,-2.243489002425151e-15,2.2187322842102682e-15,7.759755521405936e-15,1.2089727829458836e-14,24.4277777777778
-3.4183210246895213,-2.24792831617622,0.025752277652830974,-0.04430987075800245,0.00282240518825982,0.8688011891547641,1.2349210045216805,-0.08028837707680908,0.3926767310568448,0.19638042457878296,0.31933261558231724,-0.6409608555629934,-0.6810657309593966,-0.7689551806548045,-0.5275386034357753,0.12293008580134811,0.5511495446100404,0.43511315295510633,0.20451891751344425,0.18941006224722123,-0.23897418615791602,0.20950022915954647,0.5618390037037851,-0.07594719512173573,0.06330352056445629,-0.0010266954509798789,0.11537406425184567,0.5068628077214872,-0.2014385153141373,-0.12297069294202671,-0.01473542878055237,0.08121992153281439,-0.13967385338531899,-0.10972217008860433,-0.3920719807838356,-0.366964714805349,0.24345650100664512,0.09864541678515283,0.19353174931344594,-0.19601710071255332,-0.04204254564531728,-0.020235200349255314,0.042405461205604796,-0.06042767540221766,0.026345293814898734,3.527812226371526e-15,-9.000519257791629e-15,2.0419377392317373e-15,3.601633079362637e-15,-3.650814511276277e-15,21.2111111111111
-3.246720825601394,-2.201109022044711,2.9707482915907266,0.852654889829995,-1.8043395648048155,-0.5360673899171802,1.4297770237154197,-0.7110517073525262,-0.06024899877894953,0.25854682555405517,-0.5413710334139908,0.9349566993645813,-0.8749741656353491,-0.3502953567379829,0.000698091913320331,0.448920854475994,-0.1170907474063702,0.18460172154169546,0.10552080610531198,0.9184445690693226,-0.17727202350850388,-0.978463701408071,-0.36583544938691503,0.07902303095526701,-0.31915400247075004,-0.18019549400405607,-0.19797443012193422,-0.2710982580303836,0.06503308640350562,0.29917745563361053,0.013656979417042601,-0.09859462263000951,-0.055130700611588986,-0.06957340027024363,-0.10569227460359153,0.036125982915981084,-0.07336680266694057,-0.09884457473103651,0.07150781823153433,-0.04143952461557107,0.08086678434478367,0.021666125996312003,-0.04993318020320986,-0.019540520275870388,0.03371875860111735,6.00914034787777e-15,1.2291093161627295e-14,1.2055041049641574e-14,6.583772440404373e-15,8.413758704065493e-15,17.9555555555556
-5.164681582170218,-1.2489957257308628,-1.9283062506989321,0.13836166240791414,-0.4405203824989839,0.8362992617563675,-0.8589876243041314,0.12047791318770838,0.030785223726934607,0.39237424213140787,0.7139848050841485,-0.396299691202696,-0.13913423650051332,-0.13871097020260395,-0.6693333655529101,-0.37970707791686864,-0.1449282307858105,0.6810076919017186,0.7028642531111016,1.611388401749666,1.3966837910077046,0.39374419171061315,0.43654897208523913,0.27861866045402056,0.3680189387553177,-0.5403007719068617,0.20312956770556773,0.6530169535389557,-0.4082500716834937,-0.20797400167204194,0.0947105204647,0.04559431839535635,0.05640048598238983,0.07180423622994248,-0.09584973977907586,-0.0167152884570503,0.09535000071213069,-0.007452038742744624,0.1372189827768319,-0.18843863241722883,0.2037263426465567,0.11205216198325364,0.1103363367192048,0.03964342334827548,0.018496428334181986,-1.340828192814646e-14,-2.551703935421663e-14,-2.1768832801148402e-14,3.007169485326523e-14,-2.4002435311223322e-14,33.0222222222222
-3.5875811843781795,-1.7097218997663108,-0.22226733557818448,0.4915246493138592,-0.1782485972714274,0.538385780852291,0.050941951032990214,0.4128761483164828,0.06707952495773327,-0.5553322367664001,0.5536842423348082,-0.7677940184394919,0.019292833251631742,-0.33055649736349085,0.03793049764414042,0.18625793812506894,0.1284325966971105,0.27181319008878724,-0.4603631544504054,0.2704734308265742,-0.5860155896883041,-0.4742560691223012,-0.05226898061104979,-0.34380783443120844,0.038751362453420764,0.18867010768812897,0.08764714860126098,0.520516379118861,0.04043526716516889,-0.4058610082078162,0.07852921810518114,0.2618666384623818,-0.08402809994560381,-0.0593063196708586,-0.048503424984405206,0.04448721317163916,-0.0901653366957356,-0.018835472635978703,0.021852568507487843,-0.02621502923329204,0.012600044368926299,0.020747019948534808,-0.019939219351274157,0.0020103136469314703,-0.022320703786270924,-5.8962151824346396e-15,1.7399770707790272e-15,-5.504108924802277e-15,-1.0758923872814395e-16,-8.619351672347816e-15,23.5888888888889
-3.523481242965641,-1.282623583333185,1.685891324307456,0.6217828266764955,-0.6586335001519229,-1.7719139255693892,-0.7146497040522471,0.9815811811499354,-0.75524524841072,-1.5917976608202087,1.4507176058776676,-1.189974981837888,1.009896665598946,-0.006777653548679206,0.3040513504630338,1.2945597742756851,-0.6197105472148087,-0.25070093985726666,0.3125835248033176,-0.29644835847740575,-0.9241886228853652,-0.360800006713616,0.35931994751862495,-0.18478804019685618,0.22483662342661986,-0.27481021359648045,0.12467348057068384,-0.08791171404574753,0.008641115690672855,0.07584004215294157,0.10783539839640348,0.050180108349553935,-0.2882753267103328,0.09032270779347844,0.12018149556503918,-0.07876997388999694,0.007642989177886356,-0.06460459476508176,-0.08893237275941632,0.1459050360718158,0.12069680257053952,-0.024872845136966124,0.0353440269172239,-0.0064297505747218,-0.007126665702559529,4.6964596200346695e-15,-5.680688177946882e-15,-1.077702072759128e-15,-1.6789826837750795e-15,-7.936868919917711e-16,25.8277777777778
-2.928331327616278,-2.0158147119667356,1.808437993395359,0.6413315081435222,-1.3540640050531483,-1.1518567560316515,0.9014314601605363,-0.3111501207407477,-0.840126085720592,-0.7221869310409572,0.3157808621248502,0.09510743563988211,-0.5350582920711643,-0.46491169120665005,-0.1214192341706558,0.32794387849108647,0.08482727933895506,0.7057623502878282,0.04149050487841251,0.05013625842744277,-0.6787062543923094,-0.3411343684082756,0.21351576730581973,-0.10756059530128713,0.28714491684880483,-0.024589260827795625,0.0236837908097985,0.262602417690069,-0.13869241730428006,0.1325715012868041,0.117285496459613,-0.17746753926413103,-0.2591469475642366,0.0061057079552814,-0.07973747278762736,-0.04720332227153126,0.20242851858263258,0.04287419653898856,-0.06802142639726245,0.09274683971006861,0.058927806481728594,0.017872566868459044,-0.06420698673244257,-0.014305393447248042,-0.006327386025665178,4.820581496289892e-15,-2.4295525704227905e-14,-4.9968585291358076e-15,4.9717430760155236e-15,-7.374592565102148e-15,15.4611111111111
-3.3569917536663696,-3.0056881873847647,5.570289500909954,0.6045627669628,-1.717122747175049,-1.4096437072726133,1.1535893476760615,-1.3186261306568836,0.7627453030353203,1.7830316328670595,-0.9379052213177701,0.45948386524666346,1.8552285711475527,0.6264239554717135,-0.11537806315096384,0.3350910363498054,-0.746145835467055,0.3712616408905738,-0.28785709525048403,-0.684215293035944,0.832785351019781,-0.6899594213627387,0.5777639090191816,0.657189115144893,0.28872561211779313,0.6368253878796981,-0.11227890012845466,-0.5275788540142219,0.2675228637812852,0.07645122000462523,-0.1636115964786721,-0.21883249359175297,-0.4055574339041917,0.19027260473627194,-0.5143703481767675,0.26826856815225125,0.12918244069061896,0.03967618883682379,-0.15515927936556043,-0.17430952968360372,-0.2133297011264191,-0.032062151816435194,-0.0456163209986718,-0.0035452525259097654,0.010104114583800464,1.6311686666548093e-14,1.5283898512026984e-14,3.3564355278214306e-15,2.9670562584702563e-15,1.9849647502517838e-14,23.5111111111111
-5.24150110235891,-0.26727554535828274,-1.523735754344706,0.16594737131890624,-0.5731337065178304,0.008855739621908602,-0.6406959849983274,1.169037274490631,-0.0261408528176707,0.14780454154028624,0.7315636459273749,-1.0372264167533496,0.8451350711363194,-0.11102789557283606,0.21353395599588296,0.10356209258602338,-0.5193230210549026,0.711305423741342,0.5080142372234869,0.4614151514490203,-0.3681072843391261,-0.10018461750090948,0.1407281261669851,-0.13322611363828188,0.21342889498658077,-0.23525071816170093,0.16011031441118478,0.3460660867593168,-0.4749283956671465,-0.15112955646098447,0.16263651998171436,0.14945800165203052,-0.1151832939357888,0.06267711953745612,0.2452863508306604,-0.12325061281682374,-0.013780929032125116,0.05192229325727719,-0.013444079650533524,-0.015384679478582266,0.025343974734418965,-0.05070226289671598,-0.03067780727985167,0.04312289864830924,0.03543969987013974,1.310319579426849e-14,-1.7544209268845144e-14,9.076447437314714e-15,4.642778912402094e-15,1.0937289864070679e-14,20.0333333333333
-5.816508151019878,-0.554463586532979,0.7521604444308522,0.6705791464846811,-1.8642910445400216,-2.1804635581458576,-0.7884445008802038,0.6951570285197851,-0.5224404781938082,-0.030693421683058896,0.9631632492767851,-1.144397095357189,0.10264860693846191,-0.4653002321207893,0.30929784552332157,-0.4974863173926029,0.5642530952917715,0.11582068265920618,0.1400639091668933,0.09105456199594653,-0.8812233495474809,-0.11592086616884743,-0.5045263468727366,0.10087130969573171,-0.17639260138317184,0.308813300081629,-0.453913729515587,-0.23109789729201305,-0.014444622118715937,0.22030999869339388,-0.0619371930077662,-0.2002231312704211,0.36333458768771626,-0.032788475016329886,0.3045720312446864,-0.2213073603213053,0.19285920003693738,0.08852693541691749,-0.1879297717770062,0.05412085897196563,-0.07216867598074013,0.0019438357100602839,-0.028069320656101977,-0.02699190815160462,0.023554672598800303,1.6939275173119684e-15,7.142633105836615e-15,1.982923121174502e-14,-1.2743382973717041e-14,4.249661149509277e-15,13.3166666666667
-1.3298227344721238,-3.959445648327782,2.5346982845550787,-0.07886130351701583,-1.1350951173732182,-0.22757919261794418,2.0613000768257996,-1.4293783396082034,-0.7195127368670293,0.2837898475903834,-0.5697004235504463,0.34468935882061513,-0.0729053789256162,0.2326576090451164,0.2257981233276814,1.2146922540845007,-0.8137102930933344,0.38597371743021597,-0.1718078540827808,0.42512843122164523,0.1016263899823173,0.01868984777108219,-0.22873981399664958,-0.19744824558892826,-0.09701434830242588,-0.4047193123096264,0.2076133546846663,0.06883335797126486,0.12941868547645974,-0.31588884983629173,-0.06186498001490012,0.08191461007482198,-0.039923477255422626,0.05294196265723069,0.05974987927414711,0.019118364632090424,-0.1565784577502953,0.034757884564915104,0.08404230780332816,-0.017734178046968148,-0.09801767502608044,0.048976730231306935,0.04574335654007555,0.05171325629678976,0.010758771333451888,-1.1989896677445071e-14,-4.5927427822676975e-15,-1.6122317817605347e-14,1.6831035930092528e-14,-4.2534896393077506e-15,22.8333333333333
-2.801343762418588,-2.6599907074549747,0.26122116197220385,1.6781489523361859,0.11508441855011195,0.7112596110362547,0.1322157723450936,-0.13701938044525208,1.9226111842054374,-0.08652195787483476,0.3985217614101117,-1.42345308613307,-1.6925401866646614,-2.1978662608296076,1.2148401814899643,0.7323090598434023,-0.5173667418349229,-0.2971602326463635,-0.4250891615083848,-0.05216984857101901,0.3892571400466087,-1.0314423375297443,0.4842606637847884,-0.9454404683991839,0.027481220559963715,0.3740258205992196,-0.3697455011368398,0.4709977764791755,0.012869989138137077,-0.19930361999471208,-0.243756777654458,0.3374495744263197,-0.056707573768950935,-0.15018080849217683,-0.09584244948532943,0.0850100532364553,-0.008192300691534446,0.11648142316931313,0.07340754120272569,0.0219892029808159,-0.03667661601044754,-0.015271716032835107,0.027557617747718508,0.0031246750936468506,-0.005001827568831595,2.1088634467130674e-15,-2.4214990138808286e-14,-1.091142465626926e-14,4.617355236774598e-15,-3.7818321570874346e-15,17.9833333333333
-1.2739496211769814,-3.5332471702337194,2.0028705468941084,1.287497998853704,-0.49410389021610224,-0.8974409834544788,0.394301259247894,-0.6157917213460237,-0.7297266967904348,-0.671046127127418,0.6758639829729894,0.0828105784703381,-0.35412910040238565,-0.09956534828458083,-0.3554474513320371,1.1951631048684865,0.006455213373305529,0.26268526202998704,0.6223906564898654,0.807940834798686,-0.039886542974514334,0.10244588687273423,0.13272688602906643,-0.4632669705085342,-0.10980434750103318,-0.33230501252200007,0.25593048930799317,-0.03774370754841132,-0.05830201639358589,-0.20378619714940546,-0.013859333494344487,0.1438443852780528,-0.09388383089799458,0.10630776232230858,-0.01692184928127592,-0.09092621807811736,-0.19468224122750902,0.10876066329042931,0.02911591136641881,0.20673002281998207,-0.046530166516403744,-0.017938463955576783,-0.0008785422157436238,-0.024473998284809853,-0.002170854763442743,5.931741132303456e-16,-1.3434142426195403e-15,-3.711470580387232e-15,-2.4744683674106884e-15,4.374145162770098e-15,26.2333333333333
-3.6752240942830006,-1.804646644178717,2.648485149929394,0.48012133122967454,-1.1216004558671953,-0.6315818090429665,0.29815940596795654,0.2833515189314015,0.1610241265200458,-0.398908802094921,-0.6732115996090504,-0.4742608083363067,0.30730950995725403,0.5449102108231824,0.6728295056570778,-0.10825115106960767,-0.038779565058779976,0.09418937102217542,-0.13979233726306672,-0.4362455937052333,-0.512364074893519,-0.5366867468288222,0.8849915844489871,0.244018977712536,-0.928642440404336,0.1585642806346468,-0.057131103136658264,-0.2600060130514195,-0.13298673999960453,0.3527780556353426,-0.2865733801656007,-0.10637080772468512,-0.19492308923158913,-0.06627125998648611,0.033216390496079336,-0.20438548984561725,0.08540297356074132,-0.01093459219436022,0.06038309022243929,0.022895828470649512,-0.01282001501089182,0.050291075905206845,-0.05447647703049528,-0.018497456615983572,-0.03038951498215011,-1.0531662549904683e-14,-1.435341652024705e-15,-5.010972012199848e-15,-7.555609599840814e-15,-1.8349146566521378e-14,20.5722222222222
-2.2735839738712382,-1.8522604440582704,-0.3965175465578836,1.2580924839981704,-0.8718670523136023,-0.49960250236441944,0.7158810559863381,-0.2138392615991262,0.5827639775772763,0.6171131365782732,0.07717464593203092,-0.3241634700998093,-0.9101240321705741,-0.9515953137630367,0.3228570362060561,0.6183135838180591,0.8604116928124607,-0.21567503385694115,0.3135030573141776,0.6787432573546214,-0.6668812404969942,0.28146762358842853,0.1147643848640192,-0.2704263183521697,0.12917768523789902,-0.05755641198417142,0.2799457875361848,0.7481189021855178,-0.2663965596468182,0.16150014151380707,0.2294511598517571,-0.05765463038927006,0.08823498157182069,-0.14806692972001864,-0.1390018095197825,-0.05390245954135252,-0.019813931383801678,0.06391183232474268,-0.014803798852895428,-0.17161475830681655,0.10606831535080585,0.04087741604603094,0.0852384571453781,-0.004209166825493335,0.0019640221608852506,-8.659185890733369e-15,-1.2869414719666939e-14,-1.2747204226878715e-14,1.1207736360746391e-14,-1.7186919289533163e-14,35.8888888888889
-4.633906249293186,-0.3651348376273429,-1.0301127378585695,-0.04996398931164295,-0.739431200936527,-0.3883502786281056,-0.24622640499946916,0.8804303266920285,0.05071379202733964,-0.0645131828294875,0.6988251110932014,-0.6983779109323597,0.08831158887727841,-0.3346746560931321,0.22563191926702963,0.020278338426722484,0.24863227174066238,-0.036412781987604136,-0.019684243600251644,0.018431954876982886,-0.394240431559292,0.22595681937617124,0.2176011762154743,-0.1073602165359024,-0.1997753860978066,0.03957003114217872,0.051513404671230806,0.36317024651024515,-0.22799423619054246,-0.22125273578296237,0.22391645318025113,0.2986413909579795,-0.23530278970741128,0.05869723165482599,0.07503097716098048,-0.09190687617019831,0.0004010911169171871,0.013692878096907887,0.04508707180142871,0.03750995447817775,0.023283694798087225,-0.07746803716730903,-0.07374310938138942,0.07325071001887733,0.03865098383659379,1.4603820633524275e-14,-1.6593983493150842e-14,1.2181602925975148e-14,6.126339825835936e-15,1.6742578640716834e-14,22.4055555555556
-4.713160540637322,-1.2573880949998484,1.231439778187448,0.7137519976551016,-0.7356776131171835,-0.85215571339313,0.7552235120842147,0.45608500714489614,2.05549225991649,0.4553643985160019,1.179343723744591,-0.28364940090046226,0.13845943843967495,-0.0732958656679909,-0.6979665274071937,0.05031204901418911,-0.030987145358966846,0.3575100438332161,-0.32905569429436216,0.27161268227622826,-0.42488526491236794,-0.2549934734120026,-0.4615987482180439,-0.2957495657125099,-0.15564534444721864,0.16663411495889083,-0.14705292754337104,-0.21123856433938004,0.21047488577895768,0.05809448565622227,-0.09293353375094295,-0.08443483539748523,0.09354193230621383,0.0767503440071426,0.035285669460323604,0.04826903315087761,-0.002557617668721111,0.03290671724221005,0.08640128091181841,0.022571070343668356,0.012352754456032173,0.014870934749942893,-0.07093946827823959,0.0014114029265568677,-0.034586004232282086,-6.380744009498318e-15,3.221611410805153e-15,-1.950782823359256e-15,-9.346838639188394e-15,-1.1485794589697849e-14,18.0444444444445
-5.8860748343711675,-0.3550302728153317,-0.43320626290784864,0.8551671875967378,-0.8965717629716182,-1.1495963338020518,-1.412773344568344,1.0169693435257723,-0.7577960428479595,-0.05690946788348781,0.18344763543793596,-0.6665702336308025,0.18738704029100042,0.12728761980468456,-0.22609993470037482,-0.948724121495931,0.22644549070621917,-0.6920084321029665,-2.0424155028685274,0.6390550679763842,0.9748216720464701,0.025206018307575,-0.3783610765506675,0.395190120816573,-0.5347162864832746,0.02381283549194035,-0.4710116051369813,-0.10137835547025882,-0.019025922540887863,-0.06733204821101221,-0.14492764255941262,-0.03290544813026262,0.021006882855404713,0.10912264054364668,0.010875075578168985,-0.25006035360212553,0.13233847905349816,0.03150311484761133,0.043262408357415474,0.17761843798456609,0.01499122039077843,-0.07848836925413077,-0.021723518339554583,0.03585989300501249,-0.015757373982593918,-2.984194946850258e-15,-1.2283921103194925e-15,3.479965867023268e-15,-1.3342445922185493e-14,-2.7980232354821023e-15,17.5444444444444
-5.812477780276314,0.09842248281923921,-1.9617296059981484,1.105647415863299,-0.24889210935634548,0.10130529672880124,-1.6318958853082022,1.2687450819133803,-0.19944857630424503,-0.2313534788643401,0.2538000255175967,-0.7082250481365401,0.38004469417967607,0.017604547781429936,0.03693001594071214,-0.4886778130968305,-0.6580488200313235,-0.130427288016129,-1.3087833078986821,0.46945894620985623,1.0031911581208584,-0.1678737755413723,0.09088626477435681,-0.017478731299031613,-0.03402795972148145,-0.37874264611794284,-0.08727152884275047,0.5721299528975209,-0.2745076867681392,-0.14803712297383048,0.02617599015972302,0.16448944372681354,-0.02684732331039568,0.10386209718296116,0.12768589853270385,-0.07156508529459633,-0.07042297391729245,-0.09839197852911061,0.0029545131535693076,0.067024292721856,0.0894741731549134,-0.044308796574236246,-0.04168798466877559,-0.015462206370028778,-0.06298420584340786,-1.9821192300121955e-15,1.192277660149277e-14,2.5575942725953688e-15,-2.5076433804867717e-14,-1.1351300764541046e-14,14.75
-1.9958669568994447,-2.51137713736929,1.3464830850408824,-0.1836125698383913,-1.233496495366114,-0.15394492875824664,1.4088885192492988,-0.3608111782324726,-0.5506800057680747,0.014344501994515885,-0.27543492320666096,0.46215774260873327,-0.6472677235018521,-0.21472493648799915,-0.08655062416304479,-0.24790107782552415,0.1572537816451577,0.40878505297366785,-0.4247657756890249,0.2504670322923557,0.06983108674291887,0.33855817119271137,0.15220894752577346,0.006628197931752624,-0.0009546236421864765,-0.46940367623261814,0.35189020917365105,0.5033762321251515,0.03383689156909853,-0.15376079365598125,0.014330747719970139,0.06281071271232788,0.018044221149957726,0.027564158936870743,0.10176257879584727,-0.1413447566423042,0.04897244463243604,0.05427701237515951,0.019213150882610403,-0.18998061554008366,0.005161053869777362,0.04994588028436294,-0.01347844438193464,-0.02515357983377829,-0.011907807806170382,-4.846238521173612e-15,-4.8641529408251495e-15,-6.661655604579888e-17,3.0749753240848456e-16,-1.2188175860035505e-14,27.6555555555556
-2.9329575251006825,-1.986883967385622,0.49046862491941584,-0.39819089144420083,-0.9502051706449192,-0.5341898616470284,0.850127725201266,-0.3348875602222851,-0.5501325057358194,-0.016022470631072226,0.1748243654008625,-0.08033115309657808,-0.8242251177691005,-0.23108966122458943,-0.46012404107365323,0.13691679913412824,0.8273352244594077,-0.6221228634125414,0.029811329285585365,-0.31085773919465554,0.009102172633992076,0.9466155606649304,1.0061885241438615,0.09097768529160472,-0.22898187974609302,-0.2797015044310909,0.2981657647752553,0.707555761395453,-0.19377553016145868,0.054535969226995024,0.12021911378174233,0.09032741352305923,0.10834757809806815,-0.0592423876677725,-0.10727773650738098,0.0844351925796596,0.10866186678732843,-0.05147718369926645,-0.011490789964014307,-0.055129229198873524,0.04182702988909026,0.015184987260821738,0.1152900378969184,-0.08266937169724352,-0.009275322813152824,3.742137292654072e-16,4.267993801640971e-15,-4.687203737189671e-16,-4.035426396105491e-15,-4.489323072328839e-16,43.4722222222222
-3.620190641265381,-2.0200480836732644,4.600370913785503,0.9151489781450198,-1.0134691359215227,-2.787437045907061,0.6208478358198188,-0.37546139425071684,1.962214393083014,1.1983623318789773,1.0594054296306157,2.2891614891260117,0.5230930555867805,-0.5886143649911115,-1.453538450293635,-1.8639110930252323,-0.3631143309535009,1.1234507385706183,0.20942805137062,-1.2192350310917566,0.21502408815975022,-0.4398077334064285,0.8575031269649733,0.089573750216661,0.44733070076413795,0.5585726815578482,-0.18070412508558598,-0.44607520172179194,0.005511381051737812,-0.06372321878166531,-0.07005905113485404,-0.051944889316674674,0.1352681691637392,0.10529653669618122,0.18263337894087425,-0.04903986334140695,0.037820889234484,0.00443739408855271,-0.32159261592044736,-0.19709485328715454,-0.15226113049740445,-0.013795244892085279,-0.07559588961200198,-0.016901025740630325,0.004279848344661218,1.3496997917025944e-14,1.9527788605102586e-14,2.048497669106832e-14,-1.5451728670518483e-14,1.1282931714328539e-14,24.5666666666667
-3.504335488338186,-1.7681953247957385,-0.3080114353513687,0.5305106845166226,0.5955067703282144,0.0985885269281182,0.602794316964378,0.44728486516482024,0.6357760932858445,-0.5244526325188832,1.2275195421839462,-0.428254385861325,-0.5468959495237985,-0.7221068141226086,-0.814751992725039,0.35807906765390685,-0.2829202652028984,0.5033341495726201,0.14148170336068933,0.03291199383993271,-0.17160012602637714,0.2676385143996154,0.65039715519851,-0.179327257175932,0.08954205626264353,-0.21585165613354948,0.19187357084114934,0.49158031416098125,0.08951197623686356,-0.23706166541625534,-0.007647464975279158,0.10782406064905632,0.0016436533110543077,-0.007676018839504835,0.0033642649136541762,-0.05537713527611107,-0.046257505153333454,0.08238574371748586,0.05790200768042199,-0.16583225105484886,0.029738347406210192,0.038654583214310693,0.02349837614407347,-0.0383973458340587,-3.2057907681661856e-05,-2.547389459744425e-16,-1.0790697446206494e-14,-3.2666819711374204e-15,5.0789739817456536e-15,-8.089002864536677e-15,24.4888888888889
-1.750800489415416,-2.938457907202557,3.440965117328526,2.0552790105152305,-1.601027594414928,-0.5429668406153157,2.051264161606843,-0.9319475480278401,-0.2738760828152284,1.031312141733737,-1.2998103857661698,1.3078017560446422,-0.8298815256422973,-0.18217925034985927,-0.2543658868566128,1.1794728902719442,0.24900863184817987,0.5471287641209202,0.3488401293893829,1.4571143148795223,-0.15473995690241868,-0.5361766618556284,-0.38839391254465166,-0.339045801315481,-0.608694516942647,-0.1339479411997249,-0.23066896916595417,-0.6064511512511861,0.13059483095139499,0.3826812734148958,-0.000420843005080949,-0.15918229718485974,0.19844912329348155,-0.17721201575668322,0.29961160796956227,-0.039958420392578034,-0.13280940067781621,-0.09763441016926257,0.04664720873448719,-0.16716745064409794,0.005961327602731877,0.08581202459672868,-0.042500732439952546,-0.0422703468201809,-0.016659034716102486,-7.49799786985403e-15,-7.836354545392146e-15,-3.7288174564696204e-15,1.568910579233747e-15,-1.4914856780804237e-14,18.9722222222222
-5.283042758494882,-0.9879043138622298,0.9136801249492438,1.002824598743008,-1.8756760739266298,-1.3752119614017755,-1.0425833538801121,0.42121841777453933,-0.47806295240153956,0.13756611612748396,0.6478492591698816,-0.8633339255154495,0.03697981214918006,-0.25765769492783,0.04883288577538315,-0.7541081906813571,0.06432285167798749,0.7863457900459732,0.30501739182747123,0.38323419004377135,-0.27358840407077095,-0.29949951412900944,-0.27393603384848536,0.2535827394455138,-0.10236925020438771,0.1375080241691968,-0.27653932982586915,-0.3013653282661134,0.2333787699849465,-0.08164702489844712,-0.3436852416222499,-0.14291605264049517,0.21518002957416185,-0.1005129266243632,0.0721764717224147,-0.0620366268043549,-0.016359205822748805,-0.04447286358823218,-0.09828477980308394,0.035858718879263486,0.06072693276472519,-0.0979991091215875,0.014425147794095355,-0.0694940493507496,-0.08923408696056906,-8.649868851318412e-15,4.891835694959184e-14,8.884991477555713e-15,-4.6942364681391125e-14,-1.4181246467451708e-14,16.1722222222222
-2.4181772655154194,-2.4918250973443117,2.3093603621337557,0.6177068544088934,-1.3641687079153162,-0.9636675484553628,0.17895348603047978,-0.12216789803922462,-0.9913733039530152,-1.3305116451958003,0.54585020925212,-0.07777562181390256,-0.4686055993038461,-0.36093628349825585,-0.16427252595544545,0.049432439439146235,-0.013635317806945513,0.31057793364593916,-0.2503203603471988,0.38802365550565354,-0.5446416631211679,-0.5736157888855309,0.2913441154165417,-0.0668984572785132,0.4425594598163965,-0.05550897511585312,-0.004346029664238179,0.16372224739974955,-0.2499719899116542,-0.0005519531807461892,-0.15264377713778635,-0.17417181538393525,-0.4916569194320676,-0.12144136832981839,-0.16365171042374774,-0.008545840740782035,0.198607337208298,0.024591000492451155,-0.10299325436952401,0.10159024213090664,0.012621644529871558,-0.017559351604613763,-0.04593736751009167,-0.03388586413140642,0.01663103243713705,1.0368284837681521e-14,3.987337684160622e-15,6.755390815766851e-15,3.1721537879221066e-15,6.812789260152334e-15,15.7333333333333
-0.6159894287738977,-3.619122363535673,3.8558597549962137,-0.43964828056637095,-1.020669522672174,-0.7245198012366156,2.580624074537037,-0.8720373281477682,1.2998297464219775,0.7168226560940457,0.01871453285125367,1.683231640401595,0.3387094186451194,0.3919967017998234,-0.42246582376058145,0.005153314820510562,-0.23533022674432913,-0.30997616464230504,-0.43065074287601407,-0.2867027893320911,0.5288543331824904,0.0626292851292029,0.3233323790768096,-0.08350385650270017,0.017413313745154976,-0.5210186528415757,0.7604605745061562,0.6528055636336975,0.10972721208969856,0.15354591534483125,0.2036122248230253,0.09096288778798334,0.1899185044819528,-0.039430815584029964,0.11853694251402347,0.05153006926942526,0.000809767643715838,-0.18893002304999748,-0.07785884744281386,-0.18441221290962356,-0.08406571944527677,0.04822417304892511,-0.004330016376756399,-0.06018395754391511,-0.01544831124894105,3.339554009606237e-15,8.613484606288606e-15,5.1645392684060216e-15,-6.722308045361883e-15,5.494408403983976e-15,29.2
-5.65990394681805,0.21987906789247397,-1.1205373417531348,0.7797422448713157,-0.9075077500758549,-0.02196661679510598,-0.3917401978944522,1.6109298567361272,0.175105736047737,0.7884084225957311,0.373456376920298,-0.4107787715379078,-0.46669269503825667,-0.3340473457482318,-0.8343277557514139,-0.8247848469211491,0.5788074391485619,-0.01396688292434871,-0.891866756703869,0.8493483869660964,0.31751295389267775,0.20141178164138385,-0.6629305773635891,-0.060169271284029,-0.3528587398728966,-0.35226162837482694,-0.04527505608756535,-0.008892819780683178,0.19766965549342136,-0.17227034304632902,0.02351709501906339,0.12146606707466764,0.041855234230196395,-0.13101267209622158,0.16781619092523664,-0.12820466851907217,0.053039815033944976,-0.026971440867463607,-0.03144247058570098,-0.13833830857808524,-0.13706523585548405,-0.06858947664114073,-0.021855538889560232,0.05007994149025323,0.018131589004274026,6.530035998642851e-15,-5.842241738931337e-15,7.019432113112424e-15,4.398803385817182e-16,1.2526577509623982e-14,11.7055555555555
-5.4719606078175085,-0.5055545221151388,0.1803914574193857,0.8195602423960857,-0.6373131758993675,-0.8808790525643495,-0.4664948973735376,0.8925615363210407,-0.5269395272964702,-0.2720169740324159,0.3794250316678121,-0.18057182691876147,0.041032558643412764,-0.03015915858429518,-0.053889899496349675,0.15861365294467086,-0.367541300676,-0.45521509992276427,0.2739396224767804,0.5797738957538323,0.2130993375300476,-0.1834058592401682,0.2572323541661741,0.4824874084770987,-0.5697210076027333,-0.3485950581161067,-0.1291378965139391,0.06931757203709388,-0.16022405316239902,0.2937280368109294,0.178680655387802,0.03199655394084075,-0.1125613280968894,0.007180300304537304,0.043844079334816384,-0.035019876609201514,-0.09572168850998623,-0.21551546155183474,0.10184961613523677,0.06424218862222918,0.1622489356950845,-0.05174019467874197,0.009344061724066773,-0.02124366973371092,-0.01288487961375589,8.116972720108041e-15,-5.971665090265902e-15,2.912412163132836e-15,-6.996982363603805e-15,3.1406417592841282e-15,27.2222222222222
-6.1743325758120875,-0.058567398980576064,0.08444710239293128,0.4381886522385545,-2.097136387717772,-1.9830041071435283,-1.5797532279759556,0.4264038408688619,-0.33821832631431686,0.5869321434775326,0.4291060259636869,-0.7210292433865435,-0.2343773958627733,-0.1728680621694147,0.029708732547271795,-0.8879509774516625,1.4364326981320046,-0.5187600114827217,-0.5590110505116472,0.5677043755722669,0.22743780362059599,0.4142418160661273,-0.33869243145903516,0.1435887002728043,-0.794933992619061,0.09467258532720556,-0.43047144841808566,-0.44499098404313,-0.12042844737568391,0.27492530247920244,-0.2872060283159054,-0.1434520558820011,0.259428022976015,-0.011323455543488441,0.27214838946374004,-0.34103267447600005,0.1353790371754839,0.025058844624567967,-0.22956628960353104,-0.006288331439505519,-0.06298492953423131,0.019679407046672516,-0.02838232312447423,-0.014040952048439033,-0.005121953550591343,-3.4390488012350126e-15,-1.6572614399877473e-14,6.0236755533194866e-15,-9.040652204031333e-15,-8.302450938339846e-15,15.8388888888889
-0.4899556414121647,-2.3616133552709364,2.8188003303734996,-0.6361130370961321,-1.4128352682544678,-2.0612974390180976,1.9481714061885864,-0.50865825582242,0.564349990222631,0.36448844553271464,0.25711705029052273,1.8854014308334115,0.2869002123375264,0.2636899748676312,0.03168260194002972,0.4338595638783338,-0.4955439223427697,-0.07161542478614813,-0.30266155098894,0.09258976205456014,0.5234132595567849,1.078631120244592,0.40138327871002916,-0.3724862382283832,-0.1645743480360736,-0.6545652098001283,0.41208483583465977,0.38563504365690815,0.18916244139126856,0.23173849006512284,0.001981257199519123,0.2111689890141845,0.06115207931388278,0.319944102888667,0.30544679723979307,0.05906237794593401,-0.12715610741324557,-0.004550182372186222,-0.04318711538310802,-0.13020666009372422,-0.0041834173403498594,-0.026032368751292997,0.05130355034247009,-0.07493564193710643,0.0021320204412923287,2.2266055728523825e-14,-3.005542722718011e-14,8.962544556754554e-15,-3.448237995117843e-15,1.3781971487877818e-14,30.7
-5.286887700878902,-0.6295682463828436,0.28747816358043127,1.2030826989203076,0.07847030849655257,-1.3784432215038935,-0.8508603887677696,0.8087407011457151,-0.5509060659358652,-1.3496856793542058,1.6906084400154417,-0.5368133359398873,-0.4762827526989568,-0.710391210442021,-0.9506418899508122,0.6692102986473889,0.048124201884015845,-0.08211553880646232,-0.3487874712545897,0.7444366554613131,-0.23253097184589488,-0.2548616346125266,-0.4700011320788834,-0.10342212583032953,0.14921566034472852,0.027556252490377735,-0.5014290095625992,-0.2473435911413889,-0.040283335189042035,-0.20376468785123714,0.22956663951390854,0.11125926045403339,0.074982372912594,0.08593717177427396,0.17999010618137348,-0.1000869202104467,-0.07168483752049595,-0.1814887598423135,0.08804314189493495,0.09059971197902524,0.14426451393804174,-0.09383078352857464,0.030183951666170057,-0.033324062580217334,-0.05764170871224396,6.92366017094363e-16,6.3050870264447725e-15,1.7856447111380304e-15,-2.4766539664482787e-14,-8.482066079064101e-15,22.2222222222222
-4.47648947845818,-1.2692682813169978,-0.610353629946415,-0.149931262992673,-0.1291928656199523,0.6665833136053032,0.43797182043806676,0.43153740116021416,0.46527894335625036,0.46172767384048463,0.3886991169020583,-0.7544680490229738,0.24931378674372331,-0.34635837194734675,-0.13824759393055733,0.374714606594012,0.23889427014547057,0.5118495126266212,0.24909064918536966,0.4926648183739719,-0.33120053282809214,0.06994891386456464,0.0823487574646513,-0.16902162774709883,-0.09005724920869175,-0.07037933306050832,0.11058428534492871,0.3349463595542981,0.2725878831884584,-0.4065458032028064,0.15960576725817763,0.3562749338863,-0.24907153480914251,-0.09762663826052934,0.16427833318525428,0.10274621946901492,-0.09555853035541997,0.00035591917703502667,0.12022159413180245,0.04557845511447826,0.0719117843905947,-0.045736865130339435,-0.026311966500290364,0.0473894447499477,0.0400795420695084,1.561637342733138e-14,-4.151124974087829e-14,-1.130599578632994e-15,2.1485626394215375e-14,1.6146147233553292e-14,31.6777777777778
-4.892501457724302,-1.2959172981117366,1.964636965372883,1.0360366825944636,-2.2599538277017337,-2.3533821774626325,0.19386966903602604,-0.03630149973073642,-0.5143404137768488,0.7165129664972554,0.5655439919710603,-0.9724807717135926,0.7970322508061856,-0.11435239747519915,0.5992721632903216,0.46931989015576603,-1.0847541809247516,0.5499597241502626,0.7911989849382688,-0.847268082240348,0.17684721987692298,-0.40056750585400575,0.16800782171913195,0.4817544959429261,-0.14533268940525626,0.1055719029767729,-0.26683190175119026,-0.5097300408378009,0.24006297884550662,0.07805320841766904,-0.288819429353232,-0.08020109752722913,-0.0774490952267609,0.07735744964159312,-0.13971046824332004,0.060940645289103174,-0.025366122300109616,0.01066023849749775,-0.03355152429821234,0.1933476373207774,0.01999670834321224,-0.04629746194940256,0.10371584964244285,-0.014676637905448086,0.010951558020742823,5.349589977073263e-15,-4.166337114303893e-15,-7.572693014350643e-15,1.865344843744397e-15,8.835291649718626e-15,30.0166666666667
-6.745525636963037,-0.7709718493549759,0.4678249119629902,0.3452372408394377,-1.6850818397045684,-1.7722518958847546,-1.182937615917108,0.6930164219003103,-0.22674221649478413,1.0314807203508363,0.3972192619805725,-2.259428035615156,3.1508813827948243,0.98824425343935,1.6672977107847584,0.264696933459152,-0.885274916251434,0.18567421036472292,0.8500643910681986,-0.6054173796307059,0.055629345035671775,-0.04001325313761488,0.06652974008304612,0.6524915455191996,-0.4210699097729399,0.22247435871186028,-0.23209152521297124,-0.29960434861274865,-0.10014847369941843,0.19678907330026296,-0.12229361378390613,-0.11519234160229345,0.09065267427753491,-0.039836032723398786,0.07688444265486098,-0.025880533188054833,0.14987464599132286,-0.007451731466701788,-0.07103022913742918,0.11592119969274141,-0.04615714811274023,-0.013431994687453245,0.019653827882963555,-0.031910785130062014,0.03680603045290832,1.07897344232263e-14,-1.4133766085045194e-14,6.495141196926423e-15,1.598110989812421e-15,1.5963022905411094e-14,14.25
-3.7425256622595664,-1.1067965505566926,1.6760949027597054,0.39548410302527265,-2.2075990014380342,-2.206603618483788,-0.14085753452884917,-0.21352916878324102,-0.8054959060784753,0.11695737240971793,-0.21227481607461055,0.47075306112199305,-0.6283814627814435,-0.2256279823486489,0.27583629319029623,-0.0107517390209576,0.03714553857226476,-0.4784016465274439,-0.20227271782398656,0.5704354372776053,0.33811810403864756,-0.24837601537679085,-0.15336347529416422,0.07833524685538532,0.20594884401729,-0.46310969915588085,-0.15397985197715944,0.2084667829870922,0.02484668887128855,0.24436861431920567,0.2188798163056403,-0.029519857367403028,-0.1748608589627782,0.23408852072922634,-0.06334610566077949,-0.05352770718589941,0.038673384597046036,-0.13294068894831626,-0.13921407994890939,0.06627486323869684,0.13625897291338065,-0.10621653562329085,-0.04078514793053892,-0.03853022456429526,0.01236870177593917,2.6437966132550767e-14,-3.925152453016331e-15,2.2717994813643196e-14,-1.1389253839626114e-14,2.048929365305445e-14,15.1833333333333
-1.5410284873135225,-2.861112712166788,3.5780734583743508,1.1843698288650895,-1.6718967928227328,-0.16496597693392107,1.8674212767381482,-0.8098866598372965,0.06291233287595709,1.05300813681971,-1.5482920038282393,0.7136464983309916,-0.22945027760058126,-0.021791313133014658,-0.19459495233621102,0.6129519344130793,0.7645914914363324,0.03568159809782293,-0.6210121413960688,0.06980714930806545,0.2841778052771072,0.0616316884583592,0.735923988691659,0.02437032955344596,-0.11452138005117442,-0.12351776106762807,0.24922338890585397,-0.2038856212539314,-0.05868220208125999,0.3422495877158167,0.21490592161586267,-0.05102576317681809,0.01188296045757697,0.0844539693647087,-0.15198732549965535,-0.0781562139006253,0.06966830163643102,-0.01747716110015861,-0.14015718343956007,-0.09134714852157293,0.0023910420944388716,0.08254557146754872,-0.067437973980902,0.025056390479396673,-0.01668800423632287,-9.125713750690315e-15,1.381202519958992e-15,-6.004930130054446e-15,2.9620639111306936e-15,-1.2852767336901579e-14,19.6666666666667
-5.535625888240903,-0.2921413911694042,-0.7729480052079666,0.9651764703645598,-1.1172210639160014,-0.5559265505994677,-1.7336590968850378,1.126505179559205,-0.20552099376072994,0.38379209344733717,0.5079388315873815,-0.510666674900971,-0.22772349300245345,-0.25539914567738586,-0.49684045119671333,-1.0678526608698793,0.3935794571321307,0.22777147972945377,-0.41024629097380255,1.0065526530623599,0.25723071624122784,-0.3326169848557979,-0.5253333541359151,-0.09432884778468358,0.08976944029010411,-0.42799528109833246,0.16440945443900104,0.11915283885128294,-0.08839512636550241,-0.0898560784096087,0.06898161519699746,0.17759591943198189,-0.04683245148565396,-0.08832029071391449,0.07144856772219116,-0.17210040997086515,-0.11573568416511922,-0.09070740451883398,-0.05448551959313559,0.1380163974900537,0.015071642873514928,-0.1658156334404782,-0.020670854825487427,0.009231618783618022,-0.003936578980069772,1.6190827046056547e-14,5.5308328260313925e-15,1.25897635236986e-14,-1.862688969326349e-14,2.0031983621892203e-14,11.2388888888889
-3.199486058611704,-1.275546248122588,-0.0013441006707143972,-0.3862417960252667,-0.8516573712305993,-1.3056700879608905,-0.41042708878960177,0.1446265056503952,-0.7644949079796554,0.10418336690779384,0.25859534205311696,-0.2789945754948566,-0.22710302495292417,-0.2590742739683218,0.0553928934630333,-0.20874041547623615,0.5088384710854544,-0.3566976169157277,0.4710098706706117,-0.5512739201931429,-0.16264919536622927,0.6289940896837234,1.1419890780659163,-0.006800063101768219,-0.2394816167555551,-0.318202231672055,0.399635994347575,0.6275810861534398,-0.2954640998760661,-0.04348401074366535,0.017268366880940487,0.15229756860780158,-0.08066398005431609,-0.018074431175925665,-0.04282897413294241,-0.10337450929263602,-0.025582191995356635,-0.006431046953752072,-0.045344212347688914,-0.07680729067570062,0.09638100464558694,0.047131343648000874,0.11767268932578676,-0.0002646815293699707,-0.018467558654345625,-1.1711444201368536e-14,-1.00915687587103e-14,-1.7191066820406794e-14,6.8733517409998836e-15,-1.9873314653988247e-14,29.65
-0.8739506480838682,-2.8537835764514328,2.7634705611578476,0.07825710909936286,-1.2692527107669263,-1.4720170956223444,1.319637106808297,-1.0120747423228873,3.474251524362144,0.5825404838833708,1.2447703679684536,2.4232391256282404,0.21108463428533927,-0.34268286834719175,-0.08399078459525189,-0.6935239743910488,-0.23497535725419808,-0.46708358796640276,-0.7316382245236953,-0.024605062591079332,-0.0457801520711523,0.1585658846494751,0.2766393698551545,-0.48257716962644553,0.3346906969495849,0.009590839845549289,0.41994546733202365,0.5942180604273315,-0.3601050683796731,0.010398628504594509,0.08080506602314937,0.05309489139231949,0.10336634802808285,0.09065663343642955,0.03286781597686913,-0.009022724164022024,-0.0883429775256447,-0.04272937851263641,0.012549475297682411,-0.12054946909872781,-0.061775673145406974,0.00011799382122397857,0.03257707125873908,-0.0203242489403468,-0.03715628416095464,-4.594026443263349e-15,7.212150498478768e-15,-5.152757950929923e-15,-1.1170165792643866e-14,-8.860321255266679e-15,27.85
-3.810864493932297,-1.095976108971689,-0.5416820084278167,-0.1618743238895055,-0.15881406033809564,-0.9577640577926166,1.0727237675955628,-0.14536420345560006,-0.22841197133087224,-0.5538303681241601,0.22371410114590978,-0.8255454172867512,1.4272552599526824,0.9788323694721666,1.1510085035674271,1.2430473111290339,-0.07709725373141714,0.4741374045267701,-0.31519315267514786,-0.18530417941758381,0.05973612173995523,-0.1166572366153866,-0.6261376357657318,-0.006744148406259572,-0.4804671147773058,0.16754503310702634,-0.1171068791038492,0.6461101218337285,-0.1842978678705659,-0.2290096549421536,0.21673969355173334,0.12727088872098175,-0.18597951371763752,0.04969568067980865,0.02586974399575579,-0.007620022008391662,0.03230040401152287,0.018951158025557854,0.06458030369332354,-0.09766961292953218,0.018562416173768147,0.03692661937116205,0.05489915479714163,0.052101523842595934,0.009303158313076586,-8.378832533990453e-15,-1.5385456366322867e-14,-1.2852791168043107e-14,1.6684263134708186e-14,-1.3597504829449581e-14,19.7444444444445
-6.254922428233069,-0.17961385008136438,-0.4432394376916058,1.0192533286757368,-2.0835528088258157,-0.7637072056872396,-1.1350393538634067,0.8261040458283466,-0.2759940017664802,0.7999189451167681,0.36350504271841716,-0.4395141147608474,-0.14597930611275176,-0.3141762779836331,-0.012280222416519576,-1.8938473269269265,0.43211331071960424,0.9698450222810392,-0.18359809192665186,0.07263489799789999,0.3962898263165646,0.04853947696796001,-0.1655452328531149,0.21831477551853862,-0.5430451922260916,0.005632374992418277,-0.0885859037884925,-0.039809048146899687,-0.03230184196676645,0.03116775428863331,-0.26408534998486555,-0.12935464360402424,0.2510424010986326,-0.15573993702330285,0.12021304449094937,-0.15242999661456483,0.09549962095534788,0.09252233210217431,-0.03358148004936012,0.04405972088836364,-0.08420256680374667,0.013867948390975559,0.0015980511657055013,-0.00756779326135127,-0.0009825480454407891,-6.709716516885064e-15,-7.124270145782018e-15,-3.548309124730316e-15,-3.4388691895390464e-15,-6.3334812861753636e-15,15.8611111111111
-3.631979148076339,-1.7619144448410708,4.083611213182203,1.03099320680305,-1.8730313232150866,-2.182940558500364,1.7638899969140904,-0.49132334017608553,-0.5817422717991589,1.3158594953023948,-0.3198967980765676,1.003122605853251,-0.4393132932211912,-0.3852920192648642,-1.0052866772084303,-0.06175078067137663,-0.44527703454861955,0.7110161937552715,0.502964459338966,-1.0963198665961111,1.486248325533239,0.08346493825089522,0.7747550808050991,0.7380296636656826,-0.0924378931642091,-0.47801467712763185,-0.017966778706368716,-0.6430620577487604,0.2215760913589796,0.27479277131555563,-0.10949568775476298,-0.05610804133972521,0.3392127762711638,0.15884954875744037,0.1068779291533814,-0.052556375233773656,-0.026543662286368903,-0.0926423675139516,-0.31479823038671556,-0.23207512825045287,-0.13632735431654805,0.0526267728611701,0.04276022852661975,-0.0455953982328334,0.027789311528112613,1.7892075920860778e-14,-4.081897477040113e-14,-3.6336996964637905e-15,1.1771998808865441e-14,1.5546314458066036e-14,22.8388888888889
-4.849582058442925,-1.2201612921833485,0.9000180999882363,-0.32609148333167853,-1.0196254000822678,-1.520650331638273,0.8007833859227977,0.7200046536349664,-0.2142945130226511,0.7750879698744907,0.1788786070233407,-1.7269721704948,1.929823096025177,0.7699362994468789,0.9244272809303871,1.51256720252595,-0.8727438264106715,-0.5998276215949009,-0.32710267836042417,-0.13618034231066953,-0.572410438889372,0.16420873942354802,-0.7846335847143471,0.07410664625009115,-0.411046790086218,-0.15103797586311413,-0.08913984748621327,-0.29806830840109244,0.0757288166975609,0.13312741881191248,0.12327759935895226,-0.02754676392928285,0.15322107813924402,-0.052305015169570306,0.1713544671202165,0.028335531711544498,-0.004242248447269264,-0.023609098277076395,0.005758039231496311,-0.030549864967066076,-0.05007036577883989,0.00801425968275161,-0.056465241642551185,0.060462872331335155,-0.0781932478272918,-2.5282498644375192e-14,4.477481352524502e-14,-4.948553494762798e-15,-2.6286641701902732e-14,-2.2379403110828096e-14,15.3666666666666
-5.439231305196612,-0.6300838036188262,0.9992126384174692,0.6649692213790646,-2.364721718757402,-1.8836885238317786,-0.6167947442918202,0.7680001233574608,-0.675638172648031,0.4474451472813108,0.32197286042874523,-0.8645825856090206,-0.08228878525890829,-0.3452256499685882,0.2951668803293198,-1.0802034525860122,0.3164323305380851,0.31947882716282106,-0.16753730438676123,-0.2648478437961844,-0.4671323971366128,-0.08288374882822278,0.0746768163809454,0.36252570579737614,-0.55259887786102,0.35573863878949064,-0.3256877689006865,-0.4972956442322806,0.00135786042399329,0.040269807760023424,-0.25522260055399615,-0.11783516193153995,-0.1189009404011535,-0.04949497544657925,0.026806028272771065,-0.012259368662520741,0.07177346278457948,0.10754106803725194,-0.026964518341577638,0.2625732236043433,-0.009713908426142438,-0.09038569871203143,0.06457263169655164,-0.001816860958076145,0.0607558888659023,1.5315182065493543e-14,-1.6252955184947866e-14,7.543138097317354e-15,8.171024986268104e-15,2.5121258331456714e-14,14.6611111111111
-4.354030275904292,-1.9652587111472994,2.7563092065969816,1.9987492833464728,-1.4629573416106894,-1.3914507397165212,1.0343483030814882,0.17342515864357919,-0.8054660079721407,0.598503330767498,0.36239342908291966,-0.7954225199487931,0.13967627561968146,-0.26752891842230164,-0.8355932858528181,0.6396890984053247,-0.44279520610230494,0.8896243559841339,0.5735947010087707,-0.43048691466696976,-0.19381224868817884,-0.22951176760661568,0.07308545079668123,0.2374153318559668,-0.005634862549902742,0.11536278349201577,-0.30237456985593913,-0.7100152737609703,0.143341977354086,0.2889899127351627,-0.2739700156918208,-0.2782039809874672,0.43640076417307805,-0.09333846134494365,0.04989553721291561,0.06054276938654034,-0.046577347129576306,0.06307507541442597,-0.13641315798852655,-0.16118552158246474,-0.2193398960011402,-0.008698488598547884,-0.03207452326748768,-0.15979180856491154,0.057802170120145505,3.109346104959118e-14,-8.956861004315217e-15,2.5005711867650674e-14,-5.544564517564092e-15,3.672063931744748e-14,27.4
-2.3185028011582234,-3.2162195514678027,5.227455251468338,0.43083758072593326,-1.3066490533553168,0.3805016476981485,1.7330380775420422,-1.0787270909707152,-0.729465887331429,0.21119433664175288,-2.0621199834564217,0.9262450811683384,0.14860975006207253,0.4774558812856214,-0.2993419910904709,0.9278083766491337,0.06515596795455864,-0.2664894574267562,-1.4157539261592091,0.29854493441378793,0.6083760052464599,-0.8856016402613023,0.973936971868961,0.6981868008485497,-0.6792461325573743,0.32032022060787047,-0.35717430933190686,-1.2345071554900329,0.2526994342575838,-0.1609467063068228,-0.029052509713286805,0.130926124627463,-0.6023571612020592,-0.07523811301206655,-0.4427805081705888,0.49253681423514406,-0.03339027752398798,-0.09208428811667464,0.05633807649577535,0.04094716785297467,0.1247404225680292,0.0804779305178491,0.07651858496351847,0.15054754472400514,-0.0030455463796127693,-1.7852027131200716e-14,-1.933621578466463e-14,-4.416547296422092e-14,4.6084321736924767e-14,-1.2925061047759473e-14,21.9111111111111
-5.645932125752446,0.6396823312576919,-1.7700852377608418,0.22768860266047963,-1.1335791243258373,-0.9067070141711879,-1.2584562391647804,1.214132835427013,-0.23070914735644923,0.21853572051574352,0.5045226994206313,-0.8180000381234651,0.7593966050793636,-0.07736059530881208,0.6371982553353891,-0.20087216837451474,-0.3322795888776647,0.46437895465479745,0.20528136447639792,0.12096088809060294,-0.8738852653954208,-0.119772162852936,-0.28137890351986533,-0.36886994093864606,0.15531691699426853,-0.2256586167565472,0.1269359607515223,0.624991866529867,-0.22940638191084864,-0.08227027385017197,0.19206198321605697,0.1337786387756296,-0.09184266625527482,0.04428289378448193,0.10113647027339992,-0.09030444324334803,-0.08980374783278307,-0.08588621209268668,-0.057072322867603054,0.004773926212692498,0.05751042293046264,-0.08860748986997796,-0.06877054369557145,-0.009399463636552375,-0.030351841177848435,1.4010201839573782e-14,-2.1781231567424906e-14,3.764628355534794e-15,-1.4320984452467595e-14,1.4679155992415047e-15,25.85
-5.679309154948924,-0.36861131494982724,-0.9514803270383352,0.7956774136810374,-0.16981289196379587,0.42855326576853325,-1.0261397920022002,1.0122058129903537,-0.06270936752836631,0.1251087966189691,0.8181674931419752,-0.9766983268092434,0.17062063591512178,-0.10925327508196805,-1.0862777314600596,0.3611187999874248,-0.04977253627368835,-0.04589188257137832,-0.7709363320361045,-0.09094860480287081,0.41413401916181664,0.9825165249832233,0.3998618363937538,-0.3708266260244822,-0.5692054002381537,-0.5543247471839265,0.054918303418616074,-0.3064648788550311,-0.025506064694217453,-0.2945852238061056,-0.3406531629481587,0.06362002007340675,0.08987784038334093,0.0040128601226690095,0.04918507144233643,0.12577025122685503,-0.21564545056974152,-0.01996801685486918,-0.0055208121946587274,-0.07925999695668262,-0.0694733938665697,-0.019231129896711885,0.036796496400260226,-0.07141252318363459,-0.09519948411789143,-1.2670437070854454e-14,2.951721027208255e-14,-9.484301381293836e-15,-2.92402907891139e-14,-1.5636487769462912e-14,12.4055555555556
-2.028269446662773,-3.292802541620418,4.040578767348384,1.186891390615105,-1.7314128789793868,-0.0030272722607086883,1.9721486265467323,-1.4560863344261825,0.2946384709827258,1.146972461559993,-1.7556774230189678,0.7378119209517189,-0.5266338011926982,-0.03852670236774323,-0.40276791664686223,0.8448504569504441,0.3152390568165453,0.18454048592281708,-0.8189142331353391,0.3189229492900542,0.10023996191262233,-0.9617858470438042,0.20480481757537378,-0.19050804916578687,0.31463882460233006,-0.0747421369974617,-0.008785260616726175,-0.32399710296908524,0.021443446400136183,0.15814405487402267,0.23047840953170007,-0.11672630173210877,0.11173570676174768,0.03528541339379883,-0.018563674563350285,-0.03360169929869092,0.11382676323024567,-0.15789969645715204,-0.10773457797723959,-0.1869341423277643,-0.006495643029072559,0.10716523190549594,-0.07757184379487952,0.024601487512213534,-0.030394093910763767,-1.3349582263230127e-14,4.606534972840449e-15,-7.747501503930246e-15,2.4412022510632215e-15,-1.9411660442271778e-14,16.2111111111111
-2.451873765312856,-2.3421658413607642,1.1979990308474944,-0.21441434092635334,-0.8265008678546715,-0.570076774218391,1.2678791953216124,-0.8084178005578965,-0.14748085031805547,0.08817336112365846,0.03864508723612254,0.4780840343704115,-0.8698527171686343,0.048135356570451,-0.9504937663655423,0.8436861674162489,0.5732961724076276,-0.8508249922037148,-0.861141819092389,0.8452734510259863,0.21495275760285365,0.6141853965595903,0.07953088242378527,-0.1770856686059804,-0.043891185998062306,-0.23085073167123396,0.12957361949785706,0.5576478419424893,-0.20791768602841884,0.1097382382075976,0.11297732576466518,-0.11542518780586794,0.051389021011053936,0.07061897151062373,0.059247256828300024,0.036459248808540005,-0.03597803225140772,-0.1337037931685214,0.06466047434470865,-0.20808322030679388,0.02659683423509261,0.0410646719690997,0.07605980782689765,-0.06133723665415621,0.008897216178613247,2.8863204696728036e-15,-8.342701457628744e-15,8.662708981517286e-16,7.512411878294606e-15,-1.4391698887531102e-15,32.8833333333333
-2.9285473400502715,-1.2541715711515398,-0.5124087141751861,-0.5443937419279193,0.01521128186323529,-0.7804596872907427,0.6039996718198667,0.6502121215386801,-0.13757400860767333,-0.36484230117950806,0.12825290551985474,-0.6480205445895248,0.7239999729696789,0.15736302213757436,0.8220321706696363,0.13736743558716474,0.0011784215197317863,-0.31043519191802876,-1.0100997576354764,-0.5808345364946179,-0.42236094710645267,0.29400790240312613,0.3173504242990862,-0.02296087256094278,-0.343343385694612,-0.001855818400567497,0.32372485404275153,0.8485102118893603,-0.05104673956961829,-0.06904389243863862,0.2219083293927705,0.222019736967697,-0.03120221773872081,-0.05636320773832141,-0.18957327547973338,0.044403719500978045,0.06993214558069528,0.060449502209597876,-0.03818902417787251,-0.22717221621792485,0.07463770429265479,0.03708398914354186,0.09176999567021316,0.05054805138744684,-0.0022532689850627854,-6.661220601031473e-15,-3.3237623012765496e-14,-2.1001225133878663e-14,1.959094171137901e-14,-1.6210258684619262e-14,29.8777777777778
-4.216207901847134,-1.7742578561431805,0.024046373290156405,-0.12029791583775243,0.4867569192608756,-0.02781308444720236,-0.23439458145457923,0.39134176914969243,0.1752528269485312,-0.5679129564899125,0.47066882405007804,-1.0161175625705727,0.5623922318669996,0.057497460649069444,-0.13602064359405017,0.759076338908748,0.250223621929552,-0.894749618096031,-1.2215529323450414,0.6561951889515059,-0.2826931510689695,0.06377741663709184,-0.007439871263147973,-0.08661374612237815,-0.036638163608883785,0.250643207285533,-0.28789973722420303,0.14704661783797068,-0.10542916094586403,-0.3905179355212003,0.20736230000381167,0.29489756243235243,-0.0995448152765406,0.02733672072004179,0.059897308635884855,0.014825845637122208,0.0071396855236138,-0.05381073506129579,0.07215190460322773,0.0607381030500245,-0.057151431485742865,-0.03882647094489902,-0.04330783855477666,0.0684482985959935,-0.017617446150315776,-4.7486466078080855e-15,6.011734431671544e-15,-8.3673481442635e-17,-4.528294451686737e-15,7.951373361357991e-16,19.1388888888889
-1.6661300965816217,-3.0362578938670284,2.1043626646033093,0.8983135286328502,-0.9058819638422585,-1.2797453721590473,0.20612162548981763,-0.7573596184664683,-0.5072553347020746,-0.4047917474056644,0.03360430817671042,0.224694108824213,-0.5173657155841148,-0.11990926292958017,0.059446914844375,1.0325877164568968,0.3241427178764214,-0.37414359527163443,-0.37084737141229274,1.0037136204576504,0.04294388538619772,0.22558536552328637,-0.14825679346554324,-0.42286319405792405,-0.14228800570445252,-0.14092060988560434,-0.10590399997950668,-0.1567265947487593,0.08052391272494551,-0.20377932381409886,0.018505562531230178,0.2642173569979089,-0.19713574496934688,0.10291904001142237,0.07988581552896747,-0.08140600229727904,-0.12540124930377305,0.020316060391225615,0.07904602953910529,0.19496218489481287,-0.02481775685366085,-0.0317008115636822,0.024145187445252295,0.010868157996993389,-0.0041502874297555,2.2292095422002757e-15,-2.887679219914763e-14,-1.0961770856592517e-14,6.6611341923698654e-15,2.164699547860048e-15,27.2222222222222
-4.310134182957363,-1.9160265628571997,2.229261663002368,1.1959112703359838,-1.5909069793651363,-0.7798817335457788,-0.1671420634094244,-0.044000047084192154,-0.7761901645104876,-0.29960519765703536,0.048883830697043155,0.2283842050977413,-0.31818116993683626,-0.3561829376892208,-0.0032340445903701037,-0.5587140570124802,-0.35187019543551395,0.6492639726304599,0.31352150931413036,0.49919777008770705,-0.8155806702446168,-0.9905288615928751,0.2881959926658998,0.432175909122047,-0.5830275338956393,0.40049599409215036,-0.39561872652503555,-0.5388544633527064,0.06489654375490692,-0.04756729406481721,-0.3808541317415368,-0.1295609169129177,-0.19723941437690698,-0.10766966380504352,-0.4313205249374062,0.25187932315850664,-0.1996992093363037,0.13105679947030424,0.07771907008207989,0.2544074519868098,0.1034421792356553,-0.12296620051605528,0.05242045625981496,-0.02634225679791643,0.0754001133024257,2.4704730258934986e-14,-1.1322271929824796e-14,7.409900466063225e-15,1.483399061193365e-14,3.541873241599536e-14,22.1833333333333
-2.093591124419108,-2.873440867304222,1.7410253020845847,-0.19680984546072605,-0.6081155129195978,-0.4799902134649624,2.0574968490050236,-0.9610368358434351,1.4824119834269542,0.6755809354699096,0.25828111912974344,1.423752513701343,-0.004531029549180417,0.26888866680300266,-1.0096829460744805,0.3586537337243484,0.3514028504446851,-0.4892416038711443,-0.9830169075692318,1.1181690471136132,-0.05606900079541056,0.7589132224293593,-0.32009491977603055,-0.44935195546225093,0.25717806208664123,-0.247972610669612,0.11466494882389462,0.7282224495984427,-0.11493702987621487,0.29941532068704935,0.128615259607622,-0.09416696856366799,0.22729480358127005,0.08286580693923264,-0.1864915905621975,0.08290588477808208,0.04702060183341746,0.008641868666747083,0.1317485518359476,-0.05701983931159907,-0.052108364391817714,-0.009228540546114432,0.015659941685365084,-0.04785869777589232,-0.007246025908625779,1.988228305151455e-15,1.0604113181258673e-14,5.267254625658942e-15,-8.304607166471651e-15,1.8470607129941965e-15,34.4388888888889
-5.4281279511186975,-0.9934137024442563,0.49873818668826664,1.089725422908479,-0.7593581017059561,-0.5741380570808455,0.4064711669711926,0.5351007228674308,0.10579949523833196,0.543853956295368,1.084857056260789,-0.848551838808952,0.3198440947805187,-0.6126964609750394,-0.5130318673129394,0.1871745810345076,-0.3656074573813429,1.600991023032275,1.3925906000993868,-0.034398352735337305,-0.5031247487362598,-0.17521802399654515,-0.2204436875871177,-0.022084028256928442,0.2584830420566496,-0.10810927260270882,0.026007357455389762,0.04966602637866175,0.13816909424188478,-0.010357601092351518,-0.04382250622561562,-0.08096436834602593,0.0021483838532318183,-0.15754099256594706,0.03225187575986098,-0.07723951943089394,0.09340742687889442,-0.06332561755426643,0.10088603794166212,-0.034163273168422714,0.02513812944555791,-0.05311474683359779,-0.04633942343935949,-0.04765188618108896,0.02173987095548405,1.573804016765038e-14,-7.033621682676818e-15,1.2074384778001522e-14,-3.7267306238339496e-15,1.1739545601413827e-14,17.5166666666667
-3.0597013272644396,-3.0693743311642177,3.243691132863888,1.1186574260446442,-1.2496362962694108,0.6014737421277585,1.3159796055857484,-1.0870439239845073,0.15899530123694705,0.8803891150365962,-1.1547824277504493,-0.017331462693096662,0.2676593825083287,-0.0153274275761774,-0.5021822781716407,0.6854852306051247,0.49646383801714444,0.9782381741577918,-0.0051515177143020355,0.22975464069535195,-0.28940678964518723,-0.8296331033595543,0.6086755425423633,-0.08433483753979301,0.3773541146180546,0.021163459773108368,0.1426883891077527,-0.2118629000461776,0.04640649178157095,0.14784269301464115,0.20176740606629515,-0.14322506636312632,0.13047521713412008,-0.011293817827889832,0.06254327367063224,0.00928357473552804,0.10714810617783982,-0.08868845156791373,-0.04594647411812167,-0.0488373860298708,0.007456140085202383,0.09609979065259612,-0.053224348652869374,0.014001407677933241,0.003187150321069105,-6.894137116001845e-15,-4.140285172112512e-15,-5.049544019210497e-15,9.307456660642036e-15,-8.293293580223986e-15,15.6555555555556
-3.815726154314,-1.0248260836827416,-0.36325690204186767,0.09014976529586782,0.574280009412899,-1.4174092807179146,-0.518266877378253,0.8580753220357583,-0.9348595792751808,-1.0465473026416985,1.2044506988083958,-0.6725879466620267,-0.11494306527676826,-0.5603437184854405,-0.5455853122769263,0.8265345515223078,-0.5809408155984694,-0.4238190155575289,-0.5771158092951375,0.5599847397821344,-0.16298672503270803,0.07140437660172931,0.36564273879743403,0.08201290967259368,0.05669398031140654,0.03905131394739223,-0.1248033123305618,0.2688360469032578,-0.01989442470561259,-0.3816405476661079,0.0587264516950255,0.12225407678358596,-0.2707761998617973,0.317905810623663,-0.16686117619036242,0.04451765470732528,-0.08221630163137812,0.02558527156100625,0.0889492806569772,0.04325226657607643,0.07888827425177197,0.027859942233957446,0.098533774343826,0.012442620796374709,0.032202164395290424,1.9231106154658367e-15,-2.2039036293804454e-14,-1.0401173247196147e-14,2.3704969058365446e-14,8.892695143709207e-16,23.95
-4.031954390866394,-2.1041402133371316,2.6365407018777645,2.502759769277992,-1.3984200585347037,-1.7065479143887492,0.9768099675671498,-0.3707380025463401,0.3761765033566595,1.2362099749652415,0.3919387058364659,-0.7541359115561862,0.38137094222892465,-0.5037901716186012,-0.07248996937208053,1.2710348886104255,-0.230482925621999,0.5889645561440382,0.7299178206833712,0.056734557254108614,0.1675887655138541,-0.1045498308111015,-0.3605422022941064,0.2702664785722909,-0.16288386998903573,0.33986441340329104,-0.33864234624183936,-0.8051265319447176,0.23908062251861506,0.41554995554018387,-0.29190376557408604,-0.015311466255875041,0.3646328162622984,-0.07824062041742277,0.04064000396821857,0.10620661823812802,-0.05887560766788194,0.03366564386633521,-0.0746574506385911,-0.18024502228299497,-0.16285981075190645,0.06193992297121501,-0.006084747550924109,-0.11179493599938142,0.030264947622318527,1.898622061229555e-14,-3.717229157420302e-14,1.979782431593406e-15,7.975192760509723e-15,1.6728807508874378e-14,31.4611111111111
-2.261409073131376,-1.6917332898097712,0.4902351086096834,-0.48341117336445183,-1.5347549739772819,-1.3888469394443101,0.23753626638163952,-0.19846784596933348,-0.7054332486462086,-0.054989596921859875,-0.22338712625668475,0.008818482690436941,-0.25536069494657593,-0.019122340929855486,0.8133384230489303,-0.19977455377547115,0.29791900301804847,-0.38177942059405484,-0.3735866019629291,-0.14172449705558524,-0.3840987299638043,0.2656683227560208,0.19489494823666598,-0.2036924962988048,-0.08664004121995658,-0.30659093206479576,0.333502409119296,0.81319173187993,-0.1864118260247097,0.03031731327578397,0.07684793995770588,0.13732196622532758,-0.037122956285116325,-0.009742155653451854,-0.10663600687690022,-0.09083366394309199,-0.016557768931163674,0.053410401229387235,-0.008984623052726359,-0.11420783923361245,0.032509975554867426,-0.002388379092973214,0.10226008179457916,-0.0030367683803008048,0.008377301250733552,-1.7532006560616747e-15,-9.069073352207079e-15,-6.505843645082696e-15,6.60370735716791e-15,-6.04077083408568e-15,31.1277777777778
-2.454260289766662,-1.4349739165471196,0.647333192355901,-1.0414329342048263,-0.9818529191298052,-0.8790239186016324,1.0549749361442677,0.14766509393183164,-0.3640411770338692,0.6324998789414904,-0.7579078563993957,-0.13207864054066445,0.08053201078367804,-0.08227584852892088,0.512233834382277,0.15405992145829267,0.7641148244231867,-0.33519738511830827,-0.8673038749177053,-0.01691072222777524,-0.6922418214233789,0.49441517399645346,0.13413200087489607,-0.3574489137632893,-0.3450639838663142,-0.37881789801248894,0.3343996720519331,0.4306215785888305,-0.2072588396022488,0.10876405204689257,0.13567896804641882,0.1102905992849284,0.021234348199469736,0.05673671079867343,0.07539059686794779,-0.06612917541979396,-0.05238380261723797,0.017251947030765352,0.03668476279121856,-0.1272598752596886,0.02169484076052946,0.02048080657521321,0.10273192272185798,0.03302011683727251,0.024867490795210737,-4.0528723411992e-15,-1.5691216647120046e-14,-7.446335568854305e-15,1.516964280555012e-14,-4.130855332785191e-15,30.35
-4.137513679115718,-1.844542652114379,1.7261893632882894,0.32228998542570414,-1.1973853560241396,-1.0959360198975467,0.36408081115578506,-0.37796469465057714,-0.07509264215040645,-0.1609740403023924,0.6069464390231387,-0.708314772134278,1.1057673878030023,-0.010739290841421258,0.46690678072772973,1.269608007540453,-0.9628645891373979,0.5264635261826968,0.7716428765613885,-0.34109333040445383,-0.6987465375659799,-0.1812125195074054,0.4025797451693772,-0.14578411215699294,0.40897447742613363,-0.08404177743189235,-0.11441811766165093,0.046909450726271944,0.09305288343840762,0.02057411245875795,0.06814250490025939,-0.06608610909915874,-0.14147267041157172,0.145033488716129,0.042311967733558185,-0.09516012372011377,0.09549456222662728,-0.0151218247606576,0.10521908796186819,0.03472132023319638,0.06960631520077429,0.03384938143709903,0.025419362639745098,0.004049514804590795,0.003579477573245298,-3.1748073655465813e-15,-1.2639308367513083e-14,-6.795320945590596e-15,7.528335776509406e-15,-1.1017654015325585e-14,23.5166666666667
-5.53974437916111,-0.20344932347067116,-2.387924303360967,0.5146743095875067,0.25451636282261797,-0.347761296887704,-1.1547603278747662,1.2873351348578914,-0.22411355046120693,-0.6040314879296682,1.2914662702921733,-0.8807115785449124,-0.17717358880538628,-0.3055590383841301,-0.7980104616975873,0.1556893652673909,-0.20952214431183339,-0.8902902801958669,-0.8175007399503422,1.080815909327678,0.8227087870350208,0.06142252437029222,0.3756209125170248,0.28364314763380244,0.16232884408461554,-0.3252199857304274,-0.0967630751684755,0.5583541812574162,-0.31405707696965957,0.013350944829939048,0.23850272423150173,0.15419965494407456,0.009484813143995859,0.03790746146618827,0.08476566777244608,0.06579243243456094,0.03755791873399872,0.0173479013671708,0.00889031007788268,-0.0563672380519664,0.05377696640861951,-0.011678276027370711,0.04314565086461922,0.035749120081664365,0.04248828314541319,7.643431717335228e-15,7.0156511714990614e-15,1.0643556681750805e-14,8.305595459405829e-15,1.2593764625383085e-14,20.6611111111111
-3.2064110438541147,-2.54164168925192,2.261896845959503,1.7078450064034383,-1.313609562901161,-0.23128850630301848,1.0874933394273387,-0.864457256113461,0.10593992779072114,0.8644647761735322,-0.663112759421502,0.1566889896716924,-0.543844235483013,-0.626687140968053,-0.2836326819388691,0.8810845855781266,0.09689767286158385,0.43381672378510333,0.23565118710279215,0.5041926479584472,0.22884364343251187,-0.578259751670557,0.290868515558077,-0.3422429286840786,0.3537971792032683,-0.05171734910391126,-0.23431574820897927,0.04667298923246253,0.09969333431874873,0.1684982881781249,0.18101153176567797,-0.1417727552230502,0.06500484128284627,-0.007854707318939122,-0.07852735105267442,0.04554629502214034,0.1424511681016359,-0.09188512612372136,-0.01348581017723909,-0.02112471274390314,0.0833324165197015,0.025247812022114048,-0.021197633924185392,-0.010234153184323677,0.002045232422943051,1.4241792232873265e-15,-1.8910833275051266e-15,1.1292798133472403e-15,2.912665136416025e-15,-4.5483289678929995e-15,16.0333333333333
-1.9690304803093097,-2.8106086373115,1.407302683744564,1.1436660499803795,0.7228777540181281,-1.3069443489754455,0.6261134498309383,-0.17487697201077504,3.8792514677546452,-1.0851553293458043,-1.7391235035800172,-2.446089021915931,-3.1705021285818558,0.8752896083779576,1.8985463516339616,0.5660116752864589,-0.7546835353000024,0.7696927265071333,-0.3532385419347896,0.10328534048403781,0.42687983572154636,-0.12702057343868167,0.38250496495633,-0.16269659469454792,-0.2569190861018697,0.07364959320517388,-0.14052884101045524,0.30261102240645216,0.21253169941266853,-0.19897960578230148,0.04397876537103123,0.159440302803782,-0.11130973639489565,-0.07368615491154087,-0.08105492405962691,-0.03814783162454614,-0.10344547452469044,0.08320162082394639,0.08944553076702019,-0.042556549174787524,-0.07812087663752744,0.0337981371879802,0.02699461777462178,-0.015388405695918617,-0.0016414783843437342,-6.874249693653554e-15,-8.466024286023132e-15,-1.066887615963037e-14,5.3450522679571665e-15,-4.532055383670511e-15,22.6722222222222
-2.8204051234341314,-3.8770894919726144,5.5345584784144455,1.3638420652220962,0.012830406826253164,2.2086418941882116,1.2546761723123938,-0.5381344257426591,0.04149417272642639,-0.20379291795837828,-1.332779195804718,0.242133836331405,0.6124369856028458,0.06049243642868161,-0.9085966599448403,0.16017970293128742,0.7775532882449384,0.9789196431465533,-0.6688977152914055,0.19947824354722238,0.36008597019115035,-1.3801528490931136,1.3346475543060814,0.6224251674853295,-0.535160032654898,0.7267033228828215,-0.1259763935762889,-1.172194478026956,0.19638942549314492,-0.21989695755992505,0.0030738352802298897,0.11624680678371355,-0.07580624033184766,-0.07229326615471855,-0.7915572929448474,0.5016422232170688,-0.15095346669820753,0.06775115803432398,0.03779379231780109,0.05086139958243946,0.05648761981392267,0.10420818855686079,-0.007355059009390483,0.11042387563734804,0.05642305716081603,-5.609254920919479e-15,-2.5334506649822928e-14,-3.174090148300333e-14,5.142904292209232e-14,8.123708025873544e-15,19.5833333333333
-3.682709693975548,-2.435665536523055,2.3688054407597536,1.2769577957939477,-0.7884775638831372,0.5889416472000096,1.1206243449592568,-0.7372609769063645,0.31841038224909746,1.0007252742377617,-0.7730884779014601,-0.004834191675853059,0.0372557823834348,-0.08041176441139836,-0.9512436714943457,0.8998533178823612,0.747963342935775,0.7064571511558254,0.10195741194641565,0.8152073923320935,0.25673733184846753,-0.7061424999011079,0.31568936121153723,-0.03420673476758692,0.1893015438897361,-0.19261740031608443,0.13071468462870484,-0.09142862913643683,0.4336572792070497,0.22356141841114882,0.17055182217477446,-0.0401179953884213,0.044019279913499285,-0.0036349592114471407,0.15009538037571496,-0.03126256008265475,0.0735387377098799,-0.10309466895414648,-0.06554840618596658,-0.09196353933946479,0.09080812822051496,0.13722794194050794,-0.035529742453499644,0.03152747935155291,-0.013928678278223318,-1.3840002500003254e-14,-1.151683254825113e-14,-1.2367717055340779e-14,1.453349496384029e-14,-2.2114451791891643e-14,17.2166666666667
-5.450860879048499,-0.7651500013129467,-1.775558491674656,0.14169860637668985,-0.44322349675212985,0.8738559945877467,-0.17772204768754288,0.3528690884478554,0.42895020812789797,0.9875688762000344,0.16624526041179233,-0.43568537927281326,0.05195414646645488,0.059219966486836494,-0.4770201371321317,-0.07056974374279615,0.4981183259414838,0.3466976171355659,0.2167520752083049,1.2556894920081945,0.42510552219300823,0.26018718091940846,-0.4171616527294976,-0.15279061591752233,-0.08743659955679563,-0.4264515743520575,0.18348800864489223,0.5558166305403479,-0.12478361114865269,-0.21124804371103698,0.21272842574389786,0.18665345497002814,-0.028629898330701113,-0.11063894981599579,0.036639781575955585,-0.06648931960748401,-0.08431773331797006,-0.14908465515405497,0.020560158042705154,-0.11155068864369264,0.0667242679367158,0.009788381554790093,-0.12047192252017459,0.04094117950775252,-0.014358882072715183,-1.0513935843350694e-15,-4.56141835721829e-15,2.145553636961549e-15,8.383992507035023e-16,-5.4464667540007595e-15,16.1111111111111
-4.523983046010873,-1.3428821386923977,0.6525280400225433,0.006188608951697782,-0.9398750388920291,-0.22010669010769388,0.13564508902765018,-0.10734880027803806,0.09096628685958758,-0.014371200311756462,0.17278039892077507,-0.7893376782393784,0.9687670122418809,0.31746382975747006,0.7098706214543766,0.3210200435411152,0.49946723180757296,0.12210675464671342,-0.035330332196407306,-0.5630807777988615,0.10002420003275987,0.15218493984625153,0.2621753189475804,0.050211248442644255,-0.4210238422129299,0.24781614712142822,-0.02883837292447396,0.29370755961859996,-0.09941077242443339,-0.22805993059666782,0.18082603254740118,0.2914409976505987,-0.10614104280981752,-0.008538669411065406,0.18098563606610182,-0.0026894507600638477,4.3742476825158746e-05,-0.013855695133655479,0.045613358111014086,0.14961774355555604,0.0020999645245762424,-0.019969737813417265,-0.005875832227872897,0.10501746001018834,-0.040436799295992074,-1.9772089051248803e-14,3.0278016425327896e-14,-5.8238964742513115e-15,-1.1932489353373121e-14,-1.438311417562934e-14,17.5166666666667
-2.2114844231723048,-3.404846361294877,1.715030277864319,0.802382040991331,-0.37276580662159475,0.023234663241525826,1.0418612955841537,-0.7979041564090491,0.2210744742490721,0.052584896809522226,0.07229058012116206,-0.18931259963346125,-0.4411668561352904,-0.4084518372117002,-0.0882366966883428,0.9270792334357122,-0.04588028026556754,0.2673990877220376,0.1352573638235083,0.7405879183375671,-0.07354702448164463,0.011329176626735214,0.08425155703148016,-0.0970707851355792,0.08380827368026288,-0.048279239820798195,0.13154423352185796,0.09546649172589977,0.01880954336653129,-0.22502060533323362,0.023740749653580608,0.25453344222759655,-0.019065917107187687,0.002151168580766142,0.007750792122042717,0.01768587602282562,-0.08083129522921793,0.06863260089421047,0.02209843114310256,0.09499712987638774,-0.09697331982246311,-0.009460310736681693,-0.011245448935591415,0.04258227844612633,-0.03768189794451799,-1.1596944585261966e-14,1.3745671253558209e-14,-9.973872668359549e-15,-8.671210395365875e-15,-6.551503966305266e-15,23.5833333333334
-5.42046891526065,-0.9013578583881937,0.9481097977010062,0.6401073026506408,-1.704630166095463,-1.2512822541262012,0.2427001795529854,0.6335619566147056,-0.08858336476564292,0.4064177207933486,0.7977182387008976,-1.1021016258063052,-0.04984320487975138,-0.6683107237895126,0.17696826633576715,-0.018120687012198884,0.17016460547194445,0.6958407426188068,0.042106538018970324,0.3523013983694304,-0.7968065396489612,-0.13994621222923787,-0.8261141811758018,-0.0952422768750779,-0.319985054153802,0.20287107242623617,-0.3791770403193093,-0.5520362114857895,0.18296167200632174,0.10724541196931041,-0.1314773239192389,-0.21333717713642736,0.36110958735752974,-0.1486161651255683,0.2556346560229323,-0.16202114220584976,0.19148631227083301,0.14365769954951052,0.004067038446405263,-0.14803558894366864,-0.022482900793988424,0.056112027872240636,-0.06935857348907445,-0.024915546516254803,0.01693090717072,-6.317782935889305e-15,6.636751640414542e-15,1.3997636273555175e-14,-4.4309442347964946e-15,-8.675916145517209e-15,17.5166666666667
-2.6323971645118007,-2.910112276732987,1.529527613266586,0.6048919445844896,-0.32175295603891974,-0.4193170920833345,0.06079623791689717,-0.10666435773093465,-0.43914229152781725,-1.5099791111047347,1.1921324597452245,-0.5929219343753943,-0.4993260322863437,-0.1605717037427345,-0.5907635140245203,0.4054283580285227,0.309588320615254,0.08776712402741887,0.08906484134168091,0.1912524751282418,-0.9045901708109078,-0.472349297738313,0.2600803764680527,-0.1596463971553879,0.17103070586536234,0.12357024341694474,0.2903585693841588,0.21283172193194821,-0.405231477594939,-0.17469417076299532,-0.020663562305398897,0.15840857414379175,-0.22567742847861216,-0.23661237034062907,-0.056990102219308135,0.08605201716147169,-0.08692824918041621,0.047812408047503106,-0.1819418420424865,0.15225620310069204,-0.12618931014087806,-0.019872095601036106,-0.028507145047699974,-0.014113172338689554,-0.013132884833573453,1.9109718876804606e-15,1.550214188132866e-14,-2.1517541206593193e-15,-6.784778894157268e-15,8.941855983315237e-15,29.3944444444444
-2.0792677020431585,-3.9161713592243075,2.282979659810269,0.17010868500080076,-0.24919114171869297,0.7595965480759267,1.24772619876334,-0.9208442627125089,-0.2923636479608737,-0.6258700845291624,0.23934878190428463,-0.25971056886959115,-0.12077936934999883,-0.1585173520648461,-0.3651267035825836,0.5586951705005865,0.14238030539927043,0.5016579524827229,-0.10297088997664423,0.3665154820507425,0.32727641124051265,-0.07588700743916474,0.6540360270057634,0.04362237444989827,-0.050299936638751555,-0.042399712235357,0.21876606692793313,0.2618532008651833,-0.0017119058076774628,-0.2786368457750067,-0.09733532642237781,0.012658091655442858,0.0020626584066702892,0.09059744278645099,-0.2420437742310473,0.0055865266617038,0.059706444319304074,0.15730610844802587,0.013799701910645161,0.07082851207771057,-0.0824188732913073,0.05146536297748139,-0.005020278359427994,0.0018303376619862174,0.014906872739775194,-9.964352004368775e-15,2.4992327928356486e-14,5.002792246961726e-16,3.210690414682784e-15,-2.9443291869295486e-16,23.7944444444444
-5.75564112594407,-0.07945254685845181,-1.053619262717516,0.44012483780521083,-1.419744067522068,0.39829418883813755,-0.6279103722560286,0.6169433929723152,0.17167338729777207,1.0468940300322265,0.1729472635526479,-0.3331266304437725,0.0007063183137010807,-0.21719011443874014,-0.25097692953039485,-0.8432297566590434,0.19340534866433826,1.1326757931697005,-0.10109448617006592,0.0007967279926467834,0.3263108168621084,0.7771382227478375,-0.1617323425579778,-0.3965225176387701,-0.451697293152278,-0.5714555767772321,0.21102593491916716,0.12361587279827306,0.07387589902341778,-0.258345334610458,-0.27676376610483533,0.03971937762516767,0.1833922620563798,-0.05636435869380144,0.07360314489378789,0.11135184970497242,-0.16974977867928456,0.014295777611135426,-0.014337384286306794,-0.1432634495165718,-0.09871951130527226,-0.01608559975617671,0.013135819799123268,-0.08691793237155825,-0.08083913387534186,-8.134547058748117e-15,2.5243388990700302e-14,-4.3547496413581125e-15,-2.829379584823431e-14,-1.29617671885076e-14,8.34444444444444
-4.063468996739077,-1.4555079838347134,0.6991473656955766,0.4010486654828714,0.13964801146375586,-1.438035612229907,0.16634473194635702,0.33963632120798376,2.3780929271746163,-1.2443363900372044,-0.8622922713599567,-1.6950065030812236,-1.7614626855667634,2.013177275483663,0.40872523531018734,-0.16614422776239518,-0.7419500527893615,1.4106097275105285,0.38668074408548664,-1.0592590805737763,-0.34590064462039083,0.3861393812442395,0.8554815448477087,-0.2606793504062324,-0.23134320046137616,0.14754684947420652,0.08309628626826852,0.4260066256927717,-0.12445066721015059,-0.1439890050185369,0.274270852967063,0.2660568124268988,-0.25678263392016754,0.036024258262965125,-0.040389572951656884,0.09805177398630636,-0.09229858172252742,-0.04734076856318974,0.06315198176559077,0.03776030894185469,-0.055617516800497854,-0.127485544649189,-0.039100154366635755,-0.04261368389555854,0.039479096330602086,3.1321443674091575e-14,-2.522674168341986e-15,2.2962507196966382e-14,-8.300502425656762e-15,3.7504114645506756e-14,28.5111111111111
-3.300933061857995,-2.305052927357362,2.3921842110726512,0.462799254574487,-0.8688773925620566,-0.45165760480365574,0.6044302219945851,-0.1602848215020376,-0.38250502560594785,-0.6345923758552069,0.0355491068433815,-0.35233195409376117,-0.036482845411055446,-0.23548977473156846,-0.22257778536312908,0.8944383625652276,0.21460327192079973,-0.2532700211274011,-1.0729893180129215,0.4571865615591281,-0.22285296442258792,-0.18786577742181385,0.0623881073360694,-0.22020559449569035,0.0928200210462956,-0.10258270883665777,-0.2838666674736879,-0.277106559048025,0.19561786238807338,-0.01973293374136809,0.17663455402320888,0.005513074708857655,-0.2099186006773347,0.09778212516401347,-0.011410176435959513,-0.09954984331802454,0.1328548167294412,0.016079670688513622,0.2640433698292883,0.13602496355330815,-0.02832197002871319,-0.0465982818202687,0.029902587236543324,0.03911942695665663,0.08995082262912857,1.4543433731560947e-14,-2.4782926985554297e-14,7.072550899221523e-15,2.6003566650975985e-14,2.4998375218578176e-14,24.7111111111111
-4.298636948259761,-1.8508245921144977,-0.3463663080530369,0.5169394713858972,0.2793549432298291,0.9821339138064996,-0.14525449368346727,0.6056065684497546,-0.2232279041688084,-0.5463458523356883,0.8920339355709812,-0.8281239337446236,0.43308296677448527,-0.1867425286074573,-0.6381862181743578,0.3212460791821652,-0.5680165758222204,0.49751199778452343,0.05964634252107542,-0.05878280944743306,-0.1023428746982231,0.24536353062257074,0.7697611609534247,-0.07904119061179105,0.10520023508087606,-0.16516688592942244,0.22779419147992683,0.3633633253659749,-0.017616651381140432,-0.49122752143600756,0.08281105717897916,0.2497626595512772,-0.07316860058091544,-0.007410138694093658,-0.009493079158742361,0.12361403940075237,-0.10720237423572015,-0.02267237494439185,0.08036916784830535,0.02802759856941515,0.03565871795600092,-0.02666606962801145,-0.05685193292800604,0.0016482117471630176,-0.05514704598294591,-4.836057600318404e-15,1.756729982931111e-14,-2.9375505586269167e-15,-1.6080360605180387e-14,-6.679166674537027e-15,18.7166666666667
-5.050565799171357,-1.2329441166022128,1.6766239539485703,0.7585691218069228,-1.9731057279623287,-0.7740657841426082,-0.2673039408956868,-0.19187040062690922,-0.35310463657271934,0.3924356396259524,-0.058326843976764735,0.09021996966802685,-0.38200447633606555,-0.26248836007013376,0.1521756799736149,-0.4031706007192621,0.380787361876971,0.6497256552991737,0.8006798087818502,0.6744772535962532,-0.5546868992514149,-0.5228666407744099,0.1655533104000649,0.4114881435199996,-1.0658344786969045,0.3622243714865016,-0.41531943383985653,-0.8488983420175218,-0.03155431065392136,-0.057915423947459396,-0.46952453352123763,-0.05978708496299113,-0.2950493512564661,-0.19391046634164838,-0.5172378990507353,0.5691180514007356,-0.34121334029212413,0.1335667381820579,0.08587809798829048,0.34655526071913895,0.23867110170003553,-0.05532902515573295,0.1677789023479937,0.11873177523906331,-0.03592464904612153,-2.3175932079848774e-14,1.3319841430549884e-14,-4.2334142835396416e-14,1.569102399656403e-14,-1.6810183414117052e-14,26.4222222222222
-4.883368656257817,-2.084229749689394,-0.23081961375699353,0.09495595489862375,-0.09696750642559429,0.69245078486058,-0.5055160009585812,-0.1438246616524783,0.4354252558986049,0.15294762867478756,0.6821875445315135,-1.426022665590538,1.593353500760441,0.3165923120513981,0.31077403298676326,0.9723030845359298,-0.3235242805871328,0.3204021029811147,0.9076799304539832,0.4509073742542099,-0.011868924799347683,0.11915990545364763,0.5169903318362626,-0.0062941930254139765,0.256908197283667,0.0274124147558843,0.042664904028554926,0.3757122188958019,-0.12908906507591714,-0.33949100860413517,0.12527306020066628,0.19844843497781753,-0.05530721097778853,0.0476723367732299,-0.0006450085344584899,0.030155869020549,-0.00950675404334476,0.004905896309985961,0.04218283455060475,0.08417531879271996,-0.03666229664463549,-0.028855890303241177,-0.041940365638154425,0.0707311241393104,-0.033861004481136096,-8.294171814176287e-15,8.671655442669745e-15,-7.572848978325424e-15,-8.098422344392769e-15,-6.77406165456184e-15,23.1888888888889
-3.147261889510167,-1.9960803865207635,-0.07103490030246032,0.534350348927423,-0.026158450682670687,-0.7871542098339418,0.3611520771419696,0.1412634800125482,-0.8460451240738521,-1.3699792322923354,1.4366980017497875,-0.1408140038137179,-1.045967381306836,-0.6225566173138298,-0.8433106202051333,0.407058616528809,0.10407630258448337,0.0417149676417046,0.005499673849818073,0.8881131147501007,-0.027059559082371596,-0.07665693295764392,-0.08280654791451615,-0.03842013573895217,0.3477610938559328,-0.24052595076367983,0.03370108485409178,0.7032043445162989,-0.14212797958642978,-0.14985431432629073,0.13121946383449865,-0.010727031965981362,0.10158462210689402,-0.0118841094004579,-0.16798852274548887,0.03546076710654868,0.06760866020145496,0.06511098848470326,-0.11240956802455696,-0.030080223431999058,-0.001737837340895786,0.07460822632947647,-0.05804338519576604,0.010688126860457225,-0.07117368532103865,-2.0108181880613265e-14,1.550576936858184e-14,-1.4549446376002618e-14,-1.1052895231264997e-14,-2.958495280638217e-14,21.5111111111111
-4.79597365238423,-1.9309594794188327,2.9284872709537932,1.0158293835296892,-0.22213633440480005,-2.2524495180635387,-0.22309303096528846,0.06264535479289045,-0.2788851701543879,0.6778894617191333,0.5717569049571252,-0.48013541979964414,1.313903151859327,-0.0840904860870081,-0.5568278336538376,0.2492022103487614,-0.8075428127938615,0.36049525386887005,0.4586560124571018,-1.0165863696259716,0.6495996492816267,-0.22670295703116566,0.9049365835805308,0.7113611369037401,-0.069872266772527,0.22801919980037608,-0.2715598728135733,-0.7855280586979084,0.2506074777425513,-0.20385384427810777,-0.17100174276748575,0.11018002140636139,0.10816731750210824,0.05038635835832362,-0.12646869977137462,0.26080072040833996,-0.13038931985440672,-0.05772236786872915,-0.24983930414673708,0.022553562110574167,-0.007035553783307412,0.0029196109901125974,0.07767124954993572,0.013092102541305165,0.011189255543160838,6.443786450642712e-15,-4.225827340917709e-15,-8.788691710276032e-15,8.812430413004514e-15,1.3775105609242648e-14,21.0833333333333
-4.240750870000275,-0.815171304851356,0.6385022084446953,-0.6727576594478658,-1.4868007295234429,-1.4126731317084569,-0.5789167870187591,0.3879136398707861,0.006918512735004384,-0.24246150984128634,0.5976092053227049,-0.6584478729343837,0.477270409995073,0.15992642312190247,0.672037070566316,0.3205965401884831,0.17532768704435245,-0.4606160127635479,0.10332992995459668,-0.17102901941740403,-0.6348672332795153,0.7184620811187276,0.279789034384726,-0.23374135047697936,-0.2801800143242454,-0.07117465743412757,-0.03552695313116876,0.05499188042675324,-0.16880531632787044,-0.23418246447232569,0.10443411763426026,0.21287975267544912,-0.19130084930220548,0.1703442385488746,0.1827969050440228,-0.004250467232549836,-0.06699086976015152,-0.004666398576404687,-0.015360349923002474,0.17178794617461676,-0.005609660542704116,-0.11585268959319528,-0.020401889165732084,0.018051320009215745,-0.0058420576345444685,1.16113463469898e-14,8.675211466048877e-16,1.2051454150464357e-14,-1.4002546689767986e-14,1.5627523474082675e-14,15.0
-2.5786665687794694,-2.7219430027132883,0.6903228424657868,0.4299184300316909,-0.16188662302577386,0.824240116697319,1.3485991452648587,-0.25579878668798184,0.11295463476807659,-0.05870227744634659,0.5650900150278887,-0.2649173805099712,-0.66782456054897,-0.6724783447384746,-0.8431149814727872,0.5158070548565893,0.20825188812591713,0.8912262713803545,0.17632332202256498,0.491549223250722,-0.37184343178760726,0.35721765217466306,0.45274890935444,-0.34933401753418075,0.035303224922993176,-0.17873275103033529,0.4406647846526421,0.5476921795315575,-0.08782596129897105,-0.06442050111616407,-0.0381801157686576,-0.11051220955354589,0.1959836949912438,-0.05412065577567177,0.09286951952315849,0.11343277579639073,-0.09767174196896287,0.10624439260756473,0.07846450632338955,-0.1343042206269612,-0.0027276291306461355,0.03927762444550317,0.024570639553400223,-0.06763541746635734,0.01857237989979675,4.175721348587267e-15,-6.303560081213861e-15,2.5455860734789294e-15,5.30633201709829e-15,2.667916027436793e-15,24.6444444444444
-6.46357816542171,-0.31941406140931705,-1.2969647906178383,0.9566949704342634,-0.2612034965652383,0.4106023239872496,-0.9441851666938922,1.1076519627639523,-0.004581758532111554,0.3727466499429266,0.6388951229069213,-1.0820394666193498,1.0078545700887473,0.18229954857048256,-0.3578532778301615,-0.21749410464995636,-0.7299599113824948,0.6442130484122566,-0.5489832491698035,0.27053079291606097,0.8093987962294056,0.31304364733479856,-0.23630935008139753,0.08086209359135806,-0.1979735772731451,-0.4066346713003831,-0.08899933527226492,0.07955209797308713,0.13342191637426326,-0.29108309860362064,-0.21163544148609292,0.026006430505357246,0.1410104461107751,-0.04488715976863982,-0.01616126351007758,0.006053596142720939,0.03086256077179273,-0.0022818094535125414,0.05380312100791091,-0.140702359371681,-0.08286480603316143,-0.00701836799843479,0.005749799978489769,-0.02522026346911442,-0.06147917964566114,-1.1242425887937963e-14,1.7824474002102642e-14,-7.616845447943321e-15,-1.8300298681352664e-14,-1.5541088514074578e-14,7.06666666666667
-5.420212256532614,-1.0262457520414168,0.8214235808188122,0.5444118879541514,-1.5923391688266473,-0.7488893528288966,0.3961175974117187,0.7493257147725192,-0.22128651426245616,0.6961838120246927,0.4486150904413072,-0.9834672988849057,-0.08875705917120512,-0.5175454726691399,-0.15411578978941717,-0.5420040029441731,0.17768612396079853,0.6039892249087185,-0.09064892023373668,-0.159084399782838,-0.9021577090057205,0.028069489530165182,-0.3872002842720747,0.08786576602575542,-0.38318421459383895,0.3690709310186134,-0.24882143074126345,-0.41187203890727186,0.08182746645119345,-0.06848822155173151,-0.1200371408961939,-0.07298887304910985,0.27665518831433267,-0.187734978708646,0.12280509972533343,-0.08660973484434095,0.11808901129399628,0.11258424866478767,0.06132847277326012,-0.047130086931785525,-0.05689618297648117,0.033874784706472844,-0.083462503659724,0.056582497233694774,-0.023846766641394436,-2.0605477087875716e-14,2.4016973916524232e-14,5.04566615836607e-16,-1.085969667096305e-14,-1.7828518256110922e-14,14.8
-2.731263161991286,-2.5882463812578416,2.3856960274197356,-0.7860283292845025,-1.8072691347564516,-1.4089238615885675,1.2460590832238534,-0.9755895233217061,-0.5310555844523125,0.6137359886850394,-0.7690528780605701,-0.2258659011925825,1.1215415300334268,0.7780634988437116,1.1946158489375078,1.421476837207792,-0.45567653650955986,-0.3287694084523604,-0.1372993077325782,0.4843264648772201,-0.24830643778581296,0.19729063762829543,-0.6340600462798723,-0.11505611958940822,-0.05743269941472705,-0.43823738925769623,0.021435043521485245,0.07131542235093424,0.24293405290511788,0.013250059277995078,0.1775052310701496,0.0309263016604451,-0.1705608831963042,0.1340158215513839,-0.040531120994381394,-0.13806323691032657,0.09616716476784094,-0.047355020006264945,0.13829299977342183,-0.0530011899006961,-0.03129148143139353,0.062003642712534036,0.022430832108019137,0.032068344308715885,-0.011180885656283631,-1.490658562133547e-14,-5.364574651264972e-15,-1.3919424462497084e-14,1.0596572831505887e-14,-1.7096545122382652e-14,22.3611111111111
-4.142488239043854,-0.5480403568720268,0.7309025761180076,-0.28892239029602274,-0.8506381649055732,-0.9068991185447125,0.03656442335889371,1.2031750948836721,0.41985591721338383,-0.38222151322871883,0.23761281663278036,-0.8957220294359489,-0.12433373977814262,0.11127062866381156,-0.0487632585275417,-0.2078441029505588,0.9206652915789031,-0.6157875866345918,-1.6376923326162391,-0.2311139659093699,-1.0641164710855406,0.19123191689636357,-0.37474258419218487,-0.4009490638052823,-0.31587138766706147,0.28487091730448016,-0.09409319917419566,-0.14177751895101864,-0.3032256402458873,-0.16196784576479223,0.14297051424998328,0.25657599412913185,-0.17149491780035372,-0.16573170816849664,0.35072597660855703,-0.0048904121453158126,-0.0006879850662109993,-0.029255125478296142,-0.09462519448239412,0.017538044925133306,-0.16276701140413413,-0.13603988532078765,-0.1019528560031478,0.09072422128246531,0.01648963934316366,1.451124253189957e-14,4.7820941732417864e-15,1.9100659129993012e-14,-1.0132411614960677e-14,2.5902971888917618e-14,12.3833333333333
-4.202219760976998,-2.0701407884887923,2.2533867980055042,0.4893381204388062,-0.4502574918684875,-0.19400827668191642,0.46814864184092964,0.13236085609488407,-0.1268052466507108,-0.01670762856619945,-0.3222869519778256,-0.5490874481092385,0.6969904827249923,0.04914086939577575,0.468462170919442,0.7282340773211085,-0.2729227723034006,-0.7709009832938915,-0.47143385703789775,-0.053705138147086995,-0.2618585943562223,-0.29926894532145937,0.43502831742763604,0.2834775252153403,-0.9031726777965358,0.08015341010452919,-0.17942401484204348,-0.17296360927210735,0.10607820859124643,0.2816233513366918,-0.07647772418263882,-0.009824443144589433,0.34573128258808655,0.008335543287302941,-0.0035397282251741656,-0.021598638290442597,-0.10316089686859493,-0.09814437836695303,0.07032196600610673,-0.10734704139327626,-0.03743732752322275,0.01586170281626319,-0.10367020047520568,-0.12158027345474921,0.015729313502422734,2.111551236571195e-14,-3.4086469811458206e-14,1.581312254173003e-14,-5.6731604351556454e-15,1.8149479903847116e-14,29.4666666666667
-5.71853014267642,-0.7697148431919232,0.8226958248668059,0.3727617852168773,-2.07199058330756,-1.5195575743318503,-1.3136418114172819,0.6361126424879225,-0.3522624468591895,0.6200784748630442,0.25896733293913,-1.108997392112667,0.46443559300443543,-0.04124023912024358,0.33063908163240946,-0.8748594812386474,0.5527018937924344,-0.12039943249601665,-0.3736937574474481,0.38684528474396285,-0.11451704275819594,-0.0003007749601071713,-0.0451821961131859,0.33929557722148046,-0.5365712691088079,0.3452080837817882,-0.41596873442598825,-0.6505055232122522,-0.08920286908850568,-0.05459322912187824,-0.29116049258632964,-0.060984609377618876,0.040782538846114706,-0.045618665376450616,-0.07121150232249505,0.04466557574736197,0.01699842391080747,0.021984138419496348,-0.02283188164989015,0.20822990876501832,0.08548490404489345,-0.05552528717747351,0.05826612252338351,-0.0028592911328983012,-0.03558327646840698,-1.2057853457975606e-14,3.3329591343443683e-14,-3.638143231374343e-16,-1.8935346218422582e-14,-7.159339584581913e-15,15.6611111111111
-6.268517049472062,-0.8439293182238805,0.4885521852978027,0.34221870970924406,-2.333577274944318,-1.3641486238075031,-1.0697763487322514,0.10623647727539588,0.06144420100704729,1.3632082446010587,0.2013050804722448,-0.9210161385368744,0.06806107480003962,-0.05788217867945647,0.2520623477489456,-0.7737101371641755,0.7791367060937998,-0.08037344901079604,0.18743728479094354,0.8424681325268808,0.8372864589951954,0.32816880285145755,-0.23064010137942925,0.4404669220041509,-0.812151336626688,0.07537469507920544,-0.4475948417708716,-0.7367778693434451,-0.11839162763710535,0.05635106208658788,-0.35428948314783554,-0.11846772979641959,0.0270516699584017,-0.10553095785980372,-0.1091578912480151,-0.07043795002917332,0.1147354968979634,0.05591295393581354,0.043812768557786236,0.17530028761884492,0.03441906227051921,-0.020433876452767414,0.031388129089250136,0.0012732869454578802,0.025261224041854855,-4.922018216970573e-15,1.3323427432886611e-14,3.739697848746486e-15,7.636107898560156e-16,4.129930546546943e-15,12.2611111111111
-0.2156276319214995,-3.3362332240881707,3.05828719386032,0.8136814577057045,-1.3297210965243393,-1.4483656083895993,2.5419687764831527,-0.9523357384603316,2.8546838683441447,0.6197885646584519,1.2588882259914662,3.01729195051238,-0.24688287641671955,-0.3699875110357368,-0.6129966973115801,-0.3095233678024112,-0.7965423526893896,0.22421169465361449,-0.3041186667055133,0.8537475620009856,0.30795296986630366,0.09387183169374254,-0.3754610790034333,-0.6937308125858457,0.6825204839707432,-0.1112656155184216,0.2869753914248643,0.78027443546564,-0.024214207955348604,0.2950561369894898,0.21647575078429934,0.1279201536527761,0.16810223693577847,-0.005509928539190831,-0.048591760571456526,0.02439571971928684,-0.014855504619046651,-0.1042717275461459,0.113205355222782,-0.1731314776098647,-0.012122129930855452,0.009071648720166794,0.053924334650619306,-0.07581685355556574,-0.025004142421441014,3.133197339498376e-15,8.25716937721219e-15,7.795510776526467e-16,-9.995878785339943e-15,-5.977094754448475e-15,38.7666666666666
-3.3229140838204243,-2.832778949371196,0.36770129712398936,1.2878331910788636,0.8396240708953009,0.6149155247738822,0.24948516248952568,0.07994196321975958,-0.14217270197677528,-0.5773289400943119,0.7427533056073149,-0.6404426047182797,0.00569280820715259,-0.20793444240197936,-1.2042534584260638,1.1365707551815944,0.01532002867301044,-0.22240365620684274,-0.5264080438468504,0.7414106931554539,-0.2318412310927345,0.034463398814259624,0.42433905341043854,-0.35610885935527814,0.0030995956724774714,0.14395026992353893,-0.1287392252477778,0.1130272654888863,-0.03281137894766864,-0.40897401755411433,0.034262915684406516,0.12440136230600904,-0.056548152056932095,-0.01737601751949236,-0.02593656807905586,0.06865357907039232,-0.0007268979256293545,0.051211186685528126,0.05897579182972877,0.08978172074617712,-0.053124929258406554,-0.03732606940612732,-0.02528453697323775,0.04338479770754354,-0.0020448860585110047,-2.1719123994866446e-15,6.204801988431834e-15,-5.653170601403675e-16,-7.611650196635118e-16,3.8189995121959995e-15,32.0611111111111
-4.238318363935994,-0.015263036449570468,-1.219473668589581,-0.7100029479820217,-1.1171397181185225,0.17860647809979546,0.4987385428542734,1.3067553267437289,-0.23770888213151944,0.7926600202397451,-0.5639069070531145,-0.3100350481950824,-0.08821976735784917,-0.2777323208739522,0.41750221945969007,-0.9444853113470136,0.20063402731413124,0.293838560981058,-0.8335706577934575,-0.5265778252395357,-0.5627154632931738,0.5076607191658558,0.39509882998515333,-0.23118408221894995,-0.5185121888744227,-0.2414179779369919,0.4126531156472233,0.6468862023003532,-0.16962688909120294,-0.18565766247579324,0.15949191605061394,0.29514425971579245,-0.14116405861549527,0.03373291539334958,0.15744442172731404,0.01241963917960884,-0.12053161237414421,0.01215921932223372,0.010301559572136848,-0.016143310873916083,0.043547218385505834,-0.04823710106373815,-0.09654238799886025,0.05589848341081567,0.00041693396803321454,3.044931189632213e-15,2.316292710663162e-14,1.7799733506925657e-14,-1.0626378777728727e-14,7.400742375990134e-15,18.0611111111111
-4.3526276212807335,-1.7495894567493395,-0.42026389136194414,0.5738714343363122,1.87624308657058,0.41931863888416226,-0.028410777852308403,0.5072994819303575,0.14101647454229366,-0.13235792196127513,0.6916243929118777,-0.869103736919179,0.623521296507524,-0.3937547932056793,-0.9719414684363886,1.3390896768995089,0.16117958113178274,-0.018422360700028208,-0.5369658431266553,0.8932836937136064,0.3745665326224027,-0.022841192850740873,0.17611515148581694,-0.2608694825317362,-0.17064671824115907,-0.17717290170102398,-0.09014524530008743,0.035147232289945374,-0.04352358278417313,-0.3775458818732872,0.1076294917857273,0.253885609966551,-0.15612316119228062,-0.04629576734941695,0.10177897420906087,0.18850871440946984,-0.11182342970265349,-0.01901669597240666,0.10574361386807878,0.03770833120727146,0.03948556117236082,-0.04531139193582815,0.00799625854716264,0.04062701384661599,0.009214511889287532,4.930873099169402e-15,-1.0489281981060193e-15,-9.241439181900673e-16,6.783965149217502e-15,9.449160799619811e-15,18.7555555555555
-3.8077818307629148,-1.867603254118755,-0.6176015247560153,1.271060218102932,0.2300749116214453,1.5596245729496485,0.9683273560135821,0.5782136393121095,1.0213843263041935,-0.09905188714401872,0.8547114317584144,-1.3439153830217514,-0.7243224201055819,-1.9917444329708052,0.5901977491191017,0.2425325842653668,-0.44048169159358547,0.9459314506264888,0.24488163841673372,-0.5568057036298512,-0.4970068279421475,-0.9757394235530806,0.30383646052792507,-0.6560062096728551,0.22291377512021823,0.3582349413209571,-0.019765636942395016,0.6871453682940082,-0.3673219358065778,-0.24314774032858316,-0.025144091063344864,0.4008528843037706,0.02648310288316669,-0.1554903984214746,-0.2914484544165823,0.12717222294332187,-0.103771701306738,0.21776378084671696,0.16000977999615779,0.11136747979885815,-0.014496922995829756,-0.07948578946041929,-0.04047777838176363,0.0296809824353067,0.04318404389360051,1.0013685639863515e-14,2.3851721677650147e-14,1.3902896199050354e-14,-3.957626179416252e-15,1.933127655447301e-14,30.1611111111111
-2.4340023201988528,-2.896280425534315,0.8750862706401746,-0.42169904570150246,-0.15491242944996156,-0.11405522170402253,1.2166229749978714,-0.371984247874685,-0.6449722730416473,-0.054664749411384606,-0.526689019864157,-0.5319382170328589,1.3008465914722047,0.45925623805328586,0.8708326613051918,0.20803508453185096,-0.38919848125497863,0.1937766554210607,-0.5847019852041685,-0.2545527738868377,-0.5821947516700472,-0.32159850837216014,-0.014391500714642678,0.031378328885650716,0.3786202355120761,0.26153295865592563,0.20963172367496236,1.1014932567846842,-0.32687049656623346,-0.1860136483724076,0.2832794507837363,0.07379273962704722,0.19973729163288248,-0.0923663632110219,-0.21665610314063807,0.06125125986159659,0.167415206371681,0.026129788029014615,-0.13064664603562318,-0.3102223980250421,-0.03135704258856232,0.023046383479718543,0.036275951973653395,0.07840377602680419,-0.05030795223939556,-2.0038164832753484e-14,1.6954474896113477e-14,-1.5208032023866236e-14,-6.318466884850981e-15,-2.7494422952058418e-14,32.9166666666666
-5.214251355593781,-0.8832016675053933,0.7014524954562655,0.7545175640309812,-0.6468726971249676,-0.4994839768025405,-0.2255688343991495,0.7370081536041942,-0.5599894239068463,-0.15959472191994964,0.02932938303288202,-0.04035731490484398,-0.06792459153213658,-0.19223287458988045,-0.2631111098228707,0.08842737880293453,-0.1641689712581299,-0.2863062315757658,-0.15414927216978083,0.5920657503989003,0.2555337278883481,-0.24176564634243924,0.6588761417371988,0.4034301462524079,-0.6050504277450671,-0.3345833228574503,-0.11643074325153582,-0.12656795895308123,-0.14917098335559248,0.31184926291539383,0.22185292258847114,0.02227216980695302,0.09205567263177328,0.02813185316961374,0.16296149067083493,0.13037084343216773,-0.1450826073007197,-0.09853268444018198,0.13959299594100658,0.2735510469512777,0.20601886581608905,-0.01491725030155072,0.057621449476954786,0.053009144415457225,-0.06728422604822261,-2.2338894856569032e-14,3.53425372837842e-14,-1.2146315137772257e-14,-1.8774046447434745e-14,-2.0359135516269078e-14,26.3777777777778
-2.030245646294536,-2.581620174949006,0.34667649627182956,-0.08158444125305377,-0.22697726785843791,0.22618069975148986,1.1255146909345108,-0.25468247325278115,0.8940889305354722,-0.05853395618507537,0.3236238637866825,-0.37932133952630936,-0.378417162425198,-0.9253046168103558,0.5853912826288465,0.3614799641944302,0.3791704770077434,-0.2838971121638769,-0.8624665878914192,0.289059881942332,-0.5697308352954767,0.27568658739764634,0.10102939281321986,-0.35833331528288254,0.04170551696546837,0.0960102281725555,0.2796335608989549,0.7462864077010861,-0.21478882373457356,-0.028380202766253342,0.14162402720711653,0.16673820547138618,0.16574102068273386,-0.08911736372103284,-0.2504788345391547,0.08923090162643915,0.007464384081481292,0.12110088030789508,0.07923433185518343,-0.21022076886609067,0.024621286037020063,0.00020390749679715392,0.10809568296224156,-0.01187722279268426,0.019834297681597928,-9.376781434139445e-16,-4.733409672270963e-15,-4.695035986250257e-15,9.171781427779019e-15,-1.4850982096823355e-15,36.7166666666667
-2.4457637942185007,-2.100157225923199,0.6188306128863796,0.15730295500945737,-0.6945865537480397,-0.4117347495459917,0.5508373210595959,0.13043534885217534,-0.4729536090515704,-0.6515006553577442,0.6739703037528434,-0.19388637699177277,-0.39032341034819346,-0.3257829776445804,-0.20991985577799777,0.32748097343061294,0.20410915379931566,0.346680903113211,0.17337041108927345,0.528863251089117,-0.21696127308143293,0.3481899669473905,0.26333200216342517,-0.17665643791318053,0.16559123459540118,-0.41984458015121223,0.28200411234984135,0.40804769906305277,-0.26566109009676353,-0.13676865012680017,0.09554676842574299,0.019854015193137328,0.11110425208719128,0.03526131532647018,-0.017075349735714097,-0.05857477169256274,-0.026093681028036143,0.053262007116685196,0.015607138734911933,-0.14754658521411587,0.009350661345317623,0.012254947290671798,0.035732410128302035,-0.06587724046720682,0.03646599096297347,1.1157960449950557e-14,-1.4938581351079366e-14,6.635158197124051e-15,8.009698850603637e-15,9.068336335906901e-15,24.8
-1.6960337000987729,-2.6772956895556974,2.1864018384495325,-0.008108760459893508,-1.4280292257335914,-1.855149444211893,0.22682224496995232,-0.6579359442956066,-1.5445328040825455,-0.9759403740234545,0.5211095317004734,0.5121043840619649,-0.8279154534193071,-0.4048769066273974,0.059421892828833894,0.29414044295270136,-0.41842538145738956,0.2208700988163408,0.4387902594352109,0.0953901576476289,0.4609849367470821,0.32195893947161847,0.778485962967219,0.10772074570460428,-0.0525859720562467,-0.4914525959694436,0.15390398336507533,0.09345676848952317,-0.18906848083752845,-0.29715866675591357,-0.22890923521479578,0.05901552400289282,-0.4659476865173217,0.1041639981473263,0.04304327187734872,-0.14353945197426046,0.06466152392473251,-0.034656592117193664,-0.03170250849641381,0.1377463346535507,0.01989793934514639,-0.03304815193007394,-0.002396714266470861,-0.04448674775728632,0.011730509817640636,1.121612655084889e-14,-4.236915181744919e-15,7.010905143634158e-15,-7.841718596467164e-17,9.606936283671831e-15,20.9055555555555
-2.612599499432304,-3.2819112208435337,0.732242919580601,1.3191554994819539,0.33486725762674174,0.6390541375897394,0.46643527176300126,-0.45622116639499405,1.5082877311570282,0.05977386973712564,0.5443668611705451,-1.0312917298029645,-0.6307987320567299,-1.1025859088997716,0.5647931198121623,0.9723614262779249,-0.42853573277643847,0.30075484935945684,0.5828045005041168,0.16935750275710185,0.40388565764124923,-0.21559658789911526,0.6393993740856067,-0.5214310190980203,-0.03615747888145182,0.10303234661918445,-0.030062941317081017,0.2822557676386003,-0.05599413908066367,-0.4388888960779472,-0.08093832239204961,0.2711504073022212,0.007056292366775745,-0.11645742881509027,-0.028872679699728794,0.08973490213626166,-0.09978806094378109,0.09421277460320207,0.08152538741501975,0.052404743842484065,-0.044412481152044804,-0.0015033009922331122,0.0356867497356566,0.0166980758566971,-0.02034013880593463,-9.885393273183808e-15,5.332888604312174e-15,-1.2417213997215795e-14,-1.3168453630365427e-15,-7.159863317858074e-15,27.4166666666667
-2.324402467547427,-3.0066170858380934,5.746931193495091,0.2129189902400834,-1.9308719473377922,0.5259724885827091,1.930597995442615,-0.7248187953324619,-0.09263984873401623,0.7875699383677777,-2.2167591766203283,0.6872229801510145,0.6085714659707684,0.4631090685314388,0.304357843190727,0.6096262822851327,0.3953107731994044,0.4209143208795145,-0.3355521518496436,0.4164912730220936,-0.06144945271602217,-1.3542487477334517,0.6750382730762473,0.5535341590582943,-0.3581646323682693,0.36100001610085414,-0.022347196693102974,-1.1085684556772533,0.25112745036496825,0.03672695875071401,0.28052072397104916,0.201360542748245,-0.46301480058044353,0.07712719487529605,-0.6635196182705608,0.3263988061266029,-0.10743292349536206,-0.1010888067192849,-0.012314488551244653,0.013297452567681564,0.17698827536829706,0.18703251146368335,0.050520099156769395,0.17713449832535277,0.00951362291674126,-3.042560530801399e-14,-1.2081640991865074e-14,-4.897810912938082e-14,5.526283865463456e-14,-2.6109135658021322e-14,17.4611111111111
-5.312197986145746,-0.3498515143497981,0.032125645520035835,0.8351546795758555,-1.14922164278437,-0.951347994043653,-0.1533145948980316,1.743072804424539,-0.7793413581070958,0.15664927979357626,0.25032468257059004,-1.1661767199264832,0.6030153705541845,-0.05700348109335829,0.1561118208849871,-0.6533338554650765,-0.6695571241108421,0.05157020044893055,-1.0452691223282156,-0.6514162333900045,-0.39269047409995506,-0.3214039737761748,-0.007505462408558396,0.3456831076621544,-0.30071248712572357,0.1461191437493941,0.004978275840336002,0.00684945893279732,0.0547753089238787,-0.006547170985506984,0.10147007372273652,0.0973293744760572,0.11717909209229127,-0.05309658476295843,0.18103439045587144,-0.018987117629810896,0.007130753873364112,-0.03346188129589709,-0.05076338046632399,0.002856370173944739,0.0223395560154928,-0.06415324607902034,-0.025109129045157854,0.03681994210055397,-0.019021732093480386,-1.4271995579339775e-15,2.884175019432757e-14,1.243256076693571e-14,-2.0153670494618874e-14,3.3775691329358933e-15,14.9555555555556
-3.6326505997080405,-2.6299325272222185,0.3425777956641555,0.4451166952789069,-0.5407123083096358,-0.42563624218022733,-0.8938872249369471,-0.43944292256260786,-0.07918815404336364,-0.1775106915373321,0.7739103681084838,-0.8583645343408981,1.4422221859822226,0.44710895672420864,0.8540622716976604,0.8878701770041127,-0.9614574143515205,0.29615853526248737,0.9551504674341678,0.5846302135052973,0.5698729200629286,-0.15887404964381177,0.2168896732510615,-0.14035864632020384,0.14900013529157,-0.39593845653115906,0.23809383970358253,0.4791952962885844,-0.00771928137282339,-0.32590155980781715,0.06197715986598568,0.11406388111108165,-0.13948351437497075,0.06796422725342856,-0.1865241286806745,-0.024114706976808876,-0.11379133367045875,0.0048972037123124704,0.046467967196926335,0.12237612604393226,0.0077376500544443505,-0.0358574648227364,0.012175705259354748,-0.014056014248218989,0.02578188759943107,9.03097197616394e-15,-7.995198120282047e-15,-8.830067148641963e-16,6.784253662776508e-15,1.3031576956772798e-14,23.5277777777778
-1.499637934659518,-2.733329890568393,1.3865365519755632,-0.8898252346617297,-1.0745184875036025,-0.4996004856988087,2.1952359244931214,-0.7469039137169915,-0.520714345657362,0.9575238606964592,-1.468024423851787,0.19565973564273417,0.35746069526814267,0.502047417478658,0.5795887803319982,0.5714693928631916,0.33289952484897684,-0.5220577613578063,-1.0364111373816567,-0.020622705532230893,-0.3694449072663004,0.6033576535523215,0.0250225631919422,-0.26828955506288554,-0.16796618084334086,-0.4244813258022226,0.3150415206064508,0.8050940718659099,-0.268337249912958,0.15741119635975848,0.15313286988545807,-0.015223186682802382,0.09304503207577274,-0.03194832337713995,-0.18748593197947133,-0.023092397091004423,0.05292649323644342,0.019646099778107638,0.050576674413642345,-0.13948082923846641,-0.035876550906909874,-0.07929494294106168,0.09144586696836529,-0.006555858064944398,-0.0036855319383283375,8.045444187558571e-16,1.3485821520128812e-14,2.292115946010792e-15,-9.327293827560318e-15,2.635390315766551e-15,29.6222222222222
-1.6242713103562614,-2.38616320428246,0.47939782792460794,0.4920834933541168,-0.36523636114115365,-0.1941340159631578,1.5343251121102206,0.3098341873576196,-0.58176707419545,0.024904060056846693,0.610102063650944,-0.09376953011801874,-0.8494774835585687,-0.3173961951338261,-0.8639032032533163,0.5852723638154909,0.19998203226833638,0.3563757707551564,0.5735249456571857,-0.15549695512754388,-0.6730011933676467,0.130769338388356,0.455287845773789,-0.32005125910562876,-0.36213960802694045,-0.29333258604106177,0.8620037200817509,0.4626048047193383,-0.2987134652317402,0.1335871899584197,0.05949935566459868,0.38955497853197235,0.1317714407496109,-0.03548431594732633,-0.14501105319417273,-0.10909593625404103,-0.30454390215041727,0.028116886081359874,0.001279754174735811,-0.15857331685994694,-0.035870756896191666,-0.01378176514777977,0.13470403056001246,-0.0920545836365584,0.05489123807382236,1.8212614087496622e-14,-1.7228664672774378e-14,3.6330506140437444e-15,9.499380332394142e-15,2.2072426348436905e-14,22.9388888888889
-2.851412106540576,-2.985597376104597,0.5800181903271897,0.3039884628264384,-0.6099677013206877,-0.1968572205721736,-0.10001844445263848,-0.23246588079944336,-0.8762014275368109,-0.5469780729447555,0.7514106790702316,-0.35063244984188924,-0.09498083695676002,-0.28501824686205074,-0.04690076654103587,-0.5712129886985611,-0.32120095689140116,0.6589361639832391,0.9942417299008457,0.09978826862548242,0.11009047678210598,0.1112359350269881,0.9151910557305604,0.3177647872677217,0.36451424141682764,-0.029766552575346595,0.38099292094704984,0.9334327255024354,-0.11866361712692315,-0.3342175762543507,-0.02676712441151429,0.08783899578456868,-0.002720697229396669,-0.15036264854734185,-0.1941038182175248,-0.062495346460742486,0.17784924311222797,0.04515385261338176,-0.09390127964705847,-0.07694763530370309,-0.05543964426670971,0.06981149183079201,-0.04734884317616906,-0.08069751526520406,-0.04247625449903181,-7.332954493264286e-15,1.145286866110301e-14,-2.8589102653573446e-15,-1.1882074697315531e-14,-1.485909940386219e-14,21.3277777777778
-4.856328043829496,-1.5030596495369133,-0.19149374044893672,0.38473492753619254,0.3659963229589402,0.5478367785240434,-0.054116823098849146,0.4669360127493618,0.1778442133837981,-0.428086827027251,0.6202744339822174,-0.8497133141975367,0.2519089561021781,-0.15616364793832105,-0.8549073154312669,0.741934523886616,0.1591698676218666,-0.2477223229867051,-0.8971468918597139,0.8815632543395441,-0.4440290176451981,0.06501776591688274,0.02447741229779184,-0.15402214850670112,0.17035331430626965,0.047829921420463065,-0.2343049282666196,0.16581146605853167,0.09112181138089062,-0.33954562790297055,0.15278789405804089,0.17204794435292092,-0.07191035408144976,0.12184994593905381,0.01352946264369607,0.03882019487859024,-0.05522333093973223,0.05657681463840272,0.09396328456634255,0.1624985109364792,-0.016705602338105068,-0.05433122082680396,-0.06997257287000945,0.052266425341910075,0.03616854445303861,1.0408679889240258e-14,-9.461560171128304e-15,9.746342621863095e-15,6.685770276273686e-15,1.904272532871243e-14,23.1
-6.440275968114231,0.4456140562724099,-2.1969423113870503,0.7605932104114799,0.21889916697187972,-0.22278195789540128,-1.1877477229022824,1.5168571611590072,-0.2635633532210463,-0.2100866447742544,0.7034484919588742,-0.8271471213731564,0.44354298963175176,-0.08160037837116883,-0.44935394145039614,0.04269941987732742,-0.33658687871348186,-0.4118500345459283,-1.1248008458443282,0.8147889653875076,0.18470589172507354,-0.06067433346022342,-0.5531834312520503,-0.03347321915499284,0.06804060519050614,-0.2246500127608491,-0.28513987617585673,0.3985675083259701,-0.16684506523673065,-0.20243630514340058,0.2590532436089376,0.18634912028284664,-0.11785675031535683,0.02476909117836613,-0.1658579129326101,0.04226348160116031,-0.04291820976637272,-0.17757405789382008,0.08722616783965272,-0.047652904562519825,0.1084972321958412,-0.0871431949404435,-0.13321557700544365,0.04758659260884945,-0.05104916145131226,3.349568207995077e-15,1.4508410992526633e-14,6.873405724941743e-15,-1.9081786830355695e-14,-3.947445247440662e-15,26.7055555555556
-3.9427680925794677,-1.0818213545859876,-0.8462772378638093,-0.0740473677745186,1.1087661266511624,0.16124598918117347,0.3607543537617026,1.0495688053056171,-0.029064768155899413,-0.6184308019152711,0.6022848496075869,-0.7589010056753023,-0.41964562460897514,-0.612445191818304,-1.0681310370588504,0.41841856768775876,0.9452130910496747,-0.7698319111270994,-1.637820541975692,0.4995420192767928,-0.6220086166251171,0.46704960705982373,0.32704240082579594,-0.20010946120142079,-0.17693926771526,-0.056176612382499616,0.07394498929862173,0.4916812429683389,-0.06549572814666561,-0.007963539159817705,0.20057709309029015,0.1323616009220375,0.11237135199971028,0.03189373220965252,-0.09200407722296833,0.06199326109854794,-0.003631362936516448,0.1211609598863306,-0.04775342719496421,-0.11869658662065788,0.0006484422527657496,0.01620866215800912,-0.0323983604385717,0.04796607221512788,0.012300288366024035,3.4382221362651472e-15,-3.2682745784529154e-14,-5.637844295867059e-15,1.3445601582644136e-14,-1.2521853405627634e-16,23.4444444444445
-1.9165571051474706,-2.0669621485861094,1.8251777759881855,-1.0920337816965409,-1.5800513411133268,-1.7588846973013046,1.9123929502311916,-0.8912959725142428,1.7329952637182582,0.8114116901215508,0.5587196588332619,2.5006518170526486,0.09363278400849376,0.2888754128671196,-0.5281778039813795,-0.8994513178595422,-0.3488788041554512,-0.4940915208892484,-0.8727508177392204,-0.3835598701904028,0.14446737680611507,0.7520324420113753,0.4844048716369676,-0.3425663733575908,0.07547348132799468,-0.18138783320593788,0.21801685187829525,0.9851535328990162,-0.22038214640038192,0.026301010750411153,0.14974783700368105,-0.08842779325780424,-0.01755550464532035,0.11038578767896262,-0.06494018466510362,0.03105195051938728,0.039578045912866656,-0.06100543417056121,0.1479200449095349,-0.08782537626818003,0.042871603935653174,-0.10212181044360366,0.08675598604472859,-0.013104465858290445,0.003451781527800505,6.01416040648357e-15,2.9662366310031165e-14,1.423471507054494e-14,-1.353443693485568e-14,6.78651128582594e-15,30.0388888888889
-3.0435835251737138,-1.8973119455893592,-0.16667970165370669,-0.1790322017763786,-0.372109165508728,-0.3110570746269321,0.6942514887831933,-0.2144183174866832,0.06427038963996923,-0.2598878640562979,0.5296149594745537,-0.3880640961472598,-0.7522720218211871,-0.5140993413904223,-0.13908755858654628,0.2220217590551173,0.6923071610757565,0.179330549286892,0.06973039019271261,0.3497441969893267,-0.5747103903047359,0.4904869316807552,0.2436717320646792,-0.10931758955078773,0.01694316813507064,-0.06437273858493939,0.3507206752165132,0.8217385917459332,-0.20168478130161288,-0.04086809890149748,0.1886366887088709,0.010396480982397639,0.029954776209872788,-0.059687319726658396,-0.26042309423284155,0.07035538520897189,0.04774392822714932,0.09230860786978101,0.04035239038209358,-0.19266572031607787,0.026637719689607188,-0.002739348782890868,0.06626494123044083,-0.04728957087367359,0.02392165867626422,6.404980565048764e-15,-6.629140159138117e-15,1.2043624077326695e-15,8.172018563433572e-15,3.5040229068020983e-15,30.7555555555556
-1.040578056759244,-2.9119562203800307,1.9348635017113147,-0.5417560864325731,-1.2649740647909806,-1.0688734541071285,0.21956908974239805,-0.2500428588120293,-0.27259962801211757,-0.6132672535820192,0.20727265775807843,0.5985938578479081,0.19078977794207194,0.1497795021776014,0.6281097204810897,-0.7421774442348108,0.28677361205362845,-0.1258742485020095,-0.7428004130050021,0.5996902472126153,0.0038393392684652914,0.13319095580151413,0.22681248357978456,0.0631704242054268,-0.029792737305268203,-0.19638190738128375,0.5685347715711416,0.8953425949149533,0.3290118178893552,-0.24712785271953694,0.015132538970620077,0.06507582823158213,-0.11911991184453569,0.04203091647018946,-0.04596758765381175,0.16794993824456417,-0.027519576302051613,0.0774012562375184,-0.1741808583644827,0.025116728074591844,-0.0715517719770833,0.017458908749884348,-0.06348367558812536,-0.056757561964425246,0.0007508081219559891,9.387354185037981e-15,4.8475539198174084e-15,1.0788820952284098e-14,-2.0992080167084984e-15,1.3656720539801746e-14,24.3055555555555
-4.36646209736462,-1.6193883618152705,1.410694598973182,0.8526728762308464,-1.0822512685477501,-0.26320004503725486,-0.04445475432893167,-0.1365611742350843,-0.02809406813797158,0.24450971181286524,-0.18228102233214732,-0.2488113835336746,-0.4305368136869248,-0.6065513842384016,-0.48710145299860796,-0.013358539450752358,0.3595509377668722,0.12885495770660021,-0.3161213260476902,0.1462364640823924,0.05587798238854057,-0.3747855980303485,0.8236038585249169,-0.02662549479005556,0.2198979529765874,0.0027833892787254223,-0.09833496024525452,0.03218225472509077,-0.26846177721709813,0.17987597349437487,0.050627618665298885,-0.041623333538263016,-0.09654167390504755,0.027735948798853615,0.025195536764933156,-0.03877307790300908,0.05758913957103872,-0.027453029407295958,-0.07021018087395578,0.10173586788122545,0.09303713344998368,0.04501801365130927,-0.047225655083833806,0.04162430075147099,-0.0009030693256181913,-3.808076963529684e-15,-7.72287579639418e-15,-4.7417926794288e-15,6.059183869700608e-15,-8.920376108538706e-15,16.9055555555555
-6.117005645652129,-0.9414945954556894,0.3646579919787704,1.6768207293805828,-1.3241032487072604,-1.0916803773438553,-0.8431512036227337,0.5472252818012245,-0.2706476976164339,0.2148374072364105,1.5050772168929054,-0.9800642780178893,-0.238805000442841,-0.4095371708877637,-0.8314460307999071,-0.21716766022926937,0.4251422645626541,0.7427894587197504,0.9506000044792042,0.33312964216064017,0.49248620160471235,0.12289108715591372,-0.020216898258821493,0.35252236589772784,-0.6202124560820089,-0.243068950613369,-0.05007700848280487,-0.5771044735274081,0.11273122494618389,0.18639139726210402,-0.3195295178211483,-0.18802986715482298,0.43849162490120147,-0.1591356333479983,0.2462227582519319,-0.18567787969465652,0.08527610197776676,0.03940862615718546,-0.13321742558715122,-0.06619833862020924,-0.06547579257864156,0.06020902744710252,-0.01861093619791771,-0.07682916447593033,0.0022188227116993484,-7.081019574365945e-17,-1.4922675586242893e-14,2.928789460134604e-15,-5.229991777812952e-15,-2.7134880556583732e-15,17.5222222222222
-5.048613543244611,-0.20592768446748622,0.25435588726517494,0.5042756370796245,-1.3799573621371397,-0.7132605747122515,-0.10562500802185407,1.2005034522216445,-0.28947033471728884,0.19183815447784944,0.5791111677233818,-0.7875117724996755,0.10660861631425678,-0.29085388492031644,-0.1316060997000178,-0.18327870505231142,0.17122883430800637,0.35355317149482846,-0.29194976852858195,0.09605510383797544,0.030844237148094315,0.24033597966633763,-0.1448029682940591,-0.011929008399804928,-0.3428502131207443,-0.2897660607595572,0.02760012502687726,0.06763560379157219,0.44149862944102947,-0.037024177016974844,-0.07179206746759778,-0.028446997042943803,-0.0717150894140995,-0.04465317277542108,0.10616354208337157,0.07478796178365445,0.010642250309687878,-0.08767463173522261,-0.015264750569121797,0.004222888361258029,0.08230664751966406,-0.08605937980658104,0.01660548640304174,-0.07256771332251288,0.011947553905251984,1.9801529989686793e-14,-2.797642303492169e-15,1.6848200285728775e-14,-7.552778889981021e-15,1.906542969947816e-14,17.45
-6.470949306223318,0.020146371697114033,-1.4157321040551014,0.5358967771170389,-0.8847536535053373,-0.36165541843339954,-0.42251554439319405,1.1647155013054264,-0.2902347452646708,0.7052486932057959,0.6962932351957682,-0.8040695542622888,0.09084806871358352,-0.22120478888690606,-0.19725586139054507,-0.9311041631704922,0.2781421906260747,0.2594710345883503,0.10645202408621668,-0.5479476685259697,0.9414745016141601,0.8614619361312273,0.17664432072198882,0.3423490477613925,-0.6631471717268829,-0.3229687918700849,0.04524409231165591,0.23401543766691268,-0.3297069288738573,-0.06410547953513276,0.10651811700752761,0.18335955401368642,0.36837752976098037,-0.11286626265288399,0.22119919238253277,-0.12584617687387703,0.08878616519191122,0.10535718428825017,-0.07255283777576836,-0.050224683805235176,-0.21836276608262842,-0.14367796541668665,0.008052516611182963,0.04654485489409888,0.07004511652994434,2.015411730564527e-14,1.2634539822319659e-14,2.818423041723844e-14,-1.0429346661790285e-14,4.0492853840225586e-14,9.72222222222222
-3.612297875456042,-2.4268699784702403,-0.12611879793865596,-0.13439519879961495,0.013984574411923249,0.45361704539674047,-0.6219956123154603,-0.019646343947315077,-0.085761031816248,-0.1800071376838614,0.22962023648712945,-0.4859584643030603,0.14539973690173652,0.02104062058220502,-0.4798042860989286,-0.2851703587134382,0.4183747215077567,-0.2793040935454178,-0.7903279337151881,1.434470820158284,0.35637886509258565,0.13052100902601804,0.2643608643263829,-0.06069821996429224,0.21950543262109976,-0.308470809014544,0.17611267974015105,0.7366159277787054,-0.12278997039370443,-0.14336144064929904,-0.09198911507808367,-0.07263244812910379,0.09189915372034353,0.021585212250777978,-0.11671238762410285,0.03949921994803831,0.10048131857550564,0.07673516845590844,-0.05507660308414735,-0.10630628676404864,-0.06401365671921315,0.07582006544417995,-0.06997173656253841,-0.02105247669382544,0.0002161016378084379,-2.899132317280993e-15,-5.385981485161662e-16,2.1387162375243096e-15,3.9065245153770276e-15,-4.527652203173784e-15,21.6833333333333
-4.75304399417733,-0.967847093109076,1.1966537692543064,0.8402900903522118,-1.0148044650537913,-0.5783351774224855,0.5554163184801346,0.997562862500353,-0.09748081669170464,-0.19073407940193662,1.0444202758554921,-1.159861329810057,0.4991667354191026,-0.4501730619871062,-0.1640436192457929,0.2093012973169305,-0.08268980711331007,1.0630455144739448,0.37087417407442763,-0.5107911757278392,-0.9621551317523613,-0.2568994555870816,-0.05489574848705994,-0.05467963440531216,-0.0559595173562321,0.17885572326062302,0.015670326978534918,-0.038104207545593,0.46050358655328893,-0.06806850980155096,-0.034068828497968606,-0.0530695531786759,0.058079308720728785,-0.18200365840027075,0.2552030247410571,0.03486344829861364,0.09095500656872124,0.00722855382180871,-0.015096040483632849,-0.06633859571562607,0.03995551749678445,-0.016082291954956963,-0.047328786824240736,-0.02581218946047307,-0.025972646637926464,1.572083030404694e-15,9.608073291162149e-16,5.504244972576833e-15,-1.1562107407038253e-14,-5.5639672587848616e-15,17.2444444444444
-0.738550244501851,-2.761990063576238,3.4184971141210765,-0.9090465406254014,-1.4258275869054824,-0.5911661943178874,2.115520666381409,-0.15739971278710788,-0.2596636083805607,0.12413367419388072,-0.7428629373712221,0.6601620704330248,-0.11184076817368481,0.1476273959548156,0.28483083239639245,-0.1465822056414505,0.5376960876571203,-0.31346009504579536,-1.15453234409001,0.14245255986955757,0.40095511315501325,0.1779628561428351,0.24172963390620625,0.10392848297503059,-0.2783426924261256,-0.26632760021984286,0.7681002571548582,0.8376214360797479,-0.052745516215671695,0.2556780222187037,0.20005543319678823,-0.09369471301237453,0.0023073956641862935,0.30801837653450925,-0.08572753632302657,-0.210647119560931,0.13754004984395687,-0.024254967166108796,-0.026743184867216514,-0.08294065303735072,-0.08004434735879558,0.1353902169920318,-0.053011575535736544,-0.007711264521313259,-0.00795185262547085,-1.194557482814643e-14,-7.53181927413307e-15,-5.257090767987395e-15,6.605074979806925e-15,-1.5053177601019068e-14,22.2444444444444
-3.8586222887223895,-1.3680767960916553,0.7935443793753736,-0.19195619285746468,-1.0702617975576418,-0.7609705965458791,-0.44598848994873275,0.2185975470140243,-0.3041878897522427,-0.3936938235948472,-0.15465780347559793,-0.6343951948181366,0.27738181583663624,0.24400598793566125,0.41318116484496126,-0.20064122066597093,0.4978401952798613,-0.21391944977717378,-0.7371534884672983,-0.4076286543298587,-0.5748781078988932,0.21303163779447343,0.6608236431474646,-0.15215666513163728,-0.2515092714393812,0.2302663318777269,0.009815248003743693,0.22474993808887453,-0.35303910221828816,-0.18303157419656393,0.10625965824737882,0.20353074433562482,-0.25493168776555025,0.09112041179072448,0.09520356469546724,-0.015982756838979994,-0.03292299527078848,0.046802235031942675,-0.006770037246472506,0.20228509839856754,-0.01876311262012658,-0.0659753689806436,-0.00350733329882534,0.05867860548826229,0.012291985310659951,2.08090002034986e-16,2.278151513468144e-14,9.9333139327989e-15,-6.725706263142728e-15,1.00042233183706e-14,30.2777777777778
-3.9362944841077536,-1.975736495609418,-0.2565324013139948,0.4848257858584608,0.6504776988150229,0.777224623041793,1.0666881021872394,0.3417859421307753,0.04154164350594475,-0.26704713845850325,0.6594511251405829,-0.9609018197628126,0.3459354573692597,-0.34844511295544933,-0.45308851891907576,0.8297579752063697,-0.34481429955970877,0.8081276139431528,0.09985115283206357,-0.0012692572558076598,-0.44309295057006776,-0.31003689306295423,0.2710762663166622,-0.08692032623588847,-0.008883207934036382,0.03532656766908504,0.10019844472567806,0.3601884058784862,-0.037739158795547255,-0.38206815693461244,0.03633873122972497,0.19187521310707953,-0.18516853655403534,-0.06796618259553101,-0.11424205702489681,-0.08181261606574723,-0.018087537602248186,0.04655151462968284,0.1874275672911223,-0.005283285117889937,0.016584020500278268,-0.003915632349894073,0.00010447586575885551,0.05707360116489058,0.0333871114334557,-1.0266192468311036e-15,-1.462174871649967e-14,-7.397452112099844e-15,1.7818264066006665e-14,4.986313437959218e-16,25.15
-1.4875326067628223,-2.5903233372351737,1.1636373558188167,-0.6315834469919349,-1.8187417705001772,-0.856742714984756,1.5580946815864785,-0.8739773626367245,-0.7268580783578236,0.7327291803829881,-1.149339247583157,0.5832373238088084,-0.598512750703318,0.31482538364112533,0.4475456626142909,-0.11295598050371457,0.47791520469148946,-0.37854554695154935,-0.6430889113658631,0.16856765710531435,-0.08996888204726888,0.6880668651978206,0.12320071827525521,-0.04441777608197526,-0.18365381638353384,-0.4526145784137875,0.5296823465080068,0.9159850813544612,-0.2172929430447754,0.13967339492356445,0.17203845705007675,0.083030200545591,0.10917651853505767,-0.051707289615359676,-0.09529698230788237,-0.029300347400987095,-0.048288093133218635,-0.031210067383898758,0.01914561676482581,-0.094297667228916,0.021368106669888705,-0.0033708870880351867,0.0775842466913254,-0.044233134950909435,0.004290409032634919,9.176492993585348e-16,4.65225224942787e-16,3.216101222645103e-16,-5.827944445415037e-16,1.8413958537910386e-15,29.9222222222222
-5.11890922932307,-0.4200650089381485,-0.10401483904524672,0.13706678530170077,-1.7791095212631411,-1.2819040050840358,-0.9802216268767294,0.49458686257400686,-0.5484516345086116,0.7544824413922864,0.16662084707812885,-0.4855457424765113,0.3930368495708006,-0.04406331426560218,0.5438423507109248,-0.7158555593962828,0.06650571757668189,0.42352275692384134,0.5090305583038655,-0.36554226455097266,0.4580210419898713,0.5520063431203308,0.27700192116047634,0.13342762645280667,-0.2668946151995715,-0.29644105468398696,0.1479768438146021,0.19180899170679036,-0.0991983809013958,-0.24408330961963096,0.09738182363029356,0.2901291327122675,-0.07020494842937632,0.10651050752860514,0.24491202464013412,-0.17806538116716242,-0.07748155964463298,-0.05165779817082123,0.0074816422903169226,0.14872513002718152,0.07815830320757804,-0.14220047557500168,-0.012672402138615991,0.04855500767604795,-0.019633478187041288,8.532865599072414e-15,-2.148216690664963e-15,7.756259440286976e-15,-1.8723477853609728e-14,7.9288942879487e-15,30.5722222222222
-5.258716078266141,-0.848368544311839,0.5199979367350306,0.7519307671048465,-1.77889314264206,-0.6428017722212431,-0.35845220693447327,0.7620274327229682,-0.1655777666395534,0.9264687860193301,-0.2689640638068088,-0.7709616907342196,1.1703778431803504,0.343717341868921,0.7084235233521087,-1.1762291434525272,-0.29059339534966927,0.9980889202458267,-0.41994551794134,-0.028287177989887894,-0.1265285732870655,-0.7488153216839097,-0.5968462115949861,0.2666094244807137,-0.13464578863221272,0.32424028371404595,-0.01933960630454514,0.060702254899766404,-0.09588456330987909,-0.1554793301525143,-0.01639581744728079,0.08807995683248848,0.27572815029137804,-0.09794605525059642,0.16390643842002786,-0.04326440398189033,-0.12028546590145908,-0.12280588040695258,-0.005902003886280414,-0.03808418659521572,-0.0002989479048347984,0.01704883562470562,0.0010375312770937093,-0.04835622264948142,-0.0001789312513542327,2.4593677525724103e-15,-8.60286979747433e-15,1.4889048983891382e-15,-3.783018013814073e-15,2.1009214651842136e-15,21.7333333333333
-5.998760896612029,-0.7918373856037156,-0.07909692399711746,0.7233883485189554,-1.7628050986190225,-0.506887843221602,-0.5694709226862429,0.6158844645437896,-0.24353217986225673,1.0640710577990584,0.2425231038504636,-0.5476392311248826,-0.39544062484476206,-0.44271079882531267,-0.2754384426010592,-1.2790774887445255,0.3374102998832984,0.7441933000789992,0.0720218750573437,0.5946244439694014,0.3446624521447304,0.21517289149200805,-0.3622282820624278,0.22469710454147576,-0.3390695064048795,-0.13078706961669456,-0.11579331999134933,-0.1466708929092079,0.06096906097606409,-0.08004246955299314,-0.13051443867071588,-0.06328279503419984,0.24629245843297792,-0.19678711626976658,0.17377263845284827,-0.0797528468218055,0.11464168309064446,0.06856011823435164,0.02253649276920046,0.010995618416725304,-0.012957657944782644,0.026178971291225327,-0.06383479983277346,0.09005728909072291,0.02156359179250939,-1.2250491759647964e-14,1.0080530806128369e-14,2.8757514731406536e-15,5.0054558147780814e-15,-4.462609746314472e-15,20.4888888888889
-4.287762316362119,-1.488681813178014,1.8489147191995672,0.79515505304203,-0.11201343071357857,0.20852596074287758,0.41856529887513444,1.0971343344573563,0.23574137420391456,-0.7354527772859722,0.33384630956026096,-0.060661266674578565,-0.3679747455169381,-0.3920231935631606,-0.776717078530058,-0.05350751978208706,0.6047360971736792,-0.5979274198484077,-1.233374061701692,1.1226025964968764,-0.854182874356433,-0.48214585354105044,-0.1091556109118765,0.06555548485277216,-0.7020023511407373,0.09599667353594743,-0.2048318914768915,-0.12456812087817468,0.5267064342715478,0.26044370678477174,-0.01013411096070842,-0.09358009111251035,0.025285775856281997,-0.026598565020618137,-0.14563641863367827,-0.12782433815008004,-0.039121660393341445,-0.0029462060991971586,0.1446325563262582,0.06116946781435037,0.041008459794187886,0.02937057518886921,-0.12351715178525445,-0.027298101519961197,-0.012458647549167983,-3.0324271398471574e-15,-6.404419717337113e-15,4.482420699690239e-15,-3.697415746028013e-15,-6.212579359288722e-15,14.6833333333333
-6.177440387259437,0.6276136982183027,-1.6154390874196554,0.5321292833383522,-0.8597047229147792,-0.6956937698132676,-0.9838827797532697,1.3270009446156763,0.0739347903677811,0.3185618785571542,0.5959112702771334,-0.546232047043766,0.11426873713690952,-0.19696618848963693,-0.193953453020532,-0.727540529476958,0.23627296266716907,0.17235135558666798,-0.8118304331012992,0.407700088012476,0.1654534666346435,0.1895088191206773,-0.601819716919486,-0.1068221132067356,-0.06856834984939916,-0.19555646162401677,-0.09854447285245047,0.2860066129405163,-0.30012778890397224,-0.1173218206023125,0.12149664079273519,0.1405460592537414,0.006447444191674227,-0.04441131608230672,0.03525637839097286,-0.050457362542842686,0.0343030011366854,-0.08601300767696597,-0.08808172238,-0.07773421751790703,-0.013283478497631276,-0.08534070208978606,-0.037588219483072144,0.03861032293261384,-0.030222025647430293,3.2095955576535525e-15,9.146477552079395e-15,5.203359059990717e-15,-1.6032129305248428e-14,-5.645529403896709e-17,18.2611111111111
-5.699560272511563,-0.9039441614137147,1.529077818741886,0.9920783768940427,-1.7645289213221982,-1.688530644005937,0.04224964718414363,0.9500861093599766,0.38257345257263525,0.7608972524153609,0.8030999245965736,-1.1326352684606424,0.7947426531860635,-0.3732688222918306,0.1931042889696539,-0.5894664525999093,-0.36840831885771597,0.8129631807885784,0.12339417328797721,-0.47030720610163124,-0.7802269772127449,-0.48286049661946495,-0.2567558968333819,0.18487634368093922,-0.08950941995650909,0.5561132655453266,-0.2689068650483911,-0.5048978463225505,0.008150507261261203,0.11369287500444389,-0.1310084553995375,-0.17340945268845676,0.06944150741132707,-0.1449822042417568,0.11610335487640322,0.038563915258329806,0.13794160847700807,0.0025592477368407145,-0.08720323496131495,-0.015432325705426735,-0.07553197168125854,0.06585240618487564,-0.013860732066635207,-0.022955147420431282,0.015892197861736068,-4.526805692570961e-15,1.533734386335195e-14,4.69322098422977e-15,1.236141845243487e-15,-5.072765793957828e-16,26.1111111111111
-1.8340280594469083,-2.3997295284777946,1.4017000637193155,-0.181028439998992,-1.8049266078283839,-0.6446951048848046,1.2389894979692293,-0.7782950021263253,-0.21868481514314242,0.23129825719056518,-0.3684842136985718,0.46039451236332696,-1.0680992052257294,-0.4707591607432003,0.25849834296258184,0.17038857845661906,0.3781207804555368,0.07432763486467565,-0.17967263182148166,0.9759297540244201,0.016954546481799348,0.10436120636476068,-0.1756955108602806,-0.2659371750640279,0.37107394298753144,-0.5022525330247937,0.248814790806533,0.7737631567395343,-0.1727024754019041,0.07824788876309569,0.14047669889093978,-0.16048947296391927,0.07268872094246105,-0.01908468218201729,-0.0657707688483112,0.03217589904712024,0.026721591813525482,-0.049075352751040496,0.02412693018072064,-0.16882834945780972,0.024360715808552456,-0.0191075768053153,0.057979204823202464,-0.09639302860709183,0.021643001779639737,1.3567284764688804e-14,-2.767023036038926e-15,1.0061828611724623e-14,5.72961260315726e-16,9.9121311798194e-15,32.7444444444445
-5.149674663515396,-1.6579868872569836,1.3110043229126436,0.4773994685183227,-1.7194895239825851,-1.2059883738547577,-0.7359666998852181,0.2219268069928377,2.059284196472566,1.2870622698945837,1.204502165079315,1.064733830896972,0.5272949389948461,0.12028280931576789,-0.6580085853140085,-2.298766835339439,0.18114025626264396,-0.18892594384454245,-0.45745918213388836,0.8760926234379659,1.1627052670253029,-0.013750910307731947,-0.117005934263241,0.36502734343010745,-0.28328729784510337,0.23322853545873964,-0.19017643567306508,-0.009483205584043518,0.3599174956343438,-0.12798801983121225,-0.1733636793840313,0.02575011685858619,0.04609548043528172,-0.13785293326326117,-0.021643739286412608,-0.1412616471442084,0.1403527225810781,-0.0030320436946672195,0.05441453019864492,0.07767334844258404,0.02521996609346603,0.01248865526386127,-0.10653567596101939,0.042984709531434975,-0.004739816229205117,-9.085609356188646e-15,1.5376530979844604e-14,7.07961607785845e-15,-4.746353549417941e-15,-6.264252969676793e-15,16.8388888888889
-6.261284362603312,-0.7850758134938997,0.11449115343536978,1.0820261487303806,-1.3783574127501677,-1.0109785861544136,-1.1813890202294686,0.929439138798549,0.23984277796344505,0.7611407911522045,0.21397272284334135,-1.0020020249028532,0.08526676138042287,0.3498669996696469,-0.16184925353635018,-1.2646210103618598,0.091828942259138,0.556139672839447,-0.09673797592359305,0.8689287043862534,0.9163687671422931,-0.13799851081614137,-0.31978071931340263,0.5942610137905153,-0.4314642601074558,-0.09069833595581314,-0.16775127018236577,-0.4354771256465729,-0.10237441162723918,0.0743550308108609,-0.1414953127010799,-0.08627789832247748,0.35015154452064595,-0.1868588458797299,-0.005227317647990866,-0.14191203081054304,0.07689070069211121,-0.037734514562599436,-0.04641745881087415,-0.02693475395837929,0.03133516862924326,0.021705534142922464,0.01894249659210312,-0.025440755270920202,-0.0675273921025966,-2.2882737476976954e-14,3.563928657425074e-14,-7.0106890234701294e-15,-2.5663627767598783e-14,-2.4811399630702616e-14,18.7611111111111
-4.297699934340107,-1.674289019023244,-0.9907964879113111,0.47716206804963296,0.9131736674015337,-0.07013585228256851,0.31295857232233837,0.07463626842829792,-0.0782610727419208,0.02900438602566886,0.7224018801924644,-0.6424226377748297,0.0033850047010917225,-0.5151155693955779,-0.6060707253841378,0.888359338434823,-0.2175285973868468,-0.00438521806111446,-0.15913906782891798,0.6174853247629906,0.6811097734233645,0.16508451302586527,0.25039225299948464,-0.021736760127487428,-0.05723471194389874,-0.36960476932260017,-0.006874103468877408,0.5585037474734758,-0.12092158168817856,-0.09342933727678399,-0.05555023961744336,0.08358058104939953,-0.03177085345957206,0.01876509428446876,-0.12535142265126012,-0.11710047765862597,0.005369708989373285,0.06819827066139571,0.059556780979183696,-0.10077707570908974,0.01275051259218911,0.0629817985055583,-0.016800463612733813,0.043166407642923336,-0.03153810729478655,-1.645690633279413e-14,-2.5436485036898303e-15,-1.6039152607126505e-14,3.4390284184243585e-15,-2.54675382338352e-14,22.6722222222222
-5.5608223997185195,-0.8170293641264837,0.9212346949090902,0.33063285018009775,-2.4378221916107576,-1.587507653310501,-0.588306456337133,0.37753253322828373,-0.3897061854745826,0.9771977360422408,0.22220216447217467,-0.7453385443776317,-0.3551058431485624,-0.47564288610477934,0.1385520171219646,-1.1549081608183356,1.0114944223566038,0.409911659465319,0.05419128854174719,0.08351851277176807,-0.32233178274837715,0.14239435832197692,-0.004666229828753811,0.2530402323610022,-0.7931333587994921,0.34339788314126446,-0.30023243706607466,-0.7193131269523213,-0.0740371447066045,0.02415183500196711,-0.24383224409115248,-0.06848729942787372,0.21544203300291448,-0.24465324740883784,0.13789113146005536,-0.02523264177593597,0.07230442386160853,0.0483959476934618,0.0015582458352932866,0.16561719552395376,-0.0011066360207770427,-0.0650925110850828,0.053287510610872946,-0.01406650548157202,-0.014613420028836487,-8.640375178180665e-15,2.897115811903417e-14,5.383355776617652e-15,-1.924913661054164e-14,3.8532768872173843e-16,12.8444444444444
